scene,frame_idx,gt_index,category,center_x,center_y,center_z,length,width,height,yaw,speed,below_ground,free_frac,free_m3
scene-0757,0,0,vehicle.truck,-28.83933820340721,2.6569129797405844,1.5505201977940408,8.702,2.749,3.078,-0.04932134119505667,7.573878352290285,-0.07771661709268973,0.00524588362927258,0.3820000000000001
scene-0757,0,4,vehicle.car,-0.7056099849350211,17.994732526160753,1.2082774614283593,4.512,2.06,1.723,-0.4590632302692707,0.0,0.01754654202966377,0.08695922813569873,1.3970000000000005
scene-0757,0,5,vehicle.car,-11.489958317777623,-0.0957532502741879,1.0274310942503107,4.795,2.09,2.0,-0.002486106823770304,5.647698977452867,-0.04344984439634203,0.08794642857142858,1.7730000000000004
scene-0757,0,6,vehicle.car,-20.215674844432705,19.55616756778514,1.4946754170454764,4.204,2.003,1.563,1.0751053211707429,0.0425324070926272,-0.15834492550266022,0.023214285714285715,0.31200000000000006
scene-0757,0,7,vehicle.bus.rigid,41.04075885537084,-23.545819770553006,1.5304086973207522,13.818,3.132,3.606,1.1648305063600626,3.041272405459753,0.09592575816936,0.0022466365383616437,0.3460000000000001
scene-0757,0,8,vehicle.construction,15.586523504350952,-5.637923569924087,1.0885644234049239,4.549,2.111,2.347,2.883495475490063,0.05937979566803736,-0.20529344590782306,0.07122153209109731,1.5480000000000005
scene-0757,0,9,vehicle.car,-17.731893663181317,26.66543920857376,1.5419700376730816,3.885,1.874,1.555,-0.4486084591732625,0.02506689667079078,-0.06952583477314878,0.017796896086369772,0.21100000000000008
scene-0757,0,10,vehicle.car,-16.17178502763056,8.584799236259824,1.2360268454924388,5.567,2.094,1.996,-0.08581961155569379,0.018978942031982474,-0.030292156375960833,0.04668367346938775,1.0980000000000003
scene-0757,1,0,vehicle.truck,-27.683608938392137,1.6743399936643173,1.5992098703427144,8.702,2.749,3.078,-0.028916419899081773,7.573809715205354,-0.1450153887314627,0.008706518903033549,0.6340000000000001
scene-0757,1,4,vehicle.car,-3.7935422347686734,17.94657982648054,1.2754171592897479,4.512,2.06,1.723,-0.42991737456690965,0.0,0.024400348215669054,0.05303454715219421,0.8520000000000002
scene-0757,1,5,vehicle.car,-11.222289590683602,-0.40900861134096916,1.0194194575388564,4.795,2.09,2.0,0.02044348058130616,5.647647796066457,-0.03808736406160729,0.08998015873015873,1.8140000000000003
scene-0757,1,6,vehicle.car,-23.322307236080928,18.926356974255963,1.5427956629491266,4.204,2.003,1.563,1.104257828524594,0.043943583291411965,-0.19662545783285468,0.01904761904761905,0.25600000000000006
scene-0757,1,7,vehicle.bus.rigid,39.6703223503784,-20.931655987739077,1.4307532398748732,13.818,3.132,3.606,1.1939866850062082,3.041244844405457,0.4753922700833939,0.0029154329645213234,0.44900000000000007
scene-0757,1,8,vehicle.construction,13.173310586784819,-5.2286206437473215,1.036648450090678,4.549,2.111,2.347,2.909649349443666,0.05937925754791937,-0.1223412446520642,0.09408787669657234,2.0450000000000004
scene-0757,1,9,vehicle.car,-21.053260247335484,26.11333636236809,1.6534936200950159,3.885,1.874,1.555,-0.4194630323478718,0.024193279692558977,-0.09384299391245976,0.010964912280701754,0.13000000000000003
scene-0757,1,10,vehicle.car,-18.978131360830062,8.099093239979373,1.2675430638523673,5.567,2.094,1.996,-0.05668662843753073,0.020253903738256963,-0.06979964396673188,0.04494047619047619,1.0570000000000004
scene-0757,2,0,vehicle.truck,-26.496373471265247,0.9791610810457423,1.4351656097837862,8.702,2.749,3.078,-0.014681243397912234,6.43651573668754,-0.03178641242470115,0.009242093409687032,0.6730000000000002
scene-0757,2,4,vehicle.car,-6.7732414826259,17.832741627861843,1.3922434628622715,4.512,2.06,1.723,-0.406933714233702,0.0,0.044946329770785165,0.0637410519763461,1.0240000000000002
scene-0757,2,5,vehicle.car,-10.951135814761345,-0.5800181601539167,0.9200041820486544,4.795,2.09,2.0,0.03720687177663479,5.64820943897436,0.05805619757571234,0.09657738095238096,1.9470000000000005
scene-0757,2,6,vehicle.car,-26.300752372279405,18.34821482652273,1.482392428064473,4.204,2.003,1.563,1.127428332204627,0.045352110807346094,-0.07160566201222685,0.017410714285714286,0.23400000000000007
scene-0757,2,7,vehicle.bus.rigid,38.066864732221106,-18.592335272699966,1.54805562349563,13.818,3.132,3.606,1.217169385835035,3.0408231141615,0.22239094213242172,0.003454366006960677,0.5320000000000001
scene-0757,2,8,vehicle.construction,10.720192669070505,-4.969880846402048,1.0473436564574423,4.549,2.111,2.347,2.929629422792495,0.05884190839384048,-0.11209225801326661,0.1347135955831608,2.928000000000001
scene-0757,2,9,vehicle.car,-24.208665887934234,25.592705305786605,1.715760887532913,3.885,1.874,1.555,-0.39648080742732,0.024191560450436248,-0.04298791733332796,0.010374493927125507,0.12300000000000004
scene-0757,2,10,vehicle.car,-21.724263117968718,7.6488764928550905,1.1675014518672928,5.567,2.094,1.996,-0.03372472333198313,0.020252464439273216,0.038980247360993925,0.011011904761904763,0.2590000000000001
scene-0757,3,0,vehicle.car,39.89205224443525,5.3942392244000885,1.402331368420167,5.335,2.38,1.975,-1.9002393874145243,5.09919271119995,-0.29449701139692785,0.006918238993710692,0.17600000000000005
scene-0757,3,1,vehicle.truck,-26.400916098092917,0.6591223753182615,1.5973999771427276,8.702,2.749,3.078,-0.0024094058884279487,5.299252115740224,-0.03127429073563848,0.0058501215342149715,0.4260000000000001
scene-0757,3,5,vehicle.car,-9.537941012576962,17.76633436050214,1.4054224804103632,4.512,2.06,1.723,-0.3945388207516512,0.0,0.05096114032861998,0.01904761904761905,0.3060000000000001
scene-0757,3,6,vehicle.car,-10.669731477048986,-0.5560168180805634,0.97899706697952,4.795,2.09,2.0,0.04338832567938321,5.4864402111863,0.07164491676796225,0.09057539682539682,1.8260000000000003
scene-0757,3,7,vehicle.car,-29.049294564102563,18.030244993859572,1.5827209997745648,4.204,2.003,1.563,1.1396765429534965,0.044152585763546796,-0.024057017383207424,0.006994047619047619,0.09400000000000003
scene-0757,3,8,vehicle.bus.rigid,36.22259174137235,-16.657495051534635,1.347158548815464,13.818,3.132,3.606,1.2294140684505985,3.040297100434672,0.8770311765835532,0.009376136304607553,1.4440000000000004
scene-0757,3,9,vehicle.construction,8.22775884319397,-4.847473925607168,0.9604635679691981,4.549,2.111,2.347,2.93904223571347,0.058945941101368644,-0.01930172824561105,0.15113871635610765,3.2850000000000006
scene-0757,3,10,vehicle.car,-27.053407736580315,25.309140600431032,1.8300416830142046,3.885,1.874,1.555,-0.38408549266808534,0.02441752018113095,-0.09020693093137977,0.0068319838056680165,0.08100000000000003
scene-0757,3,11,vehicle.car,-24.362944440837893,7.408010820291837,1.282423340664936,5.567,2.094,1.996,-0.02133534811370286,0.01900506949216941,0.004416416777538457,0.012457482993197279,0.2930000000000001
scene-0757,4,0,vehicle.car,37.21280622008138,3.5946722718273874,1.4796204654232978,5.335,2.38,1.975,-1.8981424100394466,5.098602377228191,-0.31509805300397864,0.004363207547169811,0.11100000000000002
scene-0757,4,1,vehicle.truck,-26.29499327544933,0.6471406968327459,1.4310318877257107,8.702,2.749,3.078,-0.00028492529571851554,5.297921867323142,-0.140588665560603,0.002224694104560623,0.16200000000000003
scene-0757,4,5,vehicle.car,-11.580136210728531,17.790953716159212,1.1170020751117438,4.512,2.06,1.723,-0.39241935675049944,0.0,0.0548192559124262,0.055897914721444134,0.8980000000000002
scene-0757,4,6,vehicle.car,-10.563565427853728,-0.5018740251695755,0.9082269102080988,4.795,2.09,2.0,0.036054745701707205,5.285238253513097,0.005075734879143368,0.09290674603174603,1.8730000000000004
scene-0757,4,7,vehicle.car,-31.07754875586849,18.008983636686526,1.147596165626428,4.204,2.003,1.563,1.1418017797616864,0.04336823899711092,0.03992596581659569,0.01369047619047619,0.18400000000000005
scene-0757,4,8,vehicle.bus.rigid,34.62174590360858,-15.383854362241808,1.748193055845517,13.818,3.132,3.606,1.2315143431919802,3.436660319009008,0.08432644250271903,0.006525635031946393,1.0050000000000003
scene-0757,4,9,vehicle.construction,6.22666023805062,-4.813955031078208,1.035578731900658,4.549,2.111,2.347,2.938830032334301,0.05970954887344341,-0.006255304461922018,0.20598113641591903,4.477000000000001
scene-0757,4,10,vehicle.car,-29.102201893886285,25.30111708901767,1.287669318833973,3.885,1.874,1.555,-0.38196311570436564,0.024807462237155742,0.056333907923076576,0.0021929824561403508,0.026000000000000006
scene-0757,4,11,vehicle.car,-26.383110380891953,7.409602849474906,1.0260960782315909,5.567,2.094,1.996,-0.01912184548129337,0.02009526599378315,-0.11515955467488159,0.007355442176870748,0.17300000000000004
scene-0757,5,0,vehicle.car,34.327292834553,1.7141370850101287,1.2655279369923935,5.335,2.38,1.975,-1.9066130201776643,6.0600558286304125,-0.4022636713359222,0.005581761006289308,0.14200000000000002
scene-0757,5,2,vehicle.truck,-26.034643749235737,0.4968380820945293,1.557056652847053,8.702,2.749,3.078,0.006944780811315546,5.297717641415689,-0.15872449368548547,0.0027465359315563247,0.20000000000000007
scene-0757,5,6,vehicle.car,-13.83671517497659,17.73500275119082,1.117171055906712,4.512,2.06,1.723,-0.3850595790639537,0.0,0.008887736207545793,0.01705571117335823,0.2740000000000001
scene-0757,5,7,vehicle.car,-10.303503448555315,-0.49244591546524774,0.9449618787474416,4.795,2.09,2.0,0.03258330797241969,4.983566014090227,0.05628323247959388,0.10004960317460318,2.0170000000000003
scene-0757,5,8,vehicle.car,-33.31718715431833,17.801698056579404,1.2114907162122772,4.204,2.003,1.563,1.1490475114894698,0.04478626892162778,0.06987806416224973,0.013988095238095239,0.18800000000000006
scene-0757,5,9,vehicle.bus.rigid,33.18996496881448,-13.493963064184683,1.6112274855496533,13.818,3.132,3.606,1.2387624474293828,3.788056637821153,0.016538971531187663,0.0028505012726611607,0.4390000000000001
scene-0757,5,10,vehicle.construction,4.128407093037389,-4.766789832435413,0.9940352821825629,4.549,2.111,2.347,2.943487443549136,0.059068507197511694,0.02084982903016752,0.27941108810674026,6.073000000000001
scene-0757,5,11,vehicle.car,-31.399587390152465,25.115870141362482,1.2861891676699677,3.885,1.874,1.555,-0.3746036078209249,0.024566603716625803,0.0735088561261138,0.0,0.0
scene-0757,5,12,vehicle.car,-28.563953259935452,7.255720275279082,1.1219855118392874,5.567,2.094,1.996,-0.011785495300887698,0.019984667217399343,0.014459388673407902,0.009991496598639456,0.23500000000000007
scene-0757,6,0,vehicle.car,31.12839158143578,-0.7194450447681708,1.2924086447752265,5.335,2.38,1.975,-1.8705542438591836,6.931670169114019,-0.3582315709388999,0.0007468553459119497,0.019000000000000006
scene-0757,6,2,vehicle.truck,-25.576746267412634,-0.051586046749981976,1.4273712390661335,8.702,2.749,3.078,0.032150753232224716,5.298291556510605,0.002549973666658323,0.0022384267842184046,0.16300000000000003
scene-0757,6,6,vehicle.car,-16.449513353244193,17.399787745096084,0.7388735209939767,4.512,2.06,1.723,-0.35976356894728284,0.0,0.10746889117977132,0.021226268285091814,0.3410000000000001
scene-0757,6,7,vehicle.car,-10.116777645332293,-0.6207544273216964,0.880916704042368,4.795,2.09,2.0,0.04597392832802573,4.7101693914127845,0.09453476724166388,0.10575396825396825,2.1320000000000006
scene-0757,6,8,vehicle.car,-35.906598597984626,16.969009882209267,0.7721933611787555,4.204,2.003,1.563,1.1740825872320657,0.04479553599107049,0.1161225059472325,0.003050595238095238,0.04100000000000001
scene-0757,6,9,vehicle.bus.rigid,31.9376985769999,-10.83967024416892,1.8997710574622098,13.818,3.132,3.606,1.2637814541553463,3.9704670159861504,-0.1866364215965215,0.014473274115630357,2.2290000000000005
scene-0757,6,10,vehicle.construction,2.067565106212863,-4.6720950943768305,1.0394616892511093,4.549,2.111,2.347,2.965832482122321,0.05897208795817173,0.08517033259327778,0.31741430871865656,6.899000000000003
scene-0757,6,11,vehicle.car,-34.18085013897487,24.33733556387076,0.7233476326663657,3.885,1.874,1.555,-0.3493057062294531,0.024245080923941727,0.2798976578514413,0.001349527665317139,0.016000000000000004
scene-0757,6,12,vehicle.car,-30.911296032726685,6.565764919034321,0.8675480553530117,5.567,2.094,1.996,0.013537243665223483,0.02029727020896249,0.007013496933136354,0.023171768707482995,0.5450000000000002
scene-0757,7,0,vehicle.car,28.259988998441123,-3.1258363938292595,0.8163005531363936,5.335,2.38,1.975,-1.8289768472110715,6.930736154793363,-0.29513510470919324,0.013797169811320755,0.3510000000000001
scene-0757,7,2,vehicle.truck,-24.921805484287123,-0.6848254197230809,1.6974356285625443,8.702,2.749,3.078,0.06221134776218118,5.299012072743423,-0.15203036442336892,0.00203243658935168,0.14800000000000002
scene-0757,7,5,vehicle.car,-18.977215148526117,16.88796184606732,1.1616096761751087,4.512,2.06,1.723,-0.32953142621261977,0.0,0.1474562072229474,0.014565826330532213,0.23400000000000007
scene-0757,7,6,vehicle.car,-9.754458323750242,-0.7457180514663929,0.9575537466696331,4.795,2.09,2.0,0.06419520189127617,4.5113834425005,0.081858215362685,0.10942460317460317,2.2060000000000004
scene-0757,7,8,vehicle.car,-38.391798202933145,15.852235469347768,1.4266694733889709,4.204,2.003,1.563,1.204569081766312,0.04399102404055089,0.02938237120789189,0.008110119047619048,0.10900000000000003
scene-0757,7,9,vehicle.bus.rigid,30.93094947126414,-7.914952365872691,1.4971627704282986,13.818,3.132,3.606,1.250679437705336,4.153686533424444,-0.18389125100576753,0.005798400083112566,0.8930000000000002
scene-0757,7,10,vehicle.construction,0.19812293244656864,-4.639252728566206,0.9218178120763949,4.549,2.111,2.347,2.9930442741018903,0.05860244084890695,0.07252887965124333,0.2986887508626639,6.492000000000002
scene-0757,7,11,vehicle.car,-36.89779359357649,23.278676547707423,1.4525371534538591,3.885,1.874,1.555,-0.31907632236526723,0.024219398348043472,0.19133364370342842,0.0,0.0
scene-0757,7,12,vehicle.car,-33.10182187680298,5.627444560723559,1.3107412891615133,5.567,2.094,1.996,0.04371402770517374,0.020275769510209443,-0.1054323113191824,0.0018282312925170068,0.04300000000000001
scene-0757,8,0,vehicle.car,25.692089646116376,-6.045319928743454,0.9989541511042042,5.335,2.38,1.975,-1.8032604018486862,7.288434802905907,-0.15595506234001344,0.05695754716981132,1.4490000000000003
scene-0757,8,2,vehicle.truck,-24.06693231085846,-0.8220370372906145,1.3930286632822577,8.702,2.749,3.078,0.07696429174345337,5.299254794897219,-0.041705852990013836,0.0012222084895425645,0.08900000000000002
scene-0757,8,5,vehicle.car,-21.011634297023033,16.637046240834497,0.8505601073757005,4.512,2.06,1.723,-0.31497082773722146,0.0,0.3678168023571181,0.01549953314659197,0.24900000000000008
scene-0757,8,6,vehicle.car,-9.383318477119795,-0.7040555591366682,0.8339301456214678,4.795,2.09,2.0,0.07294033183301,4.3115675625684515,0.10879414561374068,0.09791666666666667,1.9740000000000004
scene-0757,8,8,vehicle.car,-40.39163757072032,15.309227599083924,0.9171616546643346,4.204,2.003,1.563,1.2192436687140131,0.043966766320298466,0.08326473038071691,0.0026041666666666665,0.035
scene-0757,8,9,vehicle.bus.rigid,29.975571174567474,-5.493006643855457,1.9833895378890405,13.818,3.132,3.606,1.2217432312978234,4.174531477748101,-0.12985991262225016,0.006213962911017609,0.9570000000000002
scene-0757,8,10,vehicle.construction,-1.5283611088499063,-4.636244356588826,0.8935372245149388,4.549,2.111,2.347,3.004660553540683,0.058028951724025495,0.12144444622232775,0.2815734989648033,6.120000000000002
scene-0757,8,11,vehicle.car,-39.014410288133,22.76393681108524,0.9202562628362898,3.885,1.874,1.555,-0.3045137057924662,0.024206043182917567,0.6328402366067644,0.00033738191632928474,0.004000000000000001
scene-0757,8,12,vehicle.car,-34.97313630860321,5.1810115075913785,0.8939049037113412,5.567,2.094,1.996,0.05835403254010356,0.00949439127207677,-0.037008335293792105,0.007610544217687074,0.17900000000000005
scene-0757,9,0,vehicle.car,23.4762003892493,-21.710781088452986,0.41421340933989254,4.887,2.381,1.518,1.2609090244427494,4.551719919313107,0.5272487464790467,0.0035714285714285713,0.06300000000000001
scene-0757,9,1,vehicle.car,28.70974172943449,11.372424011157571,1.2664641809308035,4.978,2.121,1.597,-1.849557904567308,5.7910957521964415,-0.07889262698526212,0.028333333333333332,0.4760000000000001
scene-0757,9,2,vehicle.car,23.06967787080919,-9.653437068731813,0.9396576329231752,5.335,2.38,1.975,-1.8049790426560626,7.646383126707845,-0.10810694239144447,0.029638364779874214,0.7540000000000001
scene-0757,9,4,vehicle.truck,-23.14399570811527,-0.6429850798768102,1.3820977951509692,8.702,2.749,3.078,0.07993486686208238,5.29784064293496,0.04610472510030483,0.0025268130570318187,0.18400000000000005
scene-0757,9,6,vehicle.car,-22.77461896626788,16.61388598562097,0.6243862066353936,4.512,2.06,1.723,-0.3121173349697619,0.0,0.4943274753008705,0.002427637721755369,0.039000000000000014
scene-0757,9,7,vehicle.car,-8.952836819761876,-0.5331282193897263,0.8280897846388438,4.795,2.09,2.0,0.06989645044392327,3.8292248719637114,0.1231146680248163,0.09642857142857143,1.9440000000000004
scene-0757,9,9,vehicle.car,-42.13247057582201,15.22577336855349,0.7273348580154018,4.204,2.003,1.563,1.2218973369881083,0.0446740872844521,0.04134489442385869,0.002232142857142857,0.030000000000000006
scene-0757,9,10,vehicle.bus.rigid,29.4624370000085,-3.6096679443764987,2.024808077575311,13.818,3.132,3.606,1.1545691887130445,4.072896309546571,-0.06858098673973956,0.007642460131941198,1.1770000000000003
scene-0757,9,11,vehicle.construction,-3.2397613661344544,-4.635179892684286,0.8982818837734879,4.549,2.111,2.347,3.004541000819688,0.05881220408458977,0.15281333226235494,0.21992178513917646,4.780000000000002
scene-0757,9,12,vehicle.car,-40.78127155374471,22.692429409149934,0.6327791910164831,3.885,1.874,1.555,-0.3016591178158617,0.02417934817496461,0.7809742255217554,0.0,0.0
scene-0757,9,13,vehicle.car,-36.707338210646185,5.122440868409244,0.821468868077925,5.567,2.094,1.996,0.06121667961191165,0.0,0.07296914940960098,0.0012755102040816326,0.030000000000000006
scene-0757,10,0,vehicle.car,22.733606383130187,-19.434786703144418,0.4603277945196727,4.887,2.381,1.518,1.265063637851247,4.551288724816921,0.09612784412740677,0.0029478458049886623,0.05200000000000001
scene-0757,10,1,vehicle.car,26.291554867941045,8.724759928047916,1.2596156682791158,4.978,2.121,1.597,-1.8570433030460585,5.790557888465416,-0.13792444275039872,0.05797619047619047,0.9740000000000002
scene-0757,10,2,vehicle.car,20.683444002891086,-13.269862310677498,0.7914115449805047,5.335,2.38,1.975,-1.8051906362457733,8.08619273417975,-0.05308451563308492,0.00664308176100629,0.16900000000000004
scene-0757,10,4,vehicle.truck,-22.021192012847756,-0.5194966653287626,1.3564395736448858,8.702,2.749,3.078,0.08411590133034165,5.297486586781995,-0.03318661713529569,0.00482017055988135,0.3510000000000001
scene-0757,10,6,vehicle.car,-24.364438156636844,16.52538442398968,0.6237751479952052,4.512,2.06,1.723,-0.30806151951163235,0.0,0.5383965486676977,0.003236850295673825,0.05200000000000002
scene-0757,10,7,vehicle.car,-8.797553963581526,-0.48044064908648915,0.8043522892453218,4.795,2.09,2.0,0.05058410401674895,3.3485415861413723,0.12839353997926473,0.0904265873015873,1.8230000000000004
scene-0757,10,9,vehicle.car,-43.696305053694985,15.047033146451692,0.7121141237038591,4.204,2.003,1.563,1.226051988298506,0.04458424942825572,-0.00023570901336456007,0.001636904761904762,0.022000000000000006
scene-0757,10,10,vehicle.bus.rigid,29.090918429510612,-1.9038657314173797,2.0838888275607275,13.818,3.132,3.606,1.0277970521697595,3.8851959915168255,0.0059138517395807,0.01635629317957509,2.519000000000001
scene-0757,10,11,vehicle.construction,-4.746383505174034,-4.672536975929411,0.8445057871734305,4.549,2.111,2.347,3.0056120035795058,0.05881185364620902,0.15934230216391843,0.17147458017023234,3.727000000000001
scene-0757,10,12,vehicle.car,-42.38570794480502,22.527792051250042,0.6719093173976867,3.885,1.874,1.555,-0.297603245768604,0.024179204099976877,0.7796550208095582,8.434547908232118e-05,0.0010000000000000002
scene-0757,10,13,vehicle.car,-38.25038930634576,4.975791336423844,0.7973671395987354,5.567,2.094,1.996,0.06528712602701525,0.0,-0.036252657434352464,0.0009778911564625851,0.02300000000000001
scene-0757,11,0,vehicle.car,22.09349206408613,-17.202994703841362,0.852610223954304,4.887,2.381,1.518,1.2670070217248273,4.550367164129575,-0.16335691196261237,0.009807256235827665,0.17300000000000004
scene-0757,11,1,vehicle.car,24.067390551837025,6.029613072503976,1.27324863227854,4.978,2.121,1.597,-1.8667294684597975,5.789583180157436,-0.23657411929617145,0.05517857142857143,0.9270000000000003
scene-0757,11,2,vehicle.car,18.35143405427691,-17.355749396019856,0.9257050612544435,5.335,2.38,1.975,-1.807623897202433,8.527243308129814,-0.10718369275087292,0.010573899371069182,0.269
scene-0757,11,4,vehicle.truck,-20.74563980141705,-0.3185197195207351,1.243489379046864,8.702,2.749,3.078,0.0864617662590212,5.298571960186007,0.016817958237224095,0.006701547672997432,0.4880000000000001
scene-0757,11,6,vehicle.car,-25.75616316253277,16.49245630412265,0.28658720003247384,4.512,2.06,1.723,-0.3058805293501509,0.0,0.35039602078318477,0.004232804232804233,0.06800000000000002
scene-0757,11,7,vehicle.car,-8.48433476963483,-0.4512666378617108,0.7507184654741235,4.795,2.09,2.0,0.02945983468496374,3.349449892281741,0.1426234110922866,0.11066468253968254,2.2310000000000003
scene-0757,11,9,vehicle.car,-45.065595174405864,14.968104124019618,0.2846353119762566,4.204,2.003,1.563,1.2280056636124168,0.043942713486467125,0.24211163483541942,0.006547619047619048,0.08800000000000002
scene-0757,11,10,vehicle.bus.rigid,29.053356163284043,-0.39438948489499775,2.3113796760295124,13.818,3.132,3.606,0.8990611663690401,4.11329146585114,-0.18759349791748248,0.01355124409121604,2.0870000000000006
scene-0757,11,11,vehicle.construction,-6.102518324754525,-4.692385243665965,0.8217705196174268,4.549,2.111,2.347,3.0048433011357765,0.05884492538144613,0.2300770709482547,0.1494824016563147,3.2490000000000014
scene-0757,11,12,vehicle.car,-43.777828654706845,22.458771188822503,0.21099894175708922,3.885,1.874,1.555,-0.29541960551838725,0.0241928008187266,0.4015212576609787,0.0,0.0
scene-0757,11,13,vehicle.car,-39.62163862863272,4.917917719720213,0.5165951502423001,5.567,2.094,1.996,0.06752347594989984,0.0,0.19887352870896335,0.0,0.0
scene-0757,12,0,vehicle.car,21.555211924897772,-15.003160287763222,0.9535986091080562,4.887,2.381,1.518,1.267182836605604,4.76343991331343,-0.1266840263191119,0.035430839002267574,0.6250000000000001
scene-0757,12,1,vehicle.car,22.003453113601676,3.2910253438881942,1.16861933235487,4.978,2.121,1.597,-1.8781775536730336,6.029455951873217,-0.2456645881946946,0.03422619047619048,0.5750000000000002
scene-0757,12,2,vehicle.car,16.135739970237267,-21.472722376972065,0.8703153183441384,5.335,2.38,1.975,-1.811804602081292,8.527365974315888,0.11439858174512552,0.006721698113207547,0.17100000000000004
scene-0757,12,4,vehicle.truck,-19.327962480034195,-0.07438444631659863,1.2914320765954783,8.702,2.749,3.078,0.0868508964964026,4.03741949948259,0.04422459159070935,0.015105947623559785,1.1000000000000003
scene-0757,12,6,vehicle.car,-26.982091213141082,16.510757610401576,0.23366542203133633,4.512,2.06,1.723,-0.305567315754528,0.0,0.43483619849974586,0.00771864301276066,0.12400000000000003
scene-0757,12,7,vehicle.car,-8.032174671709722,-0.39870968647440136,0.7630913457175492,4.795,2.09,2.0,0.006390261753730994,2.9758958626919103,0.17591576517617713,0.12286706349206349,2.4770000000000003
scene-0757,12,9,vehicle.car,-46.27201119515874,14.973392954802845,0.27806140238313604,4.204,2.003,1.563,1.2281802209010586,0.044699656781265674,0.31374636858434746,0.006696428571428571,0.09000000000000001
scene-0757,12,10,vehicle.bus.rigid,29.7057267059601,0.7977982841003824,2.349246850583751,13.818,3.132,3.606,0.7422628960042971,4.292844196137169,-0.1695637644269059,0.011356552906342528,1.7490000000000006
scene-0757,12,11,vehicle.construction,-7.328502321443542,-4.697987612104732,0.8158979897939723,4.549,2.111,2.347,3.002161011020323,0.03635520223512327,0.2307698975360829,0.111709224752703,2.4280000000000004
scene-0757,12,12,vehicle.truck,18.106434962387617,-28.093057970526974,1.121661447464244,7.127,2.645,2.455,1.267182836605604,4.6683431775404,0.6107685123097735,0.0038353196099674973,0.17700000000000005
scene-0757,12,13,vehicle.car,-44.99463066251138,22.472997516634923,0.20360073517283883,3.885,1.874,1.555,-0.2951067948191865,0.023330482483916875,0.44836154152431995,0.0,0.0
scene-0757,12,14,vehicle.car,-40.84623389515074,4.935432071596827,0.5596337695319114,5.567,2.094,1.996,0.06780580360697513,0.0,0.23973235104494717,0.0,0.0
scene-0757,13,0,vehicle.car,21.212572512853644,-12.539603618767051,1.0344716605206474,4.887,2.381,1.518,1.2785772995305393,4.977899225853787,-0.1875440508385643,0.04773242630385487,0.8420000000000002
scene-0757,13,1,vehicle.car,20.068459960763928,0.3476367373977279,1.027878437547853,4.978,2.121,1.597,-1.837715482726458,6.269160754442276,-0.16681689575212233,0.03267857142857143,0.5490000000000002
scene-0757,13,3,vehicle.truck,-19.037208005043368,0.0547920286730944,1.3637428813410724,8.702,2.749,3.078,0.1037455358726028,2.7765786811539037,-0.018116010112854353,0.01836059270245403,1.3370000000000004
scene-0757,13,5,vehicle.car,-28.11683978757472,16.454646619526027,0.2178100331655468,4.512,2.06,1.723,-0.30273015922542945,0.0,0.4515513396629368,0.01045751633986928,0.16800000000000004
scene-0757,13,6,vehicle.car,-7.819694649853373,-0.42999430884833567,0.7822539879934423,4.795,2.09,2.0,-0.007637252316396405,2.6026097608416086,0.17478501061037854,0.11433531746031746,2.305
scene-0757,13,8,vehicle.car,-47.38217304094212,14.857270495001533,0.3412002819538493,4.204,2.003,1.563,1.2308476764277125,0.044699070485938214,0.181095658206902,0.006919642857142857,0.09300000000000001
scene-0757,13,9,vehicle.bus.rigid,30.526888027186935,1.7708239520359248,2.3375385199915772,13.818,3.132,3.606,0.605384437773457,4.410307733410209,-0.034626377237976236,0.006129551711599397,0.9440000000000002
scene-0757,13,10,vehicle.construction,-8.390824856840197,-4.704635014706961,0.8424712818856733,4.549,2.111,2.347,3.000611801967863,0.03112054101108903,0.26323495394034213,0.09560616517138257,2.0780000000000007
scene-0757,13,11,vehicle.truck,17.736899538165012,-25.78067856618948,1.251157169404692,7.127,2.645,2.455,1.2873001191314848,4.6682536831627095,0.3353217279284533,0.019393282773564464,0.8950000000000002
scene-0757,13,12,vehicle.car,-41.94887384401493,4.844109532489624,0.6310646907681925,5.567,2.094,1.996,0.07058177284808433,0.0,0.09115844613366297,0.0003826530612244898,0.009000000000000003
scene-0757,14,0,vehicle.car,21.063830879256468,-9.881613719895693,1.2221609278273358,4.887,2.381,1.518,1.2987024185945386,5.812275198835033,-0.213975082571484,0.09472789115646259,1.6710000000000005
scene-0757,14,1,vehicle.car,18.403901806259977,-2.4642875877838857,1.0204671586634233,4.978,2.121,1.597,-1.7885190524341887,6.996521354606335,-0.0925789604069307,0.06607142857142857,1.1100000000000003
scene-0757,14,3,vehicle.truck,-18.631627648610195,0.03192786156919324,1.3569258156413757,8.702,2.749,3.078,0.12954278938499422,2.7770542401203056,-0.009980310856791741,0.019500405114049903,1.4200000000000002
scene-0757,14,4,vehicle.car,-29.273485016694927,16.140592671315634,0.030554900483548142,4.512,2.06,1.723,-0.2909950006750304,0.0,0.7832010935979491,0.010146280734516028,0.16300000000000003
scene-0757,14,5,vehicle.car,-7.483812081772276,-0.517877377397737,0.7724531584789941,4.795,2.09,2.0,-0.012745796996756188,2.4707886880902774,0.21794042984042672,0.1326388888888889,2.6740000000000004
scene-0757,14,6,vehicle.bicycle,16.340399595634587,-32.55539442452249,1.073852238283308,2.072,0.933,1.839,1.295248120375679,3.9862251051954765,0.5307077859781666,0.013815402704291593,0.047000000000000014
scene-0757,14,8,vehicle.car,-48.49999892655713,14.314109458315638,0.15831618766998323,4.204,2.003,1.563,1.2422498044261325,0.04391546307457508,0.4230504141547772,0.01800595238095238,0.24200000000000005
scene-0757,14,9,vehicle.bus.rigid,31.727909826700444,2.888450872418743,2.409898066591624,13.818,3.132,3.606,0.4818627975569488,4.626004646823665,-0.19805869181096902,0.005707495714508337,0.8790000000000002
scene-0757,14,10,vehicle.construction,-9.29256382394075,-4.790494951042073,0.8561263596139572,4.549,2.111,2.347,3.0079739921384347,0.031101153072864717,0.2770618046798088,0.08957902001380262,1.9470000000000005
scene-0757,14,11,vehicle.truck,17.679723158854536,-23.30427297619412,1.5225730214921203,7.127,2.645,2.455,1.3161486794620083,5.01264427790402,0.15403823153102736,0.013954496208017335,0.6440000000000001
scene-0757,14,12,vehicle.car,-42.9718007503807,4.375659201487646,0.5150954155872356,5.567,2.094,1.996,0.08226869302510967,0.0,0.24094979584712872,0.0005527210884353742,0.013000000000000005
scene-0757,15,0,vehicle.car,21.201805414691943,-6.310665710414267,1.259553991057153,4.887,2.381,1.518,1.3283002285337409,6.645927003973504,-0.06832602188753623,0.0883219954648526,1.5580000000000003
scene-0757,15,1,vehicle.car,16.96322527917878,-5.974928590274899,1.0697435040070171,4.978,2.121,1.597,-1.7463026469685836,7.722572713829248,-0.06685394676462364,0.11214285714285714,1.8840000000000006
scene-0757,15,3,vehicle.truck,-18.055015427237716,-0.031035790638219513,1.3899781272108298,8.702,2.749,3.078,0.15899935658291592,2.879733015864355,-0.062411239832137255,0.021944822093135034,1.5980000000000003
scene-0757,15,4,vehicle.car,-30.315559217284886,15.704579533175316,-0.11519407333722098,4.512,2.06,1.723,-0.27553178924585187,0.0,0.611975725549364,0.008403361344537815,0.13500000000000004
scene-0757,15,5,vehicle.car,-7.105372309309669,-0.611408816247577,0.7797611648477862,4.795,2.09,2.0,0.0032737503986733593,2.3393840652384705,0.21946020477635164,0.12514880952380952,2.5230000000000006
scene-0757,15,6,vehicle.bicycle,16.552411214997942,-30.35853174656354,1.3627706722031998,2.072,0.933,1.839,1.3161143290418582,3.9860195039562822,0.0690353623617721,0.00823045267489712,0.02800000000000001
scene-0757,15,8,vehicle.car,-49.49219862409803,13.58189854367064,0.05967009639927934,4.204,2.003,1.563,1.2572897290089102,0.02192471812535391,0.1888891582470219,0.008705357142857143,0.11700000000000003
scene-0757,15,9,vehicle.bus.rigid,33.15096237472668,3.8712600103001584,2.418347140117051,13.818,3.132,3.606,0.36186062651454054,4.626212195185311,-0.15813904313600258,0.006097085865669316,0.9390000000000003
scene-0757,15,10,vehicle.construction,-10.00571151075399,-4.91865752175666,0.8997115940073879,4.549,2.111,2.347,3.019032461244095,0.031102776460304103,0.22201019380293774,0.0797331492983667,1.7330000000000005
scene-0757,15,11,vehicle.truck,17.86842923051876,-20.40473013621194,1.7415583232492107,7.127,2.645,2.455,1.331201804752789,5.356973870840037,-0.0006047204583781163,0.01856988082340195,0.8570000000000003
scene-0757,15,12,vehicle.car,-43.83407478740283,3.7391048539223,0.48592944195191135,5.567,2.094,1.996,0.0976155301500008,0.0,0.050239107585747345,0.0,0.0
scene-0757,16,0,vehicle.car,21.47489413781999,-2.8334675648059657,1.3162568829967742,4.887,2.381,1.518,1.353950246492639,6.645604972624372,-0.08360902032396844,0.07908163265306123,1.3950000000000005
scene-0757,16,1,vehicle.car,15.848639744684482,-9.589636539672501,1.1845895492533427,4.978,2.121,1.597,-1.7342177940346712,7.721718255045028,-0.10560463447367963,0.09863095238095237,1.6570000000000003
scene-0757,16,3,vehicle.truck,-17.144859861037023,0.07529699378683768,1.3179333195132452,8.702,2.749,3.078,0.1962865544132204,2.983972370454436,-0.014240714971466728,0.02107966327469479,1.5350000000000001
scene-0757,16,4,vehicle.car,14.50639396142371,-30.813477472735187,1.2229732094538237,4.588,1.97,2.0,1.3248786019032794,5.3661884604934755,0.5497191728818391,0.003315217391304348,0.06100000000000002
scene-0757,16,5,vehicle.car,-31.03517944799395,15.364066100210206,-0.25214406159744507,4.512,2.06,1.723,-0.26431225058661967,0.0,0.7663219254337337,0.00392156862745098,0.06300000000000001
scene-0757,16,6,vehicle.car,-6.4772742069615115,-0.6720907192599077,0.7569895439447147,4.795,2.09,2.0,0.015172235953417275,1.902449258582536,0.24215593220281773,0.1501984126984127,3.0280000000000005
scene-0757,16,7,vehicle.bicycle,16.84366111792008,-28.239218677259544,1.4334581093386276,2.072,0.933,1.839,1.3330487852367996,3.9863082307161046,0.22854958681310578,0.010875955320399765,0.03700000000000001
scene-0757,16,9,vehicle.car,-50.18716843190766,13.02557500719812,-0.1585739384185585,4.204,2.003,1.563,1.2684273545819094,0.0,0.5535908651840004,0.008928571428571428,0.12000000000000002
scene-0757,16,10,vehicle.bus.rigid,34.858008403031825,4.435145826051808,2.6444548872586093,13.818,3.132,3.606,0.23813076364630106,5.187948135519269,-0.043885612356265646,0.004233546309282635,0.6520000000000001
scene-0757,16,11,vehicle.construction,-10.484251489024775,-5.0339883362694176,0.8549856650719576,4.549,2.111,2.347,3.0259176333386795,0.031088112822269098,0.2866504741420812,0.08884288014722798,1.9310000000000007
scene-0757,16,12,vehicle.truck,18.153651118077363,-17.59075405191066,1.834929555623205,7.127,2.645,2.455,1.342325093167015,5.323347996446436,0.1151383006885931,0.026435536294691225,1.2200000000000004
scene-0757,16,13,vehicle.car,-44.42025153520928,3.246973543491279,0.2883577348427606,5.567,2.094,1.996,0.10888903822606479,0.0,0.09047410281135315,0.0,0.0
scene-0757,17,0,vehicle.car,21.90833806123457,0.5751324769722066,1.304455889572528,4.887,2.381,1.518,1.3495929629234356,6.992292545299901,-0.10712592469635307,0.04325396825396825,0.7630000000000001
scene-0757,17,1,vehicle.car,14.993555193562898,-13.291689539152085,1.2726114852678239,4.978,2.121,1.597,-1.725973278044636,7.582419805371163,-0.1077571091901719,0.024345238095238097,0.40900000000000014
scene-0757,17,3,vehicle.truck,-16.01228514469772,0.309243764474644,1.3135038878158667,8.702,2.749,3.078,0.2297087805731373,3.4024478366112496,-0.043922127409372624,0.02942913250662602,2.1430000000000007
scene-0757,17,4,vehicle.car,15.015951392240463,-28.080400861669677,1.3463734641192089,4.588,1.97,2.0,1.3321462919080151,5.366417648599454,0.38737777327321665,0.001467391304347826,0.027000000000000007
scene-0757,17,5,vehicle.car,-31.464886532698785,15.137027733297085,-0.31032458757219095,4.512,2.06,1.723,-0.2569314661975314,0.0,0.6030542981511093,0.003734827264239029,0.06000000000000002
scene-0757,17,6,vehicle.car,-6.057325644994936,-0.7007466126462192,0.7737356066063574,4.795,2.09,2.0,0.023183972210158985,1.466949164479685,0.2058691070123979,0.14270833333333333,2.8770000000000002
scene-0757,17,7,vehicle.bicycle,17.217138331829965,-26.17367200763691,1.4984758447042028,2.072,0.933,1.839,1.346138450768322,4.438771769572105,0.22438223329872686,0.003527336860670194,0.012000000000000004
scene-0757,17,9,vehicle.car,-50.599483337359615,12.659054889240318,-0.2208723255491729,4.204,2.003,1.563,1.2756949347893205,0.0,0.3065125953054899,0.0035714285714285713,0.04800000000000001
scene-0757,17,10,vehicle.bus.rigid,37.354816432902155,5.05461387418398,2.7565706665921423,13.818,3.132,3.606,0.1734365178642807,5.734960964365297,-0.3892117765355323,0.0023440340761518882,0.3610000000000001
scene-0757,17,12,vehicle.construction,-10.751867503092452,-5.112698613594118,0.8605876871893624,4.549,2.111,2.347,3.0289238439938373,0.031086150322597147,0.25778631634018623,0.0797331492983667,1.7330000000000005
scene-0757,17,13,vehicle.truck,18.505282433625144,-14.857225150349533,1.8935471030876565,7.127,2.645,2.455,1.3539607128722149,5.28943523429087,-0.060576445739023654,0.03768147345612134,1.7390000000000003
scene-0757,17,14,vehicle.car,-44.76139758027955,2.92348681076193,0.24327192173869294,5.567,2.094,1.996,0.11625335320105451,0.0,0.2566413575562747,0.0,0.0
scene-0757,18,0,vehicle.car,22.628507224163723,4.222468584582218,1.2381534368650922,4.887,2.381,1.518,1.3444585723572606,7.341833212740511,-0.3048615728275784,0.02947845804988662,0.5200000000000001
scene-0757,18,1,vehicle.car,14.301970831127496,-16.913418604152856,1.1827779864898895,4.978,2.121,1.597,-1.7311067681440986,7.442270412572313,0.014232767618539421,0.0025,0.04200000000000001
scene-0757,18,3,vehicle.truck,-14.307388499867331,0.754872970392275,1.3508509077986497,8.702,2.749,3.078,0.25925295103314455,3.8225620312767625,-0.019520151015164355,0.04213186119007402,3.0680000000000005
scene-0757,18,5,vehicle.car,15.571040590746158,-25.405501275296217,1.3770119991880019,4.588,1.97,2.0,1.3357351121082743,5.365325241471856,0.2766505631822984,0.008804347826086956,0.16200000000000006
scene-0757,18,6,vehicle.car,-31.657985101653946,15.027398319762478,-0.2711067715677562,4.512,2.06,1.723,-0.2533850696096866,0.0,0.7086784511598889,0.004855275443510738,0.07800000000000003
scene-0757,18,7,vehicle.car,-5.46022934639859,-0.7018184690112259,0.8050542757426227,4.795,2.09,2.0,0.027360837678809473,1.0875465807860012,0.1920020892704999,0.14246031746031745,2.8720000000000003
scene-0757,18,8,vehicle.bicycle,17.801616335827905,-23.746698102725123,1.4625039878247135,2.072,0.933,1.839,1.3322852759369406,4.892132497172133,0.18616025491973232,0.0,0.0
scene-0757,18,10,vehicle.car,-50.783624039617344,12.48152575649007,-0.16060742208747003,4.204,2.003,1.563,1.2792811647445246,0.0,0.5297028252818975,0.002380952380952381,0.03200000000000001
scene-0757,18,11,vehicle.bus.rigid,40.06239175292981,5.350616201120637,2.8308311170471656,13.818,3.132,3.606,0.1050698782823812,6.0115304990339204,-0.38880811108479385,0.0003830969819749623,0.05900000000000001
scene-0757,18,13,vehicle.construction,-10.857486308765,-5.153654278945454,0.8786966791180819,4.549,2.111,2.347,3.0281028163427672,0.03112060038396648,0.2505827690335065,0.08281573498964803,1.8000000000000005
scene-0757,18,14,vehicle.truck,18.953553732094452,-12.19826275314795,1.8869085256411733,7.127,2.645,2.455,1.3619089281765338,5.975921200362274,-0.12337388199111832,0.044832069339111595,2.069000000000001
scene-0757,18,15,vehicle.car,-44.91034635453208,2.7663607964280317,0.28853067767832674,5.567,2.094,1.996,0.11978997309933273,0.0,0.3969152013042172,0.0,0.0
scene-0757,18,16,vehicle.car,20.545658856207854,16.0884391657417,1.2310229977821465,5.637,2.56,2.229,-1.7572817579255717,7.622292346172116,-0.038759485051548026,0.017170329670329672,0.5500000000000003
scene-0757,19,0,vehicle.car,23.452137800565175,7.783297278432003,1.180984779742431,4.887,2.381,1.518,1.3353208802502818,7.426380841518241,-0.12100158920593207,0.022165532879818595,0.3910000000000001
scene-0757,19,1,vehicle.car,13.653216366731876,-20.59325095259263,1.0989834023383147,4.978,2.121,1.597,-1.7402439802928675,7.441802281111386,0.06834706989259653,0.00029761904761904765,0.005000000000000002
scene-0757,19,3,vehicle.truck,-12.515391756505691,1.3119044999983513,1.3825984411636258,8.702,2.749,3.078,0.2848007095544714,4.405368370833846,-0.06885692564639112,0.0470756258668754,3.4280000000000004
scene-0757,19,5,vehicle.car,16.11432024034222,-22.791847834378395,1.4167214622269233,4.588,1.97,2.0,1.3353208802502818,5.365103595811535,0.1243244419326226,0.0009239130434782609,0.017000000000000005
scene-0757,19,6,vehicle.car,-31.69210252305522,15.04438494375185,-0.2354046608217084,4.512,2.06,1.723,-0.25383571639890157,0.0,0.7176434055574261,0.007656395891690009,0.12300000000000003
scene-0757,19,7,vehicle.car,-5.145643053778511,-0.730450888557453,0.7872140901029064,4.795,2.09,2.0,0.010101397697432131,0.7101951343384334,0.18859162462354162,0.14990079365079365,3.0220000000000002
scene-0757,19,8,vehicle.bicycle,18.382068073555157,-21.388476016983088,1.433612498262772,2.072,0.933,1.839,1.3144291232654326,4.892935243174588,0.12077519704972794,0.0,0.0
scene-0757,19,10,vehicle.car,-50.81886815143441,12.507114106716275,-0.10600490586776656,4.204,2.003,1.563,1.2788648412005668,0.0,0.5660057667972557,0.0,0.0
scene-0757,19,11,vehicle.bus.rigid,43.15383684785989,5.587805423182657,2.988752509114602,13.818,3.132,3.606,0.09805677714724002,6.664608726092528,-0.28800678062186513,0.0002792062749987014,0.04300000000000001
scene-0757,19,13,vehicle.construction,-10.885145139515329,-5.150862910281395,0.8986383514687646,4.549,2.111,2.347,3.023286167665777,0.03040432376856241,0.24598105237034673,0.06804692891649414,1.4790000000000005
scene-0757,19,14,vehicle.truck,19.58639026320583,-8.943103791322368,1.8229506909263387,7.127,2.645,2.455,1.3658541122222259,6.662608281698909,-0.1780310487163319,0.06322860238353196,2.918000000000001
scene-0757,19,15,vehicle.car,-44.94936217026404,2.7889667362327275,0.3295318004705541,5.567,2.094,1.996,0.11933173225687084,0.0,0.23200323418597057,0.0,0.0
scene-0757,19,16,vehicle.car,19.769738553628056,12.344480778200596,1.278523836511072,5.637,2.56,2.229,-1.7664141780812588,7.6228554718430175,-0.04671101774543174,0.028908591408591408,0.9260000000000003
scene-0757,20,0,vehicle.car,24.345585916477653,11.442499235081666,1.1168152820760207,4.887,2.381,1.518,1.3355276819253568,7.50933714802687,-0.0042923257047132735,0.0,0.0
scene-0757,20,2,vehicle.truck,-10.076315830128367,1.9077391811471927,1.346196756692707,8.702,2.749,3.078,0.2535762764418312,4.986234569343917,0.09555795243185794,0.07612024334308354,5.543000000000001
scene-0757,20,4,vehicle.car,16.72654637527913,-20.16556835695674,1.4615957437957805,4.588,1.97,2.0,1.3355276819253568,5.366517102251199,0.0910938085113484,0.005326086956521739,0.09800000000000003
scene-0757,20,5,vehicle.car,-31.683010778264155,15.040174669623237,-0.197320512150841,4.512,2.06,1.723,-0.25365641905560454,0.0,0.9265360347977452,0.0014939309056956115,0.024000000000000004
scene-0757,20,6,vehicle.car,-4.778040198511074,-0.7636875774453662,0.7713642551005114,4.795,2.09,2.0,-0.006551034690966388,0.35850393477108855,0.22336866125462163,0.15763888888888888,3.1780000000000004
scene-0757,20,7,vehicle.bicycle,19.029475919649318,-19.016604715534,1.4100490236700414,2.072,0.933,1.839,1.2971728529258315,4.892941074195077,0.15532702632538098,0.026455026455026454,0.09000000000000002
scene-0757,20,9,vehicle.car,-50.809291873768466,12.499699029393927,-0.045884132253911414,4.204,2.003,1.563,1.2790689664396706,0.0,0.6935384155390524,0.0,0.0
scene-0757,20,10,vehicle.bus.rigid,46.67213621572373,5.977179157288603,3.0262335658749464,13.818,3.132,3.606,0.09747798622590124,7.045239039991562,-0.3872679324826125,0.0,0.0
scene-0757,20,12,vehicle.construction,-10.857854120762784,-5.156571174956586,0.9230394657026746,4.549,2.111,2.347,3.0190930298311804,0.030404360001993633,0.25567042728553036,0.07849091327352196,1.7060000000000004
scene-0757,20,13,vehicle.truck,20.28004912936385,-5.673899518063907,1.7615581423998656,7.127,2.645,2.455,1.3704261328677567,6.629290941618974,-0.09051446983822009,0.0789599133261105,3.644000000000001
scene-0757,20,14,vehicle.car,-44.93750558297283,2.7823105388654703,0.3776163746743628,5.567,2.094,1.996,0.11949864527019895,0.0,0.39339995890565427,0.0,0.0
scene-0757,20,15,vehicle.car,19.037071489613684,8.606755412634746,1.3210909615665838,5.637,2.56,2.229,-1.774935714051424,7.650529737644455,-0.03345469748081409,0.04077172827172827,1.3060000000000005
scene-0757,21,0,vehicle.car,25.225503316464003,15.095936344998172,1.0793867177476895,4.887,2.381,1.518,1.335665091362945,7.509276295012558,-0.11144498987102625,0.010770975056689343,0.19000000000000006
scene-0757,21,2,vehicle.truck,-7.623184741694486,2.3667923435779907,1.3030624851058557,8.702,2.749,3.078,0.19622483484319095,4.986249079046773,0.10892903208030913,0.1022260673725264,7.444000000000002
scene-0757,21,4,vehicle.car,17.324196378223157,-17.542683186897833,1.5237893728270606,4.588,1.97,2.0,1.335665091362945,5.956813120270549,-0.0017735628142432347,0.021032608695652173,0.3870000000000001
scene-0757,21,5,vehicle.car,-31.68379159176775,15.036811489173232,-0.19341032001192127,4.512,2.06,1.723,-0.25352449475312355,0.0,0.9585574969332891,0.0,0.0
scene-0757,21,6,vehicle.car,-4.773156566313706,-0.7616321476851927,0.775945228699763,4.795,2.09,2.0,0.001335926097479715,0.009052497354763035,0.22356930636970263,0.14305555555555555,2.8840000000000003
scene-0757,21,7,vehicle.bicycle,19.662898059926746,-16.649112244038804,1.405292899989724,2.072,0.933,1.839,1.279869679435163,4.885299046723209,0.13489172372853764,0.09171075837742504,0.31200000000000006
scene-0757,21,9,vehicle.car,-50.80982741668861,12.493787155291917,-0.040754297753325286,4.204,2.003,1.563,1.2792067442194492,0.0,0.6391586935720356,0.0,0.0
scene-0757,21,10,vehicle.bus.rigid,50.17267538932398,6.3647144610837865,3.1098868977451577,13.818,3.132,3.606,0.0968675048167955,7.045181947864177,-0.22056041783335356,0.00016882239883642407,0.026000000000000006
scene-0757,21,12,vehicle.construction,-10.8414574572548,-5.16174061616727,0.9351518950040494,4.549,2.111,2.347,3.0148642698382333,0.031134890848271056,0.18752201367662802,0.07835288704853922,1.7030000000000005
scene-0757,21,13,vehicle.truck,20.911334317673305,-2.434744530268257,1.674431169398842,7.127,2.645,2.455,1.3531137797237323,6.939590618811021,-0.03271897233348864,0.07126760563380281,3.2890000000000006
scene-0757,21,14,vehicle.car,-44.93656492071171,2.7769418597637423,0.37674558981801964,5.567,2.094,1.996,0.11963356884135254,0.0,0.4456743854627421,0.0,0.0
scene-0757,21,15,vehicle.car,18.327111485846437,4.837527785429426,1.3662612133639183,5.637,2.56,2.229,-1.7689842646375142,7.677713536911114,-0.10243769031933203,0.03868006993006993,1.2390000000000003
scene-0757,22,0,vehicle.car,26.10506433054149,18.752887861551663,1.041847100255831,4.887,2.381,1.518,1.335739509241132,7.509827559716514,-0.005612963197572873,0.012188208616780046,0.21500000000000005
scene-0757,22,2,vehicle.truck,-5.145105318129419,2.684797747807251,1.2679665949392027,8.702,2.749,3.078,0.13873669239429307,4.207489568615497,0.1887754711461358,0.14232549197324873,10.364000000000003
scene-0757,22,4,vehicle.car,18.053212254367384,-14.346634637781829,1.4681632499979198,4.588,1.97,2.0,1.3427253509051549,6.546380975051268,0.03740060517328381,0.04679347826086957,0.8610000000000003
scene-0757,22,5,vehicle.car,-31.685037811260223,15.03526357940871,-0.190439042222885,4.512,2.06,1.723,-0.25345151869504945,0.0,0.7544175106410065,0.0,0.0
scene-0757,22,6,vehicle.car,-4.7692688442048725,-0.7580204671355524,0.7805882165454584,4.795,2.09,2.0,0.009172137431473146,0.00921641101674527,0.18576851540577832,0.13665674603174602,2.7550000000000003
scene-0757,22,7,vehicle.bicycle,20.266207780343326,-14.27846463339582,1.4402947639895338,2.072,0.933,1.839,1.2930402986890337,4.879135467757564,0.0961090179013353,0.06231628453850676,0.21200000000000005
scene-0757,22,9,vehicle.car,-50.810985790984546,12.490904659447258,-0.036044860684549374,4.204,2.003,1.563,1.2792813856673526,0.0,0.4640503953334446,0.0,0.0
scene-0757,22,10,vehicle.bus.rigid,53.676152609863934,6.750902516578098,3.193798045990583,13.818,3.132,3.606,0.0961958476058864,7.665990486799337,0.052479551436785066,0.0015194015895278168,0.23400000000000007
scene-0757,22,12,vehicle.construction,-10.827225270023956,-5.167639374534899,0.9479023952149218,4.549,2.111,2.347,3.01057090181994,0.031134237834241216,0.19533106652271093,0.07683459857372901,1.6700000000000006
scene-0757,22,13,vehicle.truck,21.610703358268335,1.1472527221807394,1.7020211608309557,7.127,2.645,2.455,1.3619177170233245,7.28328044720851,-0.09135180782268537,0.02134344528710726,0.9850000000000003
scene-0757,22,14,vehicle.car,-44.93681802991599,2.774231687849665,0.3752560970664114,5.567,2.094,1.996,0.11970810171685532,0.0,0.31218826605080663,0.0,0.0
scene-0757,22,15,vehicle.car,17.616870625884296,1.062490087906666,1.4099982138401708,5.637,2.56,2.229,-1.76308879695331,7.677552506818373,-0.09303564496104322,0.041520979020979024,1.3300000000000005
scene-0757,23,1,vehicle.truck,-3.4420497943766426,2.8409182302048626,1.3784350466488966,8.702,2.749,3.078,0.12721832481768,3.4256870736783966,0.06177527632721569,0.14196844230214642,10.338000000000003
scene-0757,23,2,vehicle.car,20.8714130263408,16.377545121245088,0.9133672254040153,4.326,1.984,1.547,-1.8140814903422173,7.7124548604817855,0.06146577585197377,0.029612403100775193,0.3820000000000001
scene-0757,23,4,vehicle.car,18.780486587728305,-11.153075911830367,1.4119864804432187,4.588,1.97,2.0,1.349815112576908,7.073421889549937,0.08026205471303127,0.05271739130434783,0.9700000000000003
scene-0757,23,5,vehicle.car,-31.686764487378923,15.032470489130603,-0.18573771515902116,4.512,2.06,1.723,-0.2533432831818642,0.0,0.8876551896673068,0.0,0.0
scene-0757,23,6,vehicle.car,-4.766149678268762,-0.7551611329748875,0.7854142112730942,4.795,2.09,2.0,0.017034418911514953,0.009221842055352458,0.22677489387998961,0.1404265873015873,2.8310000000000004
scene-0757,23,7,vehicle.bicycle,20.86974075970666,-11.909408981464846,1.473551833104533,2.072,0.933,1.839,1.3062336695027317,4.87984388633616,0.04367004160936472,0.02263374485596708,0.07700000000000003
scene-0757,23,9,vehicle.car,-50.811916943769766,12.485299274469288,-0.04782352804069001,4.204,2.003,1.563,1.2793932998753972,0.0,0.6224848606479593,0.0,0.0
scene-0757,23,10,vehicle.bus.rigid,57.79048987181615,7.215642739229986,3.336433386347184,13.818,3.132,3.606,0.10502681074359305,8.286452395224037,-0.11173040535200585,0.0,0.0
scene-0757,23,12,vehicle.construction,-10.812253976919235,-5.1727220140414065,0.9609552945304135,4.549,2.111,2.347,3.0063175234790305,0.031120451952318245,0.1790925448131343,0.0791350356567748,1.7200000000000006
scene-0757,23,13,vehicle.truck,22.309910544169124,4.726908712606721,1.7304089409315457,7.127,2.645,2.455,1.3707492598230462,7.325604644222849,-0.17565506281493803,0.03856988082340195,1.7800000000000005
scene-0757,23,14,vehicle.car,-44.93712014413776,2.7698302272420343,0.37676186431463976,5.567,2.094,1.996,0.11981763986403103,0.0,0.4350851708549617,0.0,0.0
scene-0757,23,15,vehicle.car,16.907424323335285,-2.7077369595551026,1.4522572501130007,5.637,2.56,2.229,-1.7571624847939766,7.721534412281412,-0.09129332546662305,0.07639235764235765,2.447000000000001
scene-0757,24,1,vehicle.truck,-1.7395302178666574,2.9971431929448324,1.4901165291578489,8.702,2.749,3.078,0.11552768331467246,3.0677162106514078,-0.0446878940374571,0.1384803416690699,10.084000000000003
scene-0757,24,2,vehicle.car,19.995997089720582,12.62194801552029,0.9656989584591817,4.326,1.984,1.547,-1.7966919186499992,7.593350550228278,-0.08406814581422328,0.0524031007751938,0.6760000000000003
scene-0757,24,4,vehicle.car,19.62084996318231,-7.44768656892161,1.3881421859188052,4.588,1.97,2.0,1.3567343372461167,7.598919711595031,0.10608409095573701,0.0017934782608695651,0.03300000000000001
scene-0757,24,5,vehicle.car,-31.686060942428426,15.035058644293729,-0.17894013526558017,4.512,2.06,1.723,-0.25340764579878694,0.0,0.6900797417414104,0.0,0.0
scene-0757,24,6,vehicle.car,-4.7623614434607555,-0.7511605570568899,0.7902969957804467,4.795,2.09,2.0,0.02472389056777077,0.009057965845028122,0.18723728717210042,0.1419642857142857,2.8620000000000005
scene-0757,24,7,vehicle.bicycle,21.471026414143807,-9.544049638453957,1.50649327804764,2.072,0.933,1.839,1.3192565746483917,4.880018452888757,0.04573953054229518,0.0,0.0
scene-0757,24,9,vehicle.car,-50.81078705688717,12.488263878894127,-0.05930122071873578,4.204,2.003,1.563,1.2793348512765794,0.0,0.5657750185168925,0.0005208333333333333,0.007000000000000002
scene-0757,24,10,vehicle.bus.rigid,61.90463978233178,7.670899801280091,3.478532268354319,13.818,3.132,3.606,0.11368503355302396,8.631244501844161,-0.30250136739911904,0.0,0.0
scene-0757,24,12,vehicle.construction,-10.798260833413272,-5.176084192598785,0.9739743596364696,4.549,2.111,2.347,3.001891666471567,0.030422480326552308,0.20550790523989604,0.08217161260639522,1.7860000000000005
scene-0757,24,13,vehicle.truck,23.15117482605283,8.313639507185465,1.7133862254121,7.127,2.645,2.455,1.3576035099877914,7.367932892728644,-0.18474490375301178,0.03404117009750813,1.5710000000000006
scene-0757,24,14,vehicle.car,-44.93704989983105,2.7730150746713504,0.3790895659834035,5.567,2.094,1.996,0.11975489312354771,0.0,0.34392416692675276,0.0,0.0
scene-0757,24,15,vehicle.car,16.227235955238775,-6.531233692960683,1.4923971197715105,5.637,2.56,2.229,-1.757221210777461,7.765255940385269,-0.10245499635842448,0.05563186813186813,1.7820000000000005
scene-0757,25,1,vehicle.truck,-0.38990616469480055,3.081824040066504,1.591970740432765,8.702,2.749,3.078,0.10400745724754333,2.286528179224344,-0.06199017488482195,0.12450047377744819,9.066000000000003
scene-0757,25,2,vehicle.car,19.148342824579572,8.983419331577597,0.9660550525533628,4.326,1.984,1.547,-1.796591309975885,7.772672054492899,-0.10465100905770774,0.04744186046511628,0.6120000000000002
scene-0757,25,4,vehicle.car,20.46168305326264,-3.7402131306274886,1.3689798723935458,4.588,1.97,2.0,1.3638133431059232,7.598846068292213,0.015191941332879377,0.10608695652173913,1.9520000000000006
scene-0757,25,5,vehicle.car,-31.687725865591307,15.032242022647656,-0.18023861846874234,4.512,2.06,1.723,-0.25330181957758413,0.0,0.46434639797161115,0.0,0.0
scene-0757,25,6,vehicle.car,-4.7589838017262,-0.7492122928440533,0.7955843910324064,4.795,2.09,2.0,0.03258366919442134,0.009057713108351429,0.22601906659727422,0.13814484126984128,2.7850000000000006
scene-0757,25,7,vehicle.bicycle,22.073613010773098,-7.174958009018859,1.5444917877861768,2.072,0.933,1.839,1.3324394792306533,4.742616292474225,-0.06752903592078985,0.09024103468547913,0.3070000000000001
scene-0757,25,9,vehicle.car,-50.81168262318314,12.482748016982416,-0.0795199566643996,4.204,2.003,1.563,1.2794367156983082,0.0,0.3821062620442671,0.0028273809523809523,0.038000000000000006
scene-0757,25,10,vehicle.bus.rigid,66.3620687092365,8.160195507859536,3.640147164755069,13.818,3.132,3.606,0.11815304756578544,8.692292394240962,-0.3986660723020661,0.0,0.0
scene-0757,25,11,vehicle.car,17.771774769069598,-16.9013001163141,1.2992104104402016,4.629,2.038,1.488,1.3581061253269089,7.634190651646919,0.07127326837754744,0.002173913043478261,0.030000000000000006
scene-0757,25,13,vehicle.construction,-10.784387340602438,-5.181624013375475,0.9860273835355733,4.549,2.111,2.347,2.9976364470959225,0.03115282975647429,0.1058586660330798,0.08309178743961353,1.8060000000000005
scene-0757,25,14,vehicle.truck,23.99027628019195,11.903044792535157,1.6983586638717232,7.127,2.645,2.455,1.3446187482948488,7.515418783425179,-0.28477335031314466,0.03358613217768147,1.5500000000000003
scene-0757,25,15,vehicle.car,-44.9374301391094,2.7687145452634083,0.37397476621050707,5.567,2.094,1.996,0.11986257800939722,0.0,0.09649575571637281,0.0,0.0
scene-0757,25,16,vehicle.car,15.549002701935276,-10.351443177010113,1.536535951035868,5.637,2.56,2.229,-1.757120081226042,7.764237084861268,-0.08438246311510689,0.05051198801198801,1.6180000000000003
scene-0757,26,1,vehicle.truck,0.5406803954717089,3.174193733983538,1.4651198609927207,8.702,2.749,3.078,0.10988258574068462,1.4026295015179255,0.14059827031106642,0.10284403795712657,7.489000000000002
scene-0757,26,2,vehicle.car,18.292415986197103,5.043123785224331,1.0747495489274426,4.326,1.984,1.547,-1.7616292515905128,7.777685523468562,-0.21238326294769483,0.03775193798449612,0.48700000000000015
scene-0757,26,4,vehicle.car,21.301130892693703,-0.03186990111778169,1.346136164316639,4.588,1.97,2.0,1.3708545778896533,7.388627430443986,-0.020443212637409225,0.03728260869565218,0.6860000000000003
scene-0757,26,5,vehicle.car,-31.688690326762345,15.0307917583965,-0.17511491985159044,4.512,2.06,1.723,-0.25324135085706007,0.0,1.1064876120789542,0.0,0.0
scene-0757,26,6,vehicle.car,15.460237087577553,-27.27869877578865,1.1698811452026852,4.713,2.155,1.614,1.3308970715816417,7.457605647183194,0.31177006033701826,0.006588491295938104,0.10900000000000001
scene-0757,26,7,vehicle.car,-4.754963303472988,-0.745860583748425,0.8006148122094376,4.795,2.09,2.0,0.04039727255036912,0.009221831059389044,0.20380364099221393,0.13541666666666666,2.7300000000000004
scene-0757,26,8,vehicle.bicycle,22.594698029949015,-4.929713013278232,1.530759862894497,2.072,0.933,1.839,1.341226397742159,4.605233224805387,-0.06463097047277455,0.15373309817754263,0.5230000000000002
scene-0757,26,10,vehicle.car,-50.811939190871364,12.479405546920256,-0.0911608774086945,4.204,2.003,1.563,1.2794995041617347,0.0,0.6498761943003647,0.0018601190476190475,0.025000000000000005
scene-0757,26,11,vehicle.bus.rigid,70.52569973998158,8.73444258779985,3.729203126292612,13.818,3.132,3.606,0.1283886319018144,8.837821526532823,-0.4042975848726291,0.0,0.0
scene-0757,26,12,vehicle.car,18.53189189035882,-13.156899845580956,1.3178465037730371,4.629,2.038,1.488,1.3581689099596583,7.633846534602959,-0.07036296991378421,0.06188405797101449,0.8540000000000001
scene-0757,26,14,vehicle.construction,-10.769174469557319,-5.187246397068279,0.9996954666870088,4.549,2.111,2.347,2.9933347052870456,0.03183555472083902,0.1453247746629267,0.07862893949850472,1.7090000000000005
scene-0757,26,15,vehicle.truck,24.916292330794573,15.618884588632211,1.5284152855477509,7.127,2.645,2.455,1.3315947532839978,7.664107414245681,-0.12615904172279202,0.029014084507042254,1.3390000000000004
scene-0757,26,16,vehicle.car,-44.93749670312657,2.7662553097703357,0.37482080542030527,5.567,2.094,1.996,0.11992336980293788,0.0,0.16534989799079702,0.0,0.0
scene-0757,26,17,vehicle.car,14.869962855336112,-14.172213459613042,1.5761138219121227,5.637,2.56,2.229,-1.7570573042875208,7.6881150623930266,-0.11454515450031844,0.049512987012987016,1.5860000000000005
scene-0757,27,1,vehicle.truck,1.0116939302604635,3.225623505011703,1.376160395744649,8.702,2.749,3.078,0.10690648175871041,0.9409740785736845,0.24459302210489153,0.10001510594762356,7.283000000000001
scene-0757,27,2,vehicle.car,17.60760619245055,1.362323741346195,1.0996623371383252,4.326,1.984,1.547,-1.7558797556703825,7.484576668538534,-0.1636446256181302,0.07286821705426356,0.9400000000000003
scene-0757,27,4,vehicle.car,22.093250105323815,3.4667062004328604,1.3085262947548713,4.588,1.97,2.0,1.3882377078803383,7.178368212768058,-0.061438860820659524,0.0075,0.13800000000000004
scene-0757,27,5,vehicle.car,-31.687877442442616,15.033403654512085,-0.16991365893800925,4.512,2.06,1.723,-0.25331065131974473,0.0,0.5998155916543788,0.005415499533146592,0.08700000000000002
scene-0757,27,6,vehicle.car,16.250587923811114,-23.63391989542969,1.1933184609198049,4.713,2.155,1.614,1.3395562943642298,7.457519504738093,0.1866414985871837,0.0006044487427466151,0.010000000000000004
scene-0757,27,7,vehicle.car,-4.75210481254381,-0.7423903181498166,0.8056427784471774,4.795,2.09,2.0,0.0480803861888334,0.009221868445985028,0.21054624540517097,0.13710317460317462,2.7640000000000007
scene-0757,27,8,vehicle.bicycle,23.114092228008033,-2.6879007147267187,1.5171241864607783,2.072,0.933,1.839,1.3498831874069317,4.6053835484137675,-0.08161807436208446,0.14873603762492651,0.5060000000000001
scene-0757,27,10,vehicle.car,-50.811491111328,12.483559215823945,-0.07971065615157702,4.204,2.003,1.563,1.2794325818418946,0.0,0.18643350599746322,0.0015625,0.021000000000000005
scene-0757,27,11,vehicle.bus.rigid,75.11176283476944,9.357613542722085,3.9283178212276466,13.818,3.132,3.606,0.13849346769833815,9.26585389722793,-0.6861025187603005,0.0,0.0
scene-0757,27,12,vehicle.car,19.291644830631746,-9.418467885779114,1.2628026375466765,4.629,2.038,1.488,1.363918064955824,7.63326035723939,-0.07433086106123343,0.11557971014492753,1.5950000000000002
scene-0757,27,14,vehicle.construction,-10.755251903369963,-5.190629540557146,1.0133320322439752,4.549,2.111,2.347,2.9889034410753355,0.030421479120935353,0.1788009459569373,0.08129744651483782,1.7670000000000006
scene-0757,27,15,vehicle.truck,25.84328749538359,19.331000783886044,1.3586754978446933,7.127,2.645,2.455,1.3184424565663377,7.663731622399763,0.12009855143738069,0.0006067172264355363,0.02800000000000001
scene-0757,27,16,vehicle.car,-44.93737641324636,2.7695779192267005,0.37577247541210546,5.567,2.094,1.996,0.11985436322254034,0.0,0.14681593067386256,0.0,0.0
scene-0757,27,17,vehicle.car,14.168588523340212,-17.91555640159307,1.5763673465673635,5.637,2.56,2.229,-1.7658489862465079,7.611668331951503,-0.1101670406286428,0.01407967032967033,0.4510000000000002
scene-0757,28,1,vehicle.truck,1.4812862760278074,3.27751028188742,1.287089362545452,8.702,2.749,3.078,0.1040035639176488,0.5187279294647977,0.2816580956293726,0.0951262719894533,6.927000000000001
scene-0757,28,2,vehicle.car,16.92351486848189,-2.316735725337681,1.1238787347009942,4.326,1.984,1.547,-1.7500554735803038,7.483597849122258,-0.11670948349745724,0.11364341085271318,1.4660000000000004
scene-0757,28,4,vehicle.car,22.884357659341934,6.970182434787377,1.3194734938134278,4.588,1.97,2.0,1.388245104950803,7.300224241170716,-0.013665635107907192,0.029619565217391303,0.5450000000000002
scene-0757,28,5,vehicle.car,-31.688049190769153,15.033645440743621,-0.16390506121749526,4.512,2.06,1.723,-0.25330619124026815,0.0,0.6867449998580897,0.007656395891690009,0.12300000000000003
scene-0757,28,6,vehicle.car,17.041716346519273,-19.987594160091806,1.2165533777748492,4.713,2.155,1.614,1.3482905517347503,7.457924567538385,0.18367907509456616,6.044487427466151e-05,0.0010000000000000002
scene-0757,28,7,vehicle.car,-4.748152914735877,-0.7388631816215078,0.810810483947392,4.795,2.09,2.0,0.05583729635895448,0.009221406633124265,0.21791294780374004,0.1386904761904762,2.7960000000000007
scene-0757,28,8,vehicle.bicycle,23.633538431894397,-0.44356937133091023,1.5029982259771577,2.072,0.933,1.839,1.358615024145226,4.60579122306396,-0.12155918913099684,0.0993533215755438,0.33800000000000013
scene-0757,28,10,vehicle.car,-50.81183760307547,12.483937881144437,-0.06695599282445697,4.204,2.003,1.563,1.2794398437728012,0.0,0.4537630056208589,0.001636904761904762,0.022000000000000006
scene-0757,28,11,vehicle.bus.rigid,79.69696847879406,9.986854880241971,4.125194120373799,13.818,3.132,3.606,0.14867211655418008,9.505556176850744,-0.5638085813189289,0.0,0.0
scene-0757,28,12,vehicle.car,20.052442571392834,-5.678661416985604,1.2085314003048881,4.629,2.038,1.488,1.369741980532192,7.633495193840028,-0.034052231412981415,0.09710144927536232,1.3400000000000003
scene-0757,28,14,vehicle.construction,-10.741691922481602,-5.195293428962389,1.027246648246252,4.549,2.111,2.347,2.984545485111138,0.016158757529640067,0.1383082519082195,0.08194156889809064,1.7810000000000006
scene-0757,28,15,vehicle.car,-44.93732619210427,2.769558302227069,0.3778878888705035,5.567,2.094,1.996,0.11985874857712653,0.0,0.1512804825684766,0.0,0.0
scene-0757,28,16,vehicle.car,13.468014546528979,-21.656962412092064,1.575969687866547,5.637,2.56,2.229,-1.7745667208352125,7.903685228576843,-0.008836545395233486,0.0029345654345654345,0.09400000000000003
scene-0757,29,1,vehicle.truck,1.5284695349109185,3.2927985579362447,1.2959806064491903,8.702,2.749,3.078,0.10396036871245404,0.09937811459422334,0.26217367397492763,0.09982284843241462,7.269000000000002
scene-0757,29,2,vehicle.car,16.239020508616033,-5.996620241082267,1.1483377046047794,4.326,1.984,1.547,-1.7442829154583481,7.548963931368182,-0.1295400342403995,0.11968992248062016,1.5440000000000005
scene-0757,29,4,vehicle.car,23.575458652636588,10.616075377237198,1.2735201795429227,4.588,1.97,2.0,1.3882004814291398,7.424254671194543,0.003068767037964104,0.043641304347826086,0.8030000000000003
scene-0757,29,5,vehicle.car,-31.687570335261714,15.035403161775205,-0.16095777968926606,4.512,2.06,1.723,-0.2533495738697259,0.0,0.6887477648691673,0.007469654528478058,0.12000000000000004
scene-0757,29,6,vehicle.car,17.832673178273335,-16.341620057608207,1.2431584015675567,4.713,2.155,1.614,1.3569733870788483,7.45746858414577,0.006901162069223088,0.026474854932301742,0.4380000000000001
scene-0757,29,7,vehicle.car,-4.745290629742167,-0.7355426754473187,0.815666850834099,4.795,2.09,2.0,0.0635468012800595,0.004126451606731131,0.18764792737463365,0.1396329365079365,2.8150000000000004
scene-0757,29,8,vehicle.bicycle,24.154179920139576,1.7991777908325453,1.4906921054290705,2.072,0.933,1.839,1.3672954179497907,4.398048316720869,-0.2052398520873957,0.05055849500293945,0.17200000000000007
scene-0757,29,10,vehicle.car,-50.81166579606306,12.486779165683261,-0.058490552233508186,4.204,2.003,1.563,1.2793953257873703,0.0,0.5515987833011656,0.002380952380952381,0.03200000000000001
scene-0757,29,11,vehicle.bus.rigid,84.5091390738043,10.739333735933904,4.254105979014868,13.818,3.132,3.606,0.15037505306584634,9.747587768929868,-0.7640584974780031,0.0,0.0
scene-0757,29,12,vehicle.car,20.81084505403011,-1.935592735422568,1.2479616185242177,4.629,2.038,1.488,1.375514211739718,7.564270185110533,-0.1252900916153432,0.08833333333333333,1.2190000000000003
scene-0757,29,14,vehicle.construction,-10.740051342153793,-5.18752275060132,1.0358018352367686,4.549,2.111,2.347,2.986441024295294,0.013464541926918835,0.1742087515018178,0.08576029445594663,1.8640000000000005
scene-0757,29,15,vehicle.car,17.92753095289517,8.638788903751133,0.9969123339158179,4.487,1.888,1.482,-1.7163255024887452,8.220378085736842,-0.20005676169215458,0.028460038986354776,0.3650000000000001
scene-0757,29,16,vehicle.car,-44.9372679698007,2.7717359870781313,0.37664990398838527,5.567,2.094,1.996,0.11981555287454086,0.0,0.17549763753459446,0.0,0.0
scene-0757,29,17,vehicle.car,12.531631330174044,-25.651794494215892,1.5554599939995644,5.637,2.56,2.229,-1.800801011256264,8.199029189379038,0.0677924712485436,0.0009053446553446554,0.029000000000000012
scene-0757,30,1,vehicle.truck,1.5753479238453576,3.308294869618497,1.3058184674662847,8.702,2.749,3.078,0.10407463034933902,0.09937932396259147,0.19488650193984314,0.09625235172139139,7.009000000000001
scene-0757,30,2,vehicle.car,15.555774743387936,-9.736041787579195,1.1652228874961774,4.326,1.984,1.547,-1.7441644299606105,7.614881601200242,-0.15273007724684884,0.04348837209302325,0.5610000000000002
scene-0757,30,4,vehicle.car,24.267621963615653,14.257981140733596,1.125489689615505,4.588,1.97,2.0,1.388318936476083,7.425314985274824,0.10843151042149746,0.022717391304347825,0.4180000000000001
scene-0757,30,5,vehicle.car,-31.689398405390335,15.03210337591701,-0.1537351489671006,4.512,2.06,1.723,-0.2532344258583152,0.0,0.7088319292672409,0.007096171802054155,0.11400000000000003
scene-0757,30,6,vehicle.car,18.624486030910703,-12.698280746688773,1.265224802294252,4.713,2.155,1.614,1.365808447140523,8.01612707702914,0.04566863270712129,0.06600580270793037,1.0920000000000003
scene-0757,30,7,vehicle.car,-4.745085422227382,-0.7359277623232086,0.8160709599257806,4.795,2.09,2.0,0.06366110729285496,0.0,0.1876393100021979,0.1367559523809524,2.7570000000000006
scene-0757,30,8,vehicle.bicycle,24.635917512770035,3.837827384255211,1.4489322344727202,2.072,0.933,1.839,1.3557901561259493,4.1905170699682985,-0.1041236493057891,0.011169900058788948,0.03800000000000001
scene-0757,30,10,vehicle.car,-50.81338353337081,12.4815212997446,-0.04361295551441069,4.204,2.003,1.563,1.2795133744428555,0.0,0.3820070790686404,0.001636904761904762,0.022000000000000006
scene-0757,30,11,vehicle.bus.rigid,89.31478920441094,11.50493464080747,4.373108188956127,13.818,3.132,3.606,0.15223322031333722,9.956687161361751,-0.6460441487721065,0.0,0.0
scene-0757,30,12,vehicle.car,21.58881425137432,1.7288471779843537,1.2308148258386113,4.629,2.038,1.488,1.3712753826471806,7.49423374965396,-0.15614557177405142,0.03246376811594203,0.4480000000000001
scene-0757,30,14,vehicle.construction,-10.738260229873903,-5.1819752094958895,1.0454087511445747,4.549,2.111,2.347,2.988492214359835,0.012816796967071243,0.12471583037121436,0.08304577869795261,1.8050000000000006
scene-0757,30,15,vehicle.car,17.336163526342204,4.5782415499560996,1.037311534238606,4.487,1.888,1.482,-1.7249275981493615,8.220318501292587,-0.18152446974590342,0.052085769980506826,0.6680000000000001
scene-0757,30,16,vehicle.car,-44.93750602509899,2.76673133899147,0.3807695679649723,5.567,2.094,1.996,0.11992980139041529,0.0,0.1281307506576168,0.0,0.0
scene-0757,30,17,vehicle.car,11.497982308825682,-29.61318175362576,1.527946374745939,5.637,2.56,2.229,-1.8268378218002885,8.199375736295524,0.3649528543037437,0.0006243756243756244,0.020000000000000007
scene-0757,31,1,vehicle.truck,1.6224542330428313,3.3233162574770585,1.3154481815282948,8.702,2.749,3.078,0.10403922243139659,0.09817777713942913,0.163152524572169,0.08994905175846964,6.550000000000002
scene-0757,31,2,vehicle.car,14.870295463283945,-13.48294590999838,1.1825057262798702,4.326,1.984,1.547,-1.7441988910320314,7.763521065809865,-0.08249309152568929,0.031162790697674417,0.40200000000000014
scene-0757,31,4,vehicle.car,-31.689036227304893,15.033481160543165,-0.15012687733472085,4.512,2.06,1.723,-0.25327347358820756,0.0,0.6285640378266644,0.009461562402738873,0.15200000000000005
scene-0757,31,5,vehicle.car,19.498306232140326,-8.499988534596264,1.2609220401129684,4.713,2.155,1.614,1.3657742933907686,8.574796292157357,-0.013819820531364324,0.1039651837524178,1.7200000000000004
scene-0757,31,6,vehicle.car,-4.745172082171521,-0.7357555836920857,0.815375288824797,4.795,2.09,2.0,0.06362527692963345,0.0,0.19845717598938906,0.1367559523809524,2.7570000000000006
scene-0757,31,7,vehicle.bicycle,25.11862426025374,5.875372923481739,1.4132020863008596,2.072,0.933,1.839,1.3441186101844973,4.190945590410987,-0.1645587409448721,0.012933568489124045,0.04400000000000001
scene-0757,31,9,vehicle.car,-50.81327543590062,12.483685314532794,-0.037726538905053175,4.204,2.003,1.563,1.2794800107522053,0.0,0.34824613309755803,0.0017857142857142857,0.024000000000000004
scene-0757,31,10,vehicle.bus.rigid,94.32541096214163,12.336071408849607,4.5161367424868235,13.818,3.132,3.606,0.1731157723797578,10.165518160098316,-0.7105439404390941,0.0,0.0
scene-0757,31,11,vehicle.car,22.36779974895356,5.394020632307662,1.2190385474687386,4.629,2.038,1.488,1.3668786619665283,7.4949594664674715,-0.2301105898147393,0.04,0.5520000000000002
scene-0757,31,13,vehicle.construction,-10.737461263035074,-5.175025325900536,1.0520449506291099,4.549,2.111,2.347,2.9903929085545538,0.012731142558093538,0.11531423613942193,0.08318380492293535,1.8080000000000005
scene-0757,31,14,vehicle.car,16.74464804177199,0.5100537889511525,1.082386613655785,4.487,1.888,1.482,-1.7336933673880948,8.02224191395958,-0.18413556854794344,0.05551656920077973,0.7120000000000002
scene-0757,31,15,vehicle.car,-44.93743043985924,2.768231666643742,0.3758033853010201,5.567,2.094,1.996,0.1198945576343751,0.0,0.13627666230640179,0.0,0.0
scene-0757,31,16,vehicle.car,10.50960514271438,-33.59528330137819,1.5003949890702535,5.637,2.56,2.229,-1.8268714986073988,8.200375978206997,0.0006991276175212224,9.365634365634366e-05,0.003000000000000001
scene-0757,32,1,vehicle.truck,1.6685748146269128,3.338831410945225,1.3252830532862738,8.702,2.749,3.078,0.1039029847225911,0.054990564636668425,0.16847734170417028,0.08611763413394856,6.271000000000002
scene-0757,32,2,vehicle.car,14.081426353232178,-17.36462042848162,1.1414581010243725,4.326,1.984,1.547,-1.7559594289822815,7.911799488576439,-0.01307127117131468,0.001317829457364341,0.017000000000000005
scene-0757,32,4,vehicle.car,-31.68695930567486,15.037764373693081,-0.1538153486193119,4.512,2.06,1.723,-0.2534096408964551,0.0,0.6433393902719913,0.006971677559912854,0.11200000000000003
scene-0757,32,5,vehicle.car,20.37241551637523,-4.304601389576448,1.2562973480121404,4.713,2.155,1.614,1.365638469747029,8.573953228009051,-0.01880429123800098,0.06528046421663443,1.0800000000000003
scene-0757,32,6,vehicle.car,-4.745362788583593,-0.7349785704266465,0.8154039913543608,4.795,2.09,2.0,0.06348904159179504,0.0,0.12075549273406005,0.1349206349206349,2.72
scene-0757,32,7,vehicle.bicycle,25.60234213189937,7.910412480838613,1.3736930114818247,2.072,0.933,1.839,1.33234669785588,4.243100688222242,-0.12114720102078036,0.04879482657260435,0.16600000000000006
scene-0757,32,9,vehicle.car,-50.81167339275732,12.49073592177543,-0.03726856628450115,4.204,2.003,1.563,1.2793441583214182,0.0,0.205154305134141,0.002455357142857143,0.03300000000000001
scene-0757,32,10,vehicle.bus.rigid,99.32005838195008,13.262141201850692,4.640859608658832,13.818,3.132,3.606,0.19389412055367408,10.165326454316926,-0.741220452317279,0.0,0.0
scene-0757,32,11,vehicle.car,23.149187645602144,9.05568803795235,1.1532344787878763,4.629,2.038,1.488,1.3623807669566352,7.495536079012431,-0.16220281990001317,0.01644927536231884,0.22700000000000004
scene-0757,32,13,vehicle.construction,-10.735860238328147,-5.167251828253142,1.06094435984918,4.549,2.111,2.347,2.992195307263284,0.012723635653626737,0.0655776731269706,0.08631239935587762,1.8760000000000006
scene-0757,32,14,vehicle.car,16.18077186459745,-3.3635015325299005,1.1163167937270218,4.487,1.888,1.482,-1.7251089690107941,7.824236364678714,-0.1737352560034805,0.1189083820662768,1.5250000000000004
scene-0757,32,15,vehicle.car,-44.9371474825707,2.7744811734245216,0.376180337080374,5.567,2.094,1.996,0.11975831941303475,0.0,0.09747098671494459,0.0,0.0
scene-0757,33,1,vehicle.truck,1.6704453991506523,3.3496736344093723,1.3343907565761777,8.702,2.749,3.078,0.1039987608388728,0.021242089780680987,0.1818696840118197,0.08401653414630797,6.118000000000001
scene-0757,33,2,vehicle.car,13.295036110806913,-21.247087611565178,1.1013285438576697,4.326,1.984,1.547,-1.7675059764550494,7.911280684434325,0.17519359044637695,0.008217054263565891,0.10600000000000002
scene-0757,33,3,vehicle.car,13.601402891748508,-34.462217006460044,1.2450069059147015,4.443,2.082,1.682,1.3333294545418595,5.90693424218146,0.7245888038860187,0.003437738731856379,0.05400000000000001
scene-0757,33,5,vehicle.car,-31.68826837288882,15.034647802098876,-0.16156618651253796,4.512,2.06,1.723,-0.2533166439793109,0.0,0.5756567951093396,0.0071584189231248055,0.11500000000000003
scene-0757,33,6,vehicle.car,21.248486708242996,-0.09967499755388681,1.25484508009666,4.713,2.155,1.614,1.365731116933528,8.500287638174632,-0.06887523194068457,0.06086798839458414,1.0070000000000003
scene-0757,33,7,vehicle.car,-4.745414015126431,-0.7353762708409398,0.814647312321182,4.795,2.09,2.0,0.06358454922113427,0.0,0.20879704221296713,0.13412698412698412,2.704
scene-0757,33,8,vehicle.bicycle,26.059509470332145,10.013641222743708,1.3525487695166105,2.072,0.933,1.839,1.3440728220541425,4.295193472514357,-0.16604928640809002,0.10082304526748971,0.3430000000000001
scene-0757,33,10,vehicle.car,-50.81288163838129,12.485919022603502,-0.044028728984359944,4.204,2.003,1.563,1.2794375346705305,0.0,0.23848234417295855,0.0012648809523809524,0.017000000000000005
scene-0757,33,11,vehicle.bus.rigid,104.28508297475676,14.367726401240215,4.776452559383211,13.818,3.132,3.606,0.21493072317786305,10.165929392914377,-1.4471378239706132,0.0,0.0
scene-0757,33,12,vehicle.car,23.929839535044593,12.726703966277057,1.0928460233180814,4.629,2.038,1.488,1.3581059165748572,7.494450265268328,-0.13912627601316507,0.01427536231884058,0.19700000000000004
scene-0757,33,14,vehicle.construction,-10.734466153069418,-5.16162022383846,1.0677894809806825,4.549,2.111,2.347,2.99423024380009,0.012795284497871186,0.10405500001068102,0.08355187485622269,1.8160000000000007
scene-0757,33,15,vehicle.car,15.616549378553955,-7.238265515045743,1.1524227288707607,4.487,1.888,1.482,-1.7162853243330831,7.874196512264658,-0.2012680166705959,0.09426900584795321,1.2090000000000003
scene-0757,33,16,vehicle.car,-44.93747364123839,2.770208484915083,0.36967480612077863,5.567,2.094,1.996,0.11985419605157509,0.0,0.199777424094294,0.0,0.0
scene-0757,34,0,vehicle.truck,17.727585501503864,-18.903861393769798,1.4858615546637357,5.645,2.187,2.133,1.3627861034748676,6.402052028581586,0.1919098863190829,0.0095856524427953,0.24800000000000008
scene-0757,34,2,vehicle.truck,1.672849396261202,3.3601035983172425,1.342825118245739,8.702,2.749,3.078,0.10401217689805976,0.021243167652118325,0.14047630071435546,0.08219008775182302,5.985000000000001
scene-0757,34,3,vehicle.car,12.50614084163789,-25.127352582868543,1.1293519711076576,4.326,1.984,1.547,-1.779120630366193,8.417126039347357,0.09124795297986676,0.0037209302325581397,0.048000000000000015
scene-0757,34,4,vehicle.car,14.292725285370793,-31.585462772210022,1.275056493125007,4.443,2.082,1.682,1.333350946401034,5.906555708463198,0.2953576122903372,6.366182836771072e-05,0.0010000000000000002
scene-0757,34,6,vehicle.car,-31.688419350060098,15.034032219715144,-0.1611972147780234,4.512,2.06,1.723,-0.2533061651509743,0.0,0.6674581214743429,0.006971677559912854,0.11200000000000003
scene-0757,34,7,vehicle.car,22.07720617863436,4.035667014942933,1.2018450922162867,4.713,2.155,1.614,1.3832018859109247,8.274810818477839,-0.15354875616148467,0.0343931334622824,0.5690000000000002
scene-0757,34,8,vehicle.car,-4.745352562332039,-0.7355600667437568,0.8144580475376221,4.795,2.09,2.0,0.06359753327543488,0.0,0.18306388935584106,0.13452380952380952,2.712
scene-0757,34,9,vehicle.bicycle,26.516561605655248,12.114226271526487,1.3299845882694725,2.072,0.933,1.839,1.3557250772788303,4.294784157582911,-0.00885967028546375,0.09024103468547913,0.3070000000000001
scene-0757,34,11,vehicle.car,-50.81307958945712,12.48501920434029,-0.04132071550676697,4.204,2.003,1.563,1.2794592729952117,0.0,0.43582605560610166,0.001488095238095238,0.020000000000000004
scene-0757,34,12,vehicle.bus.rigid,109.25050534002408,15.465385892644585,4.899347045639644,13.818,3.132,3.606,0.23588019075410094,10.165883306887538,-1.270318698624263,0.0,0.0
scene-0757,34,13,vehicle.car,24.707578993853705,16.398522769045073,1.1322285983488551,4.629,2.038,1.488,1.3581272736319203,7.49390647920646,-0.027743998281716475,0.002898550724637681,0.04000000000000001
scene-0757,34,15,vehicle.construction,-10.733266641457378,-5.155356725583695,1.0753305748774846,4.549,2.111,2.347,2.9961819766462012,0.01344278790690355,0.09442524760224025,0.08442604094778008,1.8350000000000006
scene-0757,34,16,vehicle.car,15.047873739321812,-11.164825279180386,1.1466774030539568,4.487,1.888,1.482,-1.7162643977433567,8.091354496277896,-0.1568655173394259,0.03477582846003899,0.4460000000000001
scene-0757,34,17,vehicle.car,-44.93748020066816,2.769329822862537,0.3701554868456649,5.567,2.094,1.996,0.11986778640903525,0.0,0.11766898701221473,0.0,0.0
scene-0757,35,0,vehicle.truck,18.358615931646995,-15.761200873281643,1.491164208122034,5.645,2.187,2.133,1.3627618632499194,6.4020558043333065,0.04683699326918611,0.02365491651205937,0.6120000000000001
scene-0757,35,2,vehicle.truck,1.6753775313065262,3.3707979820150697,1.3513812394545763,8.702,2.749,3.078,0.10398633629454486,0.021253744689856295,0.18395817853944596,0.0802537799200758,5.844000000000001
scene-0757,35,3,vehicle.car,11.508640965209333,-29.48499802061612,1.0744330981819292,4.326,1.984,1.547,-1.8140411246154289,8.923927158985816,0.3734124547393659,0.0010852713178294573,0.014000000000000004
scene-0757,35,4,vehicle.car,14.982623709084027,-28.709086980905614,1.3124077895175748,4.443,2.082,1.682,1.3333266363762402,5.9059150980777035,0.2630602533329196,0.005793226381461676,0.09100000000000003
scene-0757,35,6,vehicle.car,-31.687927709782958,15.03477088906107,-0.16370701328581871,4.512,2.06,1.723,-0.25333130848815816,0.0,0.5032739941245943,0.008341114223467165,0.13400000000000004
scene-0757,35,7,vehicle.car,22.844662621125803,8.027344089867597,1.1434867195711473,4.713,2.155,1.614,1.3657281965693862,7.9616748958260795,-0.06948139520743879,0.078215667311412,1.2940000000000005
scene-0757,35,8,vehicle.car,-4.74534963323354,-0.7353496364062917,0.8146882040335389,4.795,2.09,2.0,0.06357174915097398,0.0,0.18139054794771947,0.1382936507936508,2.7880000000000007
scene-0757,35,9,vehicle.bicycle,26.974180107505383,14.213902247389562,1.3036413113994774,2.072,0.933,1.839,1.367333516187389,4.294508952819259,-0.07484991883470382,0.0770135214579659,0.26200000000000007
scene-0757,35,11,vehicle.car,-50.81277718767135,12.486415132222463,-0.0388936137635425,4.204,2.003,1.563,1.2794348314410493,0.0,0.2856061377007678,0.0018601190476190475,0.025000000000000005
scene-0757,35,13,vehicle.construction,-10.731419252342356,-5.147918409000377,1.0846555026287663,4.549,2.111,2.347,2.9980974394438236,0.013449481111896837,0.060345199573553776,0.09302967563837129,2.0220000000000007
scene-0757,35,14,vehicle.car,14.453035589722592,-15.257493606733581,1.1508493797642174,4.487,1.888,1.482,-1.7162884957697497,8.259014731246062,-0.15551308225216298,0.0014035087719298245,0.018000000000000002
scene-0757,35,15,vehicle.car,-44.937408440344775,2.770575690773928,0.372332638961437,5.567,2.094,1.996,0.11984192558106938,0.0,0.21452793242299295,0.0,0.0
scene-0757,36,0,vehicle.truck,18.989509047331925,-12.621655294780568,1.498872542930205,5.645,2.187,2.133,1.3627620570840626,6.713245525107499,0.01770129530374276,0.07618274582560297,1.9710000000000005
scene-0757,36,2,vehicle.truck,1.6776120719492573,3.381488521282868,1.360279194874737,8.702,2.749,3.078,0.10398900738899469,0.02060879169381342,0.1645284176636006,0.0782350760103819,5.697000000000001
scene-0757,36,3,vehicle.car,15.672809935232936,-25.835961299817743,1.3502932541946797,4.443,2.082,1.682,1.3333269789218516,5.905803896115505,0.23366302651363324,0.0006366182836771072,0.010000000000000002
scene-0757,36,5,vehicle.car,-31.687880826170122,15.03462696361055,-0.16933255635269195,4.512,2.06,1.723,-0.2533302290881955,0.0,0.8045902525044255,0.008403361344537815,0.13500000000000004
scene-0757,36,6,vehicle.car,23.64243975905224,11.843341911630878,1.0469074090850836,4.713,2.155,1.614,1.3657283755157645,7.801082626026417,0.050953273640822805,0.018858800773694392,0.3120000000000001
scene-0757,36,7,vehicle.car,-4.745444106771563,-0.7353125640436827,0.8142140441370516,4.795,2.09,2.0,0.06357427574286635,0.0,0.1751078135537596,0.14067460317460317,2.8360000000000003
scene-0757,36,9,vehicle.car,-50.812831441643475,12.486330828561314,-0.043408913619289446,4.204,2.003,1.563,1.279435449553958,0.0,0.43981498623586657,0.0015625,0.021000000000000005
scene-0757,36,11,vehicle.construction,-10.730474799987682,-5.141282566240663,1.092273284231494,4.549,2.111,2.347,3.000037742966091,0.012802063840310175,0.09412237438075732,0.09252357948010122,2.0110000000000006
scene-0757,36,12,vehicle.car,13.859720533059143,-19.345753724087917,1.1564107029808435,4.487,1.888,1.482,-1.716288610864355,8.258859222975339,0.005143458090933861,0.0005458089668615984,0.007000000000000002
scene-0757,36,13,vehicle.car,-44.93747156835361,2.7704990449488864,0.36812493903546484,5.567,2.094,1.996,0.11984464999307995,0.0,0.19681119625658838,0.0,0.0
scene-0757,37,0,vehicle.truck,19.69989890540019,-9.176081124940618,1.4923791989293527,5.645,2.187,2.133,1.3686333640782797,7.024933890989822,0.010793756822066403,0.07772881880024737,2.0110000000000006
scene-0757,37,2,vehicle.car,19.61863056309225,11.91671033298086,1.3032629141423329,4.78,2.024,2.264,-1.771047988006803,7.813403707201024,0.09811941365269572,0.020289855072463767,0.44800000000000006
scene-0757,37,3,vehicle.truck,1.6791016595117396,3.3916397836148304,1.368230951908615,8.702,2.749,3.078,0.1040361176839591,0.02059695096589722,0.05754255985877221,0.0751040250484077,5.469000000000001
scene-0757,37,4,vehicle.car,16.36475386923806,-22.95857468863855,1.385007161652796,4.443,2.082,1.682,1.3333796786816463,5.9053458747962235,0.24235810896182808,0.0,0.0
scene-0757,37,6,vehicle.car,-31.68845086690849,15.032948832860367,-0.17015717094599325,4.512,2.06,1.723,-0.2532839089454555,0.0,0.7008149143999729,0.00647370059134765,0.10400000000000004
scene-0757,37,7,vehicle.car,-4.745303377182964,-0.7355811603473215,0.8143499139489666,4.795,2.09,2.0,0.0636212241577248,0.0,0.22713684106449927,0.13561507936507936,2.7340000000000004
scene-0757,37,9,vehicle.car,-50.81339671133528,12.483837146052599,-0.03964258967874201,4.204,2.003,1.563,1.2794881432484864,0.0,0.3845713790559545,0.0019345238095238096,0.026000000000000006
scene-0757,37,11,vehicle.construction,-10.729048205726247,-5.135260878336929,1.1009632527744533,4.549,2.111,2.347,3.002025067674704,0.015638371009394365,0.06433388150575148,0.09707844490453187,2.1100000000000008
scene-0757,37,12,vehicle.car,13.266478108589686,-23.43756551234823,1.1568469070488536,4.487,1.888,1.482,-1.7162359860565757,8.259106614582635,0.20368055209573865,0.0,0.0
scene-0757,37,13,vehicle.car,-44.93752809631801,2.7682549668401317,0.37051827879024946,5.567,2.094,1.996,0.11989182814082906,0.0,0.20825769739078082,0.0,0.0
scene-0757,38,0,vehicle.truck,20.40935691376713,-5.7295001814049,1.488308022599647,5.645,2.187,2.133,1.3744947491164545,7.024044113915066,0.031238388676216644,0.09187538651824366,2.3770000000000007
scene-0757,38,2,vehicle.car,18.842680146013148,8.085160218575833,1.370168534766108,4.78,2.024,2.264,-1.7710052528223112,8.104085511707146,-0.10798507643786093,0.0811141304347826,1.7910000000000004
scene-0757,38,3,vehicle.truck,1.6814304737103136,3.4024331968895463,1.376750726951882,8.702,2.749,3.078,0.10407780948199698,0.021253552193966945,0.08564754425115906,0.0733050440132383,5.338000000000001
scene-0757,38,4,vehicle.car,17.05528236344658,-20.0815525797437,1.4229255614211205,4.443,2.082,1.682,1.3334223202221747,5.905216944576426,-0.05174510716697012,0.008912655971479501,0.14000000000000004
scene-0757,38,6,vehicle.car,-31.68896924205713,15.03156745789207,-0.1719649181837155,4.512,2.06,1.723,-0.25324139842509646,0.0,0.5333359933370665,0.00771864301276066,0.12400000000000003
scene-0757,38,7,vehicle.car,-4.745221870902619,-0.7357095567136204,0.8145770951600793,4.795,2.09,2.0,0.06366299359820335,0.0,0.1595383137969253,0.13903769841269842,2.803000000000001
scene-0757,38,9,vehicle.car,-50.81390071381295,12.481789268040679,-0.03753879273679228,4.204,2.003,1.563,1.2795306482983464,0.0,0.37818790901448696,0.0018601190476190475,0.025000000000000005
scene-0757,38,11,vehicle.construction,-10.728952408155433,-5.158993980658007,1.0664357111323648,4.549,2.111,2.347,2.990421723176303,0.04253060845627938,0.09370453359000153,0.08787669657234874,1.9100000000000006
scene-0757,38,12,vehicle.car,12.673760846756952,-27.530262664563452,1.1610548469642452,4.487,1.888,1.482,-1.7161931147176719,8.259975377344576,0.049876606502170184,0.0007017543859649122,0.009000000000000001
scene-0757,38,13,vehicle.car,-44.937611646563674,2.766457039833593,0.3725191223024278,5.567,2.094,1.996,0.11993349099222607,0.0,0.15627561742077778,0.0,0.0
scene-0757,39,0,vehicle.truck,21.118081007585936,-2.2896586427959273,1.48297531074257,5.645,2.187,2.133,1.3803092519876614,7.275409097330789,0.0033936353328694047,0.0847634508348794,2.1930000000000005
scene-0757,39,2,vehicle.car,18.04433040131483,3.964286770579863,1.4104634016171596,4.78,2.024,2.264,-1.7710027978116296,8.395300299142548,-0.16030979973231774,0.03220108695652174,0.7110000000000002
scene-0757,39,3,vehicle.truck,1.6840274628964473,3.4130291503020507,1.38437127130142,8.702,2.749,3.078,0.10407528902188655,0.021266031111087543,0.09243031329998219,0.07072330023757536,5.150000000000002
scene-0757,39,4,vehicle.car,17.74538708840419,-17.20844333022056,1.4588676816860917,4.443,2.082,1.682,1.3334246342723561,5.895114340948665,-0.09777602881591352,0.046536796536796536,0.7310000000000002
scene-0757,39,6,vehicle.car,-31.68881251524183,15.03149381602622,-0.17216032326889152,4.512,2.06,1.723,-0.2532430632777817,0.0,0.6397599586315166,0.008092125739184563,0.13000000000000003
scene-0757,39,7,vehicle.car,-4.745112267196436,-0.7356898832525308,0.8150271648398146,4.795,2.09,2.0,0.06366050293462899,0.0,0.18317975794463304,0.13501984126984126,2.7220000000000004
scene-0757,39,9,vehicle.car,-50.813862136988966,12.4818945389105,-0.031905227671410685,4.204,2.003,1.563,1.2795327383402493,0.0,0.3883829236133357,0.0020833333333333333,0.028000000000000008
scene-0757,39,10,vehicle.construction,-10.728591612865989,-5.1809565676098295,1.0331716694444444,4.549,2.111,2.347,2.9787872613824886,0.0416885832931295,0.12580115684270599,0.08557625948930296,1.8600000000000003
scene-0757,39,11,vehicle.car,-44.937542602517006,2.766539492561866,0.37717429047917816,5.567,2.094,1.996,0.11993096385267897,0.0,0.12017816465998199,0.0,0.0
scene-0757,40,0,vehicle.truck,21.83624385483288,1.4064822240255253,1.466455919383177,5.645,2.187,2.133,1.38033380718774,7.528730985273754,0.02378941476523,0.007846320346320346,0.20300000000000004
scene-0757,40,2,vehicle.car,17.245978519309407,-0.15639300642853934,1.4502953647786654,4.78,2.024,2.264,-1.7709782578602247,8.395368372315984,-0.10723403612914462,0.0728713768115942,1.6090000000000002
scene-0757,40,3,vehicle.truck,1.6865172368849313,3.4235423401294547,1.3933347187278446,8.702,2.749,3.078,0.10409055440625102,0.02126620354639918,0.1734349958660426,0.06963841854461061,5.0710000000000015
scene-0757,40,4,vehicle.car,18.437261289224452,-14.350630485499897,1.364541357117087,4.443,2.082,1.682,1.3334490991303398,5.884530742005565,0.019542072219460804,0.07251082251082251,1.1390000000000002
scene-0757,40,6,vehicle.car,-31.689032286707153,15.030812855121878,-0.16920750151439634,4.512,2.06,1.723,-0.25322807507183975,0.0,0.8304973176555248,0.007096171802054155,0.11400000000000003
scene-0757,40,7,vehicle.car,-4.74500204027593,-0.7358642017181259,0.8154740026868897,4.795,2.09,2.0,0.0636756147947282,0.0,0.18803847667798224,0.13541666666666666,2.7300000000000004
scene-0757,40,9,vehicle.car,-50.81411144633172,12.48093731786729,-0.024087266518040718,4.204,2.003,1.563,1.279557047772265,0.0,0.5483171985878191,0.0013392857142857143,0.018000000000000006
scene-0757,40,10,vehicle.construction,-10.729035085165169,-5.20370299005814,0.9995041064166872,4.549,2.111,2.347,2.9671694962111457,0.04220177814771925,0.15032579018236714,0.08129744651483782,1.7670000000000006
scene-0757,40,11,vehicle.car,-44.93755251999813,2.765637615644036,0.38286221598413706,5.567,2.094,1.996,0.11994629745050882,0.0,0.27600103450986624,0.0,0.0
