cls,has_gt,recall,clean,iou,surf_free,surf_unknown,mesh_free_frac,mesh_free_m3,obb_free_frac,obb_free_m3,pipeline_obb_free_frac,pipeline_obb_free_m3,pipeline_obb_below_ground,gt_free_frac,gt_free_m3,floor_free,ground_z,mesh_below_ground,obb_below_ground,gt_below_ground,n_violating,not_implied,gt_speed,gt_range,cam,prompt,sam3_index,scene,frame_idx
car,True,0.6357677902621723,False,,0.1788,0.80145,0.17091321897073664,1.3550000000000004,0.15180516651104886,1.9510000000000005,0.15180516651104886,1.9510000000000005,0.48094105350349725,0.2424969987995198,2.0200000000000005,0.4467,-0.028435319662094116,0.4168115542403101,0.48094105350349725,-0.028435319662094227,2394,0.7865497076023392,,14.320493990569407,CAM_FRONT,car,0,scene-euro-citystrasbourg-scenariolatesession-00002_1,560
car,True,0.011772192173083042,False,,0.0,1.0,0.0,0.0,0.002412075941487706,0.031000000000000007,0.002412075941487706,0.031000000000000007,0.6869609823468183,0.07960481489893255,0.7010000000000003,0.15655,-0.11117963492870331,0.6145620055361916,0.6869609823468183,0.007688865071296513,0,,,24.67070288753241,CAM_FRONT,car,1,scene-euro-citystrasbourg-scenariolatesession-00002_1,560
car,True,0.006890791396951347,False,,0.00075,0.99925,0.0009342301943198804,0.005000000000000001,0.0017921146953405018,0.016000000000000004,0.0017921146953405018,0.016000000000000004,0.5377037635065314,0.1375283446712018,1.2130000000000003,0.1248,-0.08184568583965302,0.487323318983634,0.5377037635065314,-0.10498918583965311,10,1.0,,18.68055744972448,CAM_FRONT,car,2,scene-euro-citystrasbourg-scenariolatesession-00002_1,560
bicycle,False,0.3205351948807446,False,,0.7386,0.23815,0.7372881355932204,0.17400000000000004,0.72890625,0.9330000000000002,0.7686631944444444,1.7710000000000006,0.01784036151953261,,,,0.024924449622631073,0.004407808975725635,0.01784036151953261,,11439,0.6914940117143107,,,CAM_FRONT,bicycle,0,scene-euro-citystrasbourg-scenariolatesession-00002_1,560
bicycle,False,0.0,True,0.0,0.12395,0.87175,0.11036036036036036,0.04900000000000001,0.10173160173160173,0.047000000000000014,0.10173160173160173,0.047000000000000014,0.5078156834323564,,,,-0.22192774713039398,0.48983658139183406,0.5078156834323564,,1147,1.0,,,CAM_FRONT,bicycle,1,scene-euro-citystrasbourg-scenariolatesession-00002_1,560
bicycle,True,0.2828104286345559,True,0.20144790683034308,0.7831,0.21395,0.7586206896551724,0.06600000000000002,0.6990740740740741,0.15100000000000002,0.6462418300653595,0.7910000000000001,0.009252334729896061,0.40476190476190477,0.05100000000000001,0.43315,0.0009282976388931274,-0.06229830531241505,-0.053451413656409485,-0.05949220236110697,8840,0.6317873303167421,,18.478758379440375,CAM_FRONT,bicycle,2,scene-euro-citystrasbourg-scenariolatesession-00002_1,560
car,True,0.9906291664021332,False,,0.27895,0.6899,0.20463452036121996,1.2010000000000003,0.2630482456140351,2.399000000000001,0.2630482456140351,2.399000000000001,0.16187805670996114,0.22112165178571427,1.5850000000000004,0.29905,0.04634593427181244,0.11592331595687612,0.16187805670996114,0.05539843427181246,3593,0.46423601447258556,,10.374546117203556,CAM_FRONT,car,0,scene-euro-citystrasbourg-scenariolatesession-00002_1,600
car,True,0.7451737451737451,False,,0.03325,0.96415,0.017269587347754953,0.09500000000000001,0.061957465277777776,0.5710000000000002,0.061957465277777776,0.5710000000000002,0.24017047752554155,0.10925925925925926,0.9440000000000003,0.11505,-0.04836580157279968,0.1837090811015019,0.24017047752554155,0.07048769842720037,217,0.2949308755760369,,21.870478211175037,CAM_FRONT,car,1,scene-euro-citystrasbourg-scenariolatesession-00002_1,600
car,True,0.6731665331077672,False,,0.11565,0.87755,0.07501363884342607,0.275,0.13209876543209875,0.7490000000000001,0.13209876543209875,0.7490000000000001,0.12569437421843155,0.29848484848484846,2.3640000000000003,0.17525,0.05073125660419464,0.06727667011149835,0.12569437421843155,0.013926256604194553,1071,0.8328664799253035,,6.34039640545482,CAM_FRONT,car,2,scene-euro-citystrasbourg-scenariolatesession-00002_1,600
car,True,0.30162810625535563,False,,0.0475,0.9509,0.02089712186160441,0.2730000000000001,0.03388468809073724,0.7170000000000001,0.03388468809073724,0.7170000000000001,0.7367859649393453,0.021169354838709676,0.14700000000000002,0.09935,0.08016233146190643,0.6787488644500825,0.7367859649393453,0.24288583146190645,217,0.6774193548387097,,33.564544812400385,CAM_FRONT,car,3,scene-euro-citystrasbourg-scenariolatesession-00002_1,600
car,True,0.8227612903225806,False,,0.10515,0.8792,0.04474966770048737,0.30300000000000005,0.11571691176470589,1.2590000000000003,0.11571691176470589,1.2590000000000003,0.2838977253063375,0.15843843843843844,1.3190000000000004,0.30425,0.019707247614860535,0.22710431016653987,0.2838977253063375,0.06557824761486053,1021,0.6885406464250734,,16.426586473749904,CAM_FRONT,car,4,scene-euro-citystrasbourg-scenariolatesession-00002_1,600
bicycle,True,0.7431470274118903,True,0.4184205251553417,0.48705,0.4704,0.4386503067484663,0.14300000000000004,0.3121907332433648,0.6940000000000001,0.3121907332433648,0.6940000000000001,0.1435313738660302,0.8909090909090909,0.29400000000000004,0.92305,0.2410811334848404,0.12276680440261065,0.1435313738660302,0.05818413348484042,4860,0.5582304526748971,,12.51938202284381,CAM_FRONT,bicycle,0,scene-euro-citystrasbourg-scenariolatesession-00002_1,600
bicycle,True,0.6706346308332725,True,0.46390502652184895,0.4969,0.40435,0.5810055865921788,0.10400000000000004,0.5238095238095238,0.46200000000000013,0.6265756302521008,1.1930000000000003,0.10842738545982411,0.6767676767676768,0.13400000000000004,0.50715,0.2326255589723587,0.08990357186010992,0.10842738545982411,0.009873558972358698,6992,0.39273455377574373,,9.779347772966664,CAM_FRONT,bicycle,1,scene-euro-citystrasbourg-scenariolatesession-00002_1,600
car,True,0.9158771188304105,False,,0.2498,0.63945,0.159843315643164,1.2650000000000001,0.2319327731092437,2.8980000000000006,0.2319327731092437,2.8980000000000006,0.4015731289653335,0.29848484848484846,2.3640000000000003,0.4906,0.07064615190029144,0.2866794600775686,0.4015731289653335,0.033841151900291355,2412,0.5174129353233831,,6.34039640545482,CAM_FRONT_RIGHT,car,0,scene-euro-citystrasbourg-scenariolatesession-00002_1,600
bicycle,True,0.5703647426367048,False,,0.52615,0.4045,0.51,0.20400000000000004,0.5931122448979592,1.3950000000000005,0.6823308270676691,2.1780000000000004,0.21729170766527206,0.7436868686868687,0.5890000000000002,0.6862,0.0966801792383194,0.1895886013893892,0.21729170766527206,-0.15346732076168057,7411,0.7196059910943193,,3.932168137949729,CAM_FRONT_RIGHT,bicycle,0,scene-euro-citystrasbourg-scenariolatesession-00002_1,600
bicycle,False,0.6066339404134183,False,,0.40445,0.5201,0.4632352941176471,0.06300000000000001,0.47275641025641024,0.29500000000000004,0.5804783451842276,0.8980000000000002,-0.0004323313805407736,,,,0.20231328904628754,-0.22420438553665167,-0.2160628843630807,,5183,0.78834651746093,,,CAM_FRONT_LEFT,bicycle,0,scene-euro-citystrasbourg-scenariolatesession-00002_1,639
bicycle,True,0.6309312028980819,True,0.4311352761109085,0.3359,0.5888,0.37333333333333335,0.08400000000000003,0.39625850340136054,0.46600000000000014,0.39625850340136054,0.46600000000000014,0.21888976584359998,0.6180555555555556,0.17800000000000007,0.36725,0.3144457936286926,0.2002774831685958,0.21888976584359998,0.04746129362869245,3633,0.5973025048169557,,4.498781199898539,CAM_FRONT_LEFT,bicycle,1,scene-euro-citystrasbourg-scenariolatesession-00002_1,639
car,True,0.9101884932856967,False,,0.1248,0.8566,0.08688656476267095,0.6480000000000001,0.13282988871224166,1.6710000000000005,0.13282988871224166,1.6710000000000005,0.14430218202913392,0.15709342560553632,1.362,0.27385,-0.10181085765361786,0.08604186882755438,0.14430218202913392,0.021467642346381988,775,0.432258064516129,,25.042172761693116,CAM_FRONT,car,0,scene-euro-citystrasbourg-scenariolatesession-00002_1,639
car,True,0.9548507121618642,False,,0.19495,0.74675,0.10215404699738903,0.6260000000000002,0.19611068111455107,2.027,0.19611068111455107,2.027,0.20450750941511253,0.28809902339314103,2.537000000000001,0.30535,0.0400141216814518,0.11442420397499849,0.20450750941511253,-0.006127378318548482,2002,0.35214785214785216,,8.006743271495049,CAM_FRONT,car,1,scene-euro-citystrasbourg-scenariolatesession-00002_1,639
car,True,0.8708770769612301,False,,0.12905,0.85935,0.07881021990593619,0.6200000000000001,0.18780599755201957,2.4550000000000005,0.18780599755201957,2.4550000000000005,0.255787494716909,0.22077777777777777,1.9870000000000003,0.37145,0.03579073026776314,0.1883203791828016,0.255787494716909,0.09942173026776302,1259,0.5003971405877681,,13.34185910672105,CAM_FRONT,car,2,scene-euro-citystrasbourg-scenariolatesession-00002_1,639
car,False,0.8251273344651953,False,,0.0,1.0,0.0,0.0,0.0,0.0,0.0,0.0,0.2817058256762688,,,,-0.2525152862071991,0.20130015594470563,0.2817058256762688,,0,,,,CAM_FRONT,car,3,scene-euro-citystrasbourg-scenariolatesession-00002_1,639
car,True,0.8740106079151366,False,,0.209,0.73455,0.09641819941916747,0.4980000000000001,0.1508641975308642,1.2220000000000002,0.1508641975308642,1.2220000000000002,0.19012517914280247,0.28809902339314103,2.537000000000001,0.1537,0.009377973154187202,0.1269506824921941,0.19012517914280247,-0.03676352684581308,2140,0.6570093457943925,,8.006743271495049,CAM_FRONT_RIGHT,car,0,scene-euro-citystrasbourg-scenariolatesession-00002_1,639
car,False,0.8755299278445596,False,,0.0891,0.90165,0.08977145491668313,2.7260000000000004,0.14410734531908,28.471000000000004,0.14410734531908,28.471000000000004,3.0370823623514642,,,,0.3615129590034485,2.781581260512867,3.0370823623514642,,1168,0.714041095890411,,,CAM_FRONT_RIGHT,car,1,scene-euro-citystrasbourg-scenariolatesession-00002_1,639
car,True,0.7582838150871185,False,,0.1564,0.8412,0.08682970608032309,0.38700000000000007,0.2300595238095238,1.5460000000000003,0.2300595238095238,1.5460000000000003,0.1360898180345831,0.3450023912003826,3.607000000000001,0.2049,0.08192236721515656,0.08353419039561055,0.1360898180345831,0.0328983672151566,1652,0.8583535108958837,,6.431919365964544,CAM_FRONT,car,0,scene-euro-citystrasbourg-scenariolatesession-00002_1,679
car,False,0.6079115764979639,False,,0.0722,0.92575,0.03204524033930255,0.13600000000000004,0.07198879551820728,0.514,0.07198879551820728,0.514,0.1830815359990321,,,,-0.16208164393901825,0.1354566726225539,0.1830815359990321,,553,0.2784810126582279,,,CAM_FRONT,car,1,scene-euro-citystrasbourg-scenariolatesession-00002_1,679
car,False,0.0,False,,0.0,1.0,0.0,0.0,0.0,0.0,0.0,0.0,0.5031046727740007,,,,-0.13851003348827362,0.49715119876971203,0.5031046727740007,,0,,,,CAM_FRONT,car,2,scene-euro-citystrasbourg-scenariolatesession-00002_1,679
car,True,0.9234384924835909,True,0.7594553179633629,0.23135,0.71765,0.12337217272104181,0.9000000000000002,0.20986842105263157,2.2330000000000005,0.20986842105263157,2.2330000000000005,0.041011936801400584,0.22941176470588234,1.9890000000000003,0.31805,-0.1348595768213272,-0.02334400212500945,0.041011936801400584,-0.12423607682132709,2290,0.5703056768558952,,17.871223734697676,CAM_FRONT,car,3,scene-euro-citystrasbourg-scenariolatesession-00002_1,679
car,False,0.7848101265822784,False,,0.0,1.0,0.0,0.0,0.0,0.0,0.0,0.0,0.2721090242899462,,,,-0.19550685584545135,0.19248719546318954,0.2721090242899462,,0,,,,CAM_FRONT,car,4,scene-euro-citystrasbourg-scenariolatesession-00002_1,679
bicycle,False,0.33507853403141363,False,,0.07575,0.9197,0.05723905723905724,0.017000000000000008,0.04017857142857143,0.04500000000000002,0.04017857142857143,0.04500000000000002,-0.15965687497417713,,,,-0.19138018786907196,-0.18400934297632754,-0.15965687497417713,,420,0.1952380952380952,,,CAM_FRONT,bicycle,0,scene-euro-citystrasbourg-scenariolatesession-00002_1,679
car,True,0.6677126917712691,False,,0.01395,0.98095,0.00817140009965122,0.082,0.017150247413405307,0.305,0.017150247413405307,0.305,1.1755145795494804,0.3684684684684685,3.272000000000001,0.4371,-0.13746513426303864,1.0786405617076147,1.1755145795494804,-0.2524516342630385,125,0.31999999999999995,,2.6646227790789223,CAM_FRONT_RIGHT,car,0,scene-euro-citystrasbourg-scenariolatesession-00002_1,679
car,True,0.996621316163909,False,,0.25175,0.67395,0.14976641934597418,1.0900000000000003,0.2696278511404562,3.3690000000000007,0.2696278511404562,3.3690000000000007,0.2088942635183979,0.3450023912003826,3.607000000000001,0.3917,0.0464366152882576,0.13214920021180135,0.2088942635183979,-0.0025873847117423576,2942,0.5669612508497621,,6.431919365964544,CAM_FRONT_RIGHT,car,1,scene-euro-citystrasbourg-scenariolatesession-00002_1,679
car,True,0.7366249540434919,False,,0.26325,0.7113,0.23222506393861891,2.2700000000000005,0.2458545502023763,3.766000000000001,0.2458545502023763,3.766000000000001,0.4782835102690086,0.27571321321321324,2.938000000000001,0.4801,-0.03610184043645859,0.37600782969330315,0.4782835102690086,-0.06265734043645854,4077,0.963944076526858,,7.0671851089486974,CAM_FRONT_LEFT,car,0,scene-euro-citystrasbourg-scenariolatesession-00002_1,1040
car,False,0.8779226153527829,True,0.37128106405320266,0.52765,0.44505,0.4797297297297297,0.07100000000000002,0.5679012345679012,0.09200000000000001,0.5679012345679012,0.09200000000000001,-0.3887406792875048,,,,0.5457878708839417,-0.3938451172335069,-0.3887406792875048,,5610,0.49286987522281644,,,CAM_FRONT_LEFT,car,1,scene-euro-citystrasbourg-scenariolatesession-00002_1,1040
car,True,0.8945038220746429,False,,0.27525,0.6991,0.17230554586675967,0.9880000000000002,0.24209104938271606,2.5100000000000007,0.24209104938271606,2.5100000000000007,0.0953300111306774,0.25077399380804954,2.5920000000000005,0.25505,-0.012364409863948822,0.022156692003933776,0.0953300111306774,-0.01236490986394867,3251,0.3414334051061212,,11.495756301428909,CAM_FRONT,car,0,scene-euro-citystrasbourg-scenariolatesession-00002_1,1040
car,True,0.37636165577342046,False,,0.0292,0.96755,0.032330489447687474,0.07200000000000002,0.0383442265795207,0.26400000000000007,0.0383442265795207,0.26400000000000007,-0.2898280833899336,0.04808558558558559,0.42700000000000016,0.04125,-0.04102092236280441,-0.3403962309819886,-0.2898280833899336,-0.3451734223628041,237,0.42616033755274263,,37.29539553957988,CAM_FRONT,car,1,scene-euro-citystrasbourg-scenariolatesession-00002_1,1040
car,True,0.992148097504536,False,,0.4071,0.5713,0.3095349929544387,1.3180000000000003,0.36237037037037034,2.4460000000000006,0.36237037037037034,2.4460000000000006,-0.025094268332753522,0.27571321321321324,2.938000000000001,0.1667,-0.055141232907772064,-0.09300322014611936,-0.025094268332753522,-0.08169673290777202,5676,0.6150458069062721,,7.0671851089486974,CAM_FRONT,car,2,scene-euro-citystrasbourg-scenariolatesession-00002_1,1040
bicycle,False,0.48901216129720504,True,0.35689816256617873,0.45325,0.51895,0.49291784702549574,0.17400000000000004,0.6881091617933723,1.4120000000000004,0.6881091617933723,1.4120000000000004,-0.1593919255864964,,,,-0.06215836852788925,-0.18063057693995865,-0.1593919255864964,,5315,0.7657572906867356,,,CAM_FRONT,bicycle,0,scene-euro-citystrasbourg-scenariolatesession-00002_1,1040
motorcycle,False,0.5537671232876712,True,0.4332797427652733,0.19145,0.79605,0.19724770642201836,0.08600000000000002,0.18522119591638309,0.38100000000000006,0.18601651186790505,0.7210000000000001,-0.026159772616141774,,,,-0.05467074364423752,-0.4642149635262935,-0.4399909341136867,,1451,0.10751206064782903,,,CAM_FRONT,motorcycle,0,scene-euro-citystrasbourg-scenariolatesession-00002_1,1040
motorcycle,True,0.3303607620591812,False,,0.64625,0.3503,0.6828193832599119,0.15500000000000003,0.5942513368983957,0.8890000000000002,0.5942513368983957,0.8890000000000002,-0.18933450647684436,0.5513392857142857,0.7410000000000001,0.6255,-0.0375530943274498,-0.20684515044085108,-0.18933450647684436,-0.12607659432744978,8429,0.702811721437893,,15.706869475267384,CAM_FRONT,motorcycle,1,scene-euro-citystrasbourg-scenariolatesession-00002_1,1040
car,False,1.0,False,,0.06275,0.9349,0.06480457499719089,10.958000000000002,0.05936050424207465,79.03400000000002,0.05936050424207465,79.03400000000002,3.293285576076592,,,,0.2261316180229187,3.0102352649550217,3.293285576076592,,918,0.8082788671023965,,,CAM_FRONT_LEFT,car,0,scene-euro-citystrasbourg-scenariolatesession-00002_1,1080
car,False,0.8938231731933791,False,,0.1331,0.86295,0.09811639021647456,0.3490000000000001,0.13142857142857142,0.7820000000000001,0.13142857142857142,0.7820000000000001,-0.425894005081925,,,,-0.02940712869167328,-0.469751871157281,-0.425894005081925,,741,0.0,,,CAM_FRONT,car,0,scene-euro-citystrasbourg-scenariolatesession-00002_1,1080
car,True,0.7410207721963289,False,,0.21465,0.77725,0.23190184049079754,0.37800000000000006,0.20601851851851852,0.6230000000000002,0.20601851851851852,0.6230000000000002,0.06472013652022213,0.289006456241033,3.2230000000000008,0.16905,0.052645474672317505,0.0003863985920974436,0.06472013652022213,0.052644974672317546,2230,0.8695067264573991,,4.338340110545217,CAM_FRONT,car,1,scene-euro-citystrasbourg-scenariolatesession-00002_1,1080
car,False,0.9995959378912163,False,,0.18215,0.80945,0.19260669522449628,2.428000000000001,0.13632512787723786,17.057000000000006,0.13632512787723786,17.057000000000006,1.7962195226994293,,,,-0.03390609472990036,1.7743314364559897,1.7962195226994293,,2225,0.5334831460674156,,,CAM_FRONT,car,2,scene-euro-citystrasbourg-scenariolatesession-00002_1,1080
bicycle,False,0.5287944582299421,True,0.37689756816507003,0.4647,0.5081,0.555858310626703,0.20400000000000004,0.7915893630179345,2.560000000000001,0.7915893630179345,2.560000000000001,0.04355189797303849,,,,0.01988525688648224,0.022176419376151713,0.04355189797303849,,5487,0.6597412064880627,,,CAM_FRONT,bicycle,0,scene-euro-citystrasbourg-scenariolatesession-00002_1,1080
bicycle,False,0.5221911235505797,False,,0.6693,0.2701,0.7331460674157303,0.26100000000000007,0.6517006802721088,1.9160000000000004,0.6517006802721088,1.9160000000000004,-0.1983072340864387,,,,-0.10848967730998993,-0.21556553527993222,-0.1983072340864387,,6552,0.42109279609279604,,,CAM_FRONT,bicycle,1,scene-euro-citystrasbourg-scenariolatesession-00002_1,1080
bicycle,False,0.6606060606060606,True,0.6364963503649635,0.20395,0.7866,0.175,0.028000000000000004,0.17,0.03400000000000001,0.17,0.03400000000000001,-0.2776552764973115,,,,0.33078134059906006,-0.29041534400670965,-0.2776552764973115,,1913,0.006272869837950834,,,CAM_FRONT,bicycle,2,scene-euro-citystrasbourg-scenariolatesession-00002_1,1080
bicycle,True,0.6590926247452253,False,,0.6823,0.20035,0.716,0.17900000000000002,0.8603896103896104,1.3250000000000002,0.8603896103896104,1.3250000000000002,0.03388491655953807,0.8314814814814815,1.3470000000000002,0.91045,0.033011116087436676,0.013722296342646541,0.03388491655953807,-0.1468533839125633,9420,0.4643312101910828,,8.06901172165161,CAM_FRONT,bicycle,3,scene-euro-citystrasbourg-scenariolatesession-00002_1,1080
bicycle,False,0.35940552609545073,False,,0.6835,0.2877,0.7727272727272727,0.08500000000000002,0.7361111111111112,0.26500000000000007,0.7361111111111112,0.26500000000000007,-0.09269596173555317,,,,0.0894211083650589,-0.10388068999143499,-0.09269596173555317,,8662,0.5020780420226276,,,CAM_FRONT,bicycle,4,scene-euro-citystrasbourg-scenariolatesession-00002_1,1080
bicycle,False,0.5700344871631116,True,0.3924548212636855,0.51615,0.3284,0.5083487940630798,0.2740000000000001,0.4694602272727273,1.9830000000000005,0.6145833333333334,4.425000000000002,0.39275767845764453,,,,0.21429143846035004,0.3647671017626565,0.39275767845764453,,6107,0.5321761912559357,,,CAM_FRONT_LEFT,bicycle,0,scene-euro-citystrasbourg-scenariolatesession-00002_1,1120
car,True,0.5282429113641438,False,,0.1165,0.87705,0.05175709454491986,0.3520000000000001,0.1334967320261438,1.6340000000000006,0.1334967320261438,1.6340000000000006,0.18897529460951668,0.12203703703703704,1.3180000000000003,0.1861,0.11873422563076019,0.1365701036666486,0.18897529460951668,-0.0029182743692399704,345,0.5797101449275363,,22.44435876679799,CAM_FRONT,car,0,scene-euro-citystrasbourg-scenariolatesession-00002_1,1120
bicycle,False,0.589541506069148,False,,0.604,0.38015,0.6430517711171662,0.23600000000000004,0.6773504273504274,1.2680000000000005,0.6773504273504274,1.2680000000000005,-0.03488689590292937,,,,0.029322609305381775,-0.06604112268676042,-0.03488689590292937,,6796,0.21483225426721597,,,CAM_FRONT,bicycle,0,scene-euro-citystrasbourg-scenariolatesession-00002_1,1120
bicycle,False,0.6273935410117176,True,0.34203248549059323,0.6568,0.32285,0.699438202247191,0.24900000000000005,0.6271929824561403,1.2870000000000001,0.6271929824561403,1.2870000000000001,-0.02233540241273313,,,,0.1585744023323059,-0.04672500345289224,-0.02233540241273313,,8770,0.5948688711516534,,,CAM_FRONT,bicycle,1,scene-euro-citystrasbourg-scenariolatesession-00002_1,1120
bicycle,False,0.566313814033956,False,,0.1532,0.8197,0.18783422459893048,0.2810000000000001,0.2745944531658817,6.297000000000001,0.2745944531658817,6.297000000000001,1.4857552133090892,,,,0.33441808819770813,1.4554282137720036,1.4857552133090892,,2383,0.9248845992446496,,,CAM_FRONT_RIGHT,bicycle,0,scene-euro-citystrasbourg-scenariolatesession-00002_1,1120
bicycle,False,0.6688590494911948,False,,0.73075,0.1298,0.7804878048780488,0.2880000000000001,0.7958089668615984,1.6330000000000002,0.7958089668615984,1.6330000000000002,0.010578201719853464,,,,0.07669025659561157,-0.010939655218731636,0.010578201719853464,,9764,0.39020893076607943,,,CAM_FRONT_LEFT,bicycle,0,scene-euro-citystrasbourg-scenariolatesession-00002_1,1160
bicycle,False,0.5646639361169226,False,,0.04065,0.9409,0.04914744232698094,0.04900000000000001,0.0857471264367816,0.7460000000000002,0.0857471264367816,0.7460000000000002,0.9703283787171875,,,,0.2875833213329315,0.9230098569663385,0.9703283787171875,,402,0.9975124378109452,,,CAM_FRONT_LEFT,bicycle,1,scene-euro-citystrasbourg-scenariolatesession-00002_1,1160
car,True,0.6220703748642953,False,,0.0748,0.9195,0.07229818318037086,0.7720000000000002,0.09164957849168376,1.6090000000000004,0.09164957849168376,1.6090000000000004,0.5606898335050319,0.175,1.7850000000000004,0.376,0.2577064037322998,0.4975380600305253,0.5606898335050319,0.039875403732299364,646,0.9705882352941176,,15.752732964629311,CAM_FRONT,car,0,scene-euro-citystrasbourg-scenariolatesession-00002_1,1160
car,True,0.029601518026565465,False,,0.004,0.996,0.005000595308965353,0.042000000000000016,0.013011695906432749,0.17800000000000005,0.013011695906432749,0.17800000000000005,0.496612020556378,0.07239819004524888,0.7200000000000002,0.11405,0.35753297805786133,0.4475487152603607,0.496612020556378,0.03019397805786095,13,1.0,,25.26800679253367,CAM_FRONT,car,1,scene-euro-citystrasbourg-scenariolatesession-00002_1,1160
bicycle,False,0.6702127659574468,True,0.4483985765124555,0.3559,0.6109,0.3392857142857143,0.03800000000000001,0.359375,0.04600000000000001,0.359375,0.04600000000000001,-0.15022356588654123,,,,0.2641574740409851,-0.15895906628084538,-0.15022356588654123,,2496,0.4451121794871795,,,CAM_FRONT,bicycle,0,scene-euro-citystrasbourg-scenariolatesession-00002_1,1160
bicycle,False,0.6664873497520384,False,,0.78485,0.20735,0.7541436464088398,0.2730000000000001,0.7435897435897436,1.3920000000000003,0.7435897435897436,1.3920000000000003,0.03075362401723547,,,,0.17153581976890564,-0.02467806248165408,0.03075362401723547,,10672,0.2890742128935532,,,CAM_FRONT,bicycle,1,scene-euro-citystrasbourg-scenariolatesession-00002_1,1160
bicycle,False,0.4377142857142857,True,0.2609584374290257,0.72255,0.20265,0.6171428571428571,0.10800000000000003,0.5993589743589743,0.37400000000000005,0.6290064102564102,0.7850000000000001,0.04003159894835173,,,,0.1853930652141571,0.023537084173741257,0.04003159894835168,,7156,0.534097261039687,,,CAM_FRONT,bicycle,2,scene-euro-citystrasbourg-scenariolatesession-00002_1,1160
bicycle,False,0.6004086316437628,False,,0.52115,0.43805,0.5266524520255863,0.24700000000000005,0.5744047619047619,2.1230000000000007,0.5744047619047619,2.1230000000000007,0.06846633498325083,,,,0.18113809823989868,0.04458361448056414,0.06846633498325083,,6455,0.5711851278079009,,,CAM_FRONT,bicycle,3,scene-euro-citystrasbourg-scenariolatesession-00002_1,1160
car,False,0.3537275064267352,False,,0.00565,0.9939,0.0035547240411599626,0.019000000000000006,0.028331918505942275,0.26700000000000007,0.028331918505942275,0.26700000000000007,0.4621380349439146,,,,-0.010094471275806427,0.425541809853731,0.4621380349439146,,30,1.0,,,CAM_FRONT,car,0,scene-euro-citystrasbourg-scenariolatesession-00002_1,1200
car,True,0.9430817159636181,False,,0.26635,0.6727,0.14836122733612273,0.8510000000000002,0.3001395534290271,3.0110000000000006,0.3001395534290271,3.0110000000000006,0.13823675170047278,0.2827850877192982,2.5790000000000006,0.23665,0.06985174864530563,0.08304242948719673,0.13823675170047278,-0.017990251354694675,3318,0.4002411091018686,,8.439174990647894,CAM_FRONT,car,1,scene-euro-citystrasbourg-scenariolatesession-00002_1,1200
car,True,0.9380583096102876,False,,0.1856,0.80495,0.0996008363429006,0.5240000000000001,0.1687427912341407,1.4630000000000003,0.1687427912341407,1.4630000000000003,0.10054982788576372,0.17688338493292052,1.7140000000000004,0.1128,-0.05868864804506302,0.04140924522886455,0.10054982788576372,-0.04661164804506335,1702,0.5464159811985899,,17.85864082846571,CAM_FRONT,car,2,scene-euro-citystrasbourg-scenariolatesession-00002_1,1200
car,True,0.9323075600636094,False,,0.181,0.8001,0.09967320261437909,0.5490000000000002,0.15456989247311828,1.3800000000000003,0.15456989247311828,1.3800000000000003,0.22171986254081366,0.19279711884753903,1.6060000000000005,0.17235,0.06271786242723465,0.16825598931534952,0.22171986254081366,0.035662362427234306,2193,0.416780665754674,,13.653734052163976,CAM_FRONT,car,3,scene-euro-citystrasbourg-scenariolatesession-00002_1,1200
bicycle,False,0.7502270663033606,False,,0.48115,0.4157,0.3622448979591837,0.07100000000000002,0.34,0.3570000000000001,0.34,0.3570000000000001,-0.02129108153543169,,,,0.022136203944683075,-0.03804463160888788,-0.02129108153543169,,4377,0.49074708704592185,,,CAM_FRONT,bicycle,0,scene-euro-citystrasbourg-scenariolatesession-00002_1,1200
bicycle,True,0.8760837386339607,False,,0.547,0.42385,0.4935064935064935,0.15200000000000002,0.39554655870445343,0.9770000000000002,0.39554655870445343,0.9770000000000002,0.14816749747326408,0.78125,0.3000000000000001,0.73485,-0.004790902137756348,0.12412563571021426,0.14816749747326408,-0.05890190213775659,4972,0.3236122284794851,,13.10257032277954,CAM_FRONT,bicycle,1,scene-euro-citystrasbourg-scenariolatesession-00002_1,1200
bicycle,True,0.6983546617915904,True,0.3852748361069087,0.60995,0.34665,0.6907630522088354,0.17200000000000004,0.5611111111111111,0.8080000000000003,0.5611111111111111,0.8080000000000003,0.11955594224383592,0.61,0.36600000000000005,0.58145,-0.11831142008304596,0.10239308108251075,0.11955594224383592,-0.04731042008304609,7071,0.6458775279309857,,20.09024160503996,CAM_FRONT,bicycle,2,scene-euro-citystrasbourg-scenariolatesession-00002_1,1200
car,True,0.9707904203419898,False,,0.3133,0.6522,0.19917420369642155,1.0130000000000003,0.26481481481481484,2.2880000000000007,0.26481481481481484,2.2880000000000007,0.1484437902377611,0.2827850877192982,2.5790000000000006,0.20725,0.060439083725214005,0.0407766140498724,0.1484437902377611,-0.027402916274786304,3825,0.7077124183006536,,8.439174990647894,CAM_FRONT_RIGHT,car,0,scene-euro-citystrasbourg-scenariolatesession-00002_1,1200
bicycle,False,0.6106535070212997,False,,0.45125,0.52045,0.48868778280542985,0.10800000000000003,0.6001188354129531,1.0100000000000002,0.6001188354129531,1.0100000000000002,0.018298303241760516,,,,0.27750423550605774,0.001471646505204871,0.018298303241760516,,6705,0.8526472781506338,,,CAM_FRONT_RIGHT,bicycle,0,scene-euro-citystrasbourg-scenariolatesession-00002_1,1200
bicycle,False,0.5623373672366907,False,,0.87935,0.08265,0.8643533123028391,0.274,0.8245614035087719,1.6920000000000004,0.8245614035087719,1.6920000000000004,0.043312867528203736,,,,0.10095185041427612,0.021367087937949433,0.043312867528203736,,15397,0.6228486068714685,,,CAM_FRONT_RIGHT,bicycle,1,scene-euro-citystrasbourg-scenariolatesession-00002_1,1200
bicycle,False,0.5133368654272228,False,,0.1315,0.8458,0.1389370306181398,0.4810000000000001,0.24322387877679197,15.955000000000004,0.24322387877679197,15.955000000000004,2.2392713131874604,,,,0.5202962756156921,2.1599392497689465,2.2392713131874604,,1737,0.8094415659182499,,,CAM_FRONT_RIGHT,bicycle,2,scene-euro-citystrasbourg-scenariolatesession-00002_1,1200
bicycle,True,0.69404321967099,True,0.5071510853791721,0.6913,0.0751,0.6443850267379679,0.24100000000000008,0.50625,1.0530000000000002,0.50625,1.0530000000000002,0.11632181942745468,0.840625,0.8070000000000002,0.9307,0.1644848734140396,0.099363654453948,0.11632181942745468,-0.02102012658596042,7260,0.3822314049586777,,5.726787094691893,CAM_FRONT_LEFT,bicycle,0,scene-euro-citystrasbourg-scenariolatesession-00002_1,1240
car,True,0.9554458013841477,False,,0.20395,0.76915,0.09496520671305772,0.6960000000000002,0.19220992822966507,2.5710000000000006,0.19220992822966507,2.5710000000000006,0.18410769564059803,0.2512065637065637,2.0820000000000003,0.3632,0.0034064725041389465,0.1049650305356353,0.18410769564059803,-0.03379002749586113,2211,0.37765716870194477,,10.021321525433233,CAM_FRONT,car,0,scene-euro-citystrasbourg-scenariolatesession-00002_1,1240
car,True,0.9050734570652493,False,,0.2303,0.76155,0.1577531113353515,0.46900000000000014,0.2571428571428571,1.1700000000000002,0.2571428571428571,1.1700000000000002,-0.008217989388452418,0.37286914765906365,3.1060000000000008,0.2457,0.039145104587078094,-0.06126959396614409,-0.008217989388452418,0.012089604587078084,2718,0.7799852832965416,,6.218135379391419,CAM_FRONT,car,1,scene-euro-citystrasbourg-scenariolatesession-00002_1,1240
car,True,0.8820101966496723,False,,0.0274,0.97075,0.022243034418169046,0.09500000000000001,0.035854341736694675,0.25600000000000006,0.035854341736694675,0.25600000000000006,-0.05897336701667544,0.010926573426573426,0.07500000000000001,0.00625,-0.3712967038154602,-0.10668949006025208,-0.05897336701667544,-0.16281520381546016,257,0.2490272373540856,,41.146523863094075,CAM_FRONT,car,2,scene-euro-citystrasbourg-scenariolatesession-00002_1,1240
car,True,0.4829943455143894,False,,0.0253,0.9741,0.014086278455540184,0.11200000000000004,0.06921206921206921,0.9680000000000003,0.06921206921206921,0.9680000000000003,0.40880790848869264,0.16580882352941176,1.3530000000000002,0.3263,-0.10948789119720459,0.3491940489555152,0.40880790848869264,-0.059216891197204635,171,0.935672514619883,,14.92260545075036,CAM_FRONT,car,3,scene-euro-citystrasbourg-scenariolatesession-00002_1,1240
car,True,0.30246913580246915,False,,0.0065,0.9935,0.006600660066006601,0.04200000000000001,0.02410065567960305,0.2720000000000001,0.02410065567960305,0.2720000000000001,0.3243498839411123,0.13381410256410256,1.3360000000000003,0.18385,-0.19105207920074463,0.27171362367489005,0.3243498839411123,-0.07780407920074472,36,0.6944444444444444,,19.454434692015624,CAM_FRONT,car,4,scene-euro-citystrasbourg-scenariolatesession-00002_1,1240
bicycle,True,0.7141752292564357,True,0.46755877034358045,0.71165,0.25685,0.6638176638176638,0.23300000000000007,0.48493027440395864,1.0780000000000003,0.48493027440395864,1.0780000000000003,0.07795714195499959,0.8133333333333334,0.6710000000000002,0.88495,-0.0521157905459404,0.05247781056181511,0.07795714195499959,-0.09613129054594038,9338,0.5863139858642108,,12.494936686990254,CAM_FRONT,bicycle,0,scene-euro-citystrasbourg-scenariolatesession-00002_1,1240
car,True,0.7564335926719526,False,,0.04035,0.95845,0.04025183197440396,0.39000000000000007,0.05142170828445338,1.8410000000000002,0.05142170828445338,1.8410000000000002,1.6167209074895592,0.3428308823529412,3.730000000000001,0.3258,-0.11452777683734894,1.466883805904044,1.6167209074895592,-0.23711677683734889,303,0.2805280528052805,,2.5248743929106063,CAM_FRONT_RIGHT,car,0,scene-euro-citystrasbourg-scenariolatesession-00002_1,1240
car,True,0.9830475178801394,False,,0.0466,0.95175,0.050330863545603066,3.0500000000000007,0.04760914760914761,19.923000000000005,0.04760914760914761,19.923000000000005,3.235655313316104,0.37286914765906365,3.1060000000000008,0.1884,-0.20504643023014069,3.0138091172951302,3.235655313316104,-0.2321019302301407,741,0.3319838056680162,,6.218135379391419,CAM_FRONT_RIGHT,car,1,scene-euro-citystrasbourg-scenariolatesession-00002_1,1240
bicycle,True,0.7941806288376686,False,,0.67825,0.2338,0.634020618556701,0.24600000000000002,0.4412037037037037,0.9530000000000003,0.4412037037037037,0.9530000000000003,0.1199802829280594,0.8727272727272727,0.672,0.83805,0.13873925805091858,0.0920772989729656,0.1199802829280594,-0.0414922419490813,8533,0.5089651939528888,,4.851295027531276,CAM_FRONT_LEFT,bicycle,0,scene-euro-citystrasbourg-scenariolatesession-00002_1,1280
car,True,0.6757120236003558,False,,0.05905,0.93315,0.0544833729216152,0.3670000000000001,0.1365051903114187,1.5780000000000005,0.1365051903114187,1.5780000000000005,0.4006542151784047,0.24458204334365324,2.3700000000000006,0.29225,0.07925619930028915,0.33261069133626736,0.4006542151784047,0.11372369930028925,722,0.943213296398892,,11.478110763572033,CAM_FRONT,car,0,scene-euro-citystrasbourg-scenariolatesession-00002_1,1280
car,True,0.9900641855913421,False,,0.26065,0.7068,0.0964456003467707,0.4450000000000001,0.22555344718532574,1.7830000000000004,0.22555344718532574,1.7830000000000004,0.044496314888360367,0.28185328185328185,2.4820000000000007,0.1349,-0.006829746067523956,-0.009657112166919784,0.044496314888360367,-0.05669624606752366,3220,0.2981366459627329,,7.0765077078102605,CAM_FRONT,car,1,scene-euro-citystrasbourg-scenariolatesession-00002_1,1280
car,True,0.46284678656071376,False,,0.02865,0.9697,0.01065112540192926,0.053000000000000005,0.0172119140625,0.14100000000000004,0.0172119140625,0.14100000000000004,0.4532794300407432,0.22016806722689075,1.5720000000000003,0.22435,-0.003395356237888336,0.4023899028394093,0.4532794300407432,0.10467664376211172,145,0.5793103448275863,,16.63261084865567,CAM_FRONT,car,2,scene-euro-citystrasbourg-scenariolatesession-00002_1,1280
car,True,0.43673155737704916,False,,0.0468,0.95045,0.032737535277516466,0.17400000000000007,0.03720462543991956,0.2960000000000001,0.03720462543991956,0.2960000000000001,0.2162047850773956,0.049501050420168065,0.37700000000000006,0.0483,-0.23314383625984192,0.15449402937859108,0.2162047850773956,0.12221166374015807,372,0.717741935483871,,33.166852405929475,CAM_FRONT,car,3,scene-euro-citystrasbourg-scenariolatesession-00002_1,1280
car,True,0.9913688809230424,False,,0.2645,0.68085,0.21487835747433554,1.5280000000000002,0.25193014705882355,2.741000000000001,0.25193014705882355,2.741000000000001,0.12937973287379356,0.28185328185328185,2.4820000000000007,0.32325,-0.11640393733978271,0.05248315154612798,0.12937973287379356,-0.16627043733978242,3600,0.72,,7.0765077078102605,CAM_FRONT_RIGHT,car,0,scene-euro-citystrasbourg-scenariolatesession-00002_1,1280
car,False,0.8611014014960575,False,,0.0311,0.9604,0.02292151083668375,5.895000000000001,0.049075477135605984,31.674000000000007,0.049075477135605984,31.674000000000007,4.112662840555013,,,,0.516250491142273,3.7744692026249034,4.112662840555013,,398,0.31155778894472363,,,CAM_FRONT_RIGHT,car,1,scene-euro-citystrasbourg-scenariolatesession-00002_1,1280
car,True,0.9335433390915557,False,,0.17395,0.79,0.13367571533382244,0.9110000000000001,0.1948291782086796,2.1100000000000003,0.1948291782086796,2.1100000000000003,0.11278899143740251,0.2998276233570351,2.7830000000000004,0.3673,-0.10623803734779358,0.031014126475130493,0.11278899143740251,-0.15892403734779337,1857,0.6235864297253635,,8.857760472744184,CAM_FRONT,car,0,scene-euro-citystrasbourg-scenariolatesession-00002_1,1320
car,True,0.8608857170788934,True,0.6937682187032223,0.12125,0.8565,0.08106312292358804,0.4880000000000001,0.11248677248677248,1.0630000000000002,0.11248677248677248,1.0630000000000002,0.033597192825932654,0.1302721088435374,1.1490000000000002,0.14465,-0.2206333875656128,-0.029692665330499135,0.033597192825932654,-0.05594238756561254,698,0.9111747851002865,,25.049582129180898,CAM_FRONT,car,1,scene-euro-citystrasbourg-scenariolatesession-00002_1,1320
car,True,0.48068350668647847,False,,0.0159,0.98275,0.010455431508063088,0.05900000000000002,0.02126642771804062,0.17800000000000005,0.02126642771804062,0.17800000000000005,-0.4602533421476658,0.010225183823529412,0.08900000000000002,0.0121,-0.35935598611831665,-0.5205281296350066,-0.4602533421476658,-0.01801598611831645,16,0.875,,35.831908510189386,CAM_FRONT,car,2,scene-euro-citystrasbourg-scenariolatesession-00002_1,1320
car,True,0.9953170961289564,False,,0.2896,0.66575,0.2598162071846282,1.2440000000000002,0.2808654496281271,2.0770000000000004,0.2808654496281271,2.0770000000000004,0.14070139943454163,0.2998276233570351,2.7830000000000004,0.2131,-0.05794404447078705,0.06302356894220054,0.14070139943454163,-0.11063004447078684,3844,0.8335067637877211,,8.857760472744184,CAM_FRONT_RIGHT,car,0,scene-euro-citystrasbourg-scenariolatesession-00002_1,1320
car,False,1.0,False,,0.0513,0.94795,0.0578002639683238,6.569000000000002,0.04677077308656256,55.79800000000001,0.04677077308656256,55.79800000000001,3.0642117858737477,,,,-0.17037144303321838,2.7461616748181,3.0642117858737477,,857,0.7024504084014003,,,CAM_FRONT_RIGHT,car,1,scene-euro-citystrasbourg-scenariolatesession-00002_1,1320
bicycle,False,0.8891752577319587,True,0.7516339869281046,0.49255,0.4697,0.5176470588235295,0.04400000000000001,0.5625,0.04500000000000001,0.39814814814814814,0.3440000000000001,-0.01286045888975984,,,,-0.19750180840492249,-0.3590223314094797,-0.35804584627605074,,3336,0.0908273381294964,,,CAM_FRONT,bicycle,0,scene-euro-citystrasbourg-scenariolatesession-00003_1,239
bicycle,False,0.3911682892906815,True,0.19630082010120398,0.19085,0.7626,0.20642201834862386,0.04500000000000001,0.16796875,0.21500000000000005,0.16796875,0.21500000000000005,0.003933127384196711,,,,-0.04942403733730316,-0.012010842435214525,0.003933127384196711,,1895,0.44802110817941954,,,CAM_FRONT,bicycle,0,scene-euro-citystrasbourg-scenariolatesession-00003_1,280
bicycle,True,0.0,True,0.0,0.0,1.0,0.0,0.0,0.0,0.0,0.0,0.0,0.25420027690703817,0.1711111111111111,0.15400000000000003,0.14305,-0.06669358909130096,0.2374973625801438,0.25420027690703817,0.030931910908699123,0,,,37.87056025828119,CAM_FRONT,bicycle,1,scene-euro-citystrasbourg-scenariolatesession-00003_1,280
bicycle,True,0.3915547024952015,True,0.21518987341772153,0.20975,0.7768,0.2490272373540856,0.06400000000000002,0.18110795454545456,0.25500000000000006,0.18110795454545456,0.25500000000000006,-0.11897325953545757,0.1984848484848485,0.13100000000000003,0.15235,0.03658321499824524,-0.13527894809936136,-0.11897325953545757,-0.04453778500175465,1749,0.6003430531732419,,31.51435829470455,CAM_FRONT,bicycle,0,scene-euro-citystrasbourg-scenariolatesession-00003_1,320
bicycle,True,0.6587316701580651,True,0.3483032927197664,0.76665,0.2052,0.84,0.10500000000000002,0.6288888888888889,0.2830000000000001,0.6288888888888889,0.2830000000000001,-0.06437913017607833,0.2556149732620321,0.23900000000000007,0.07725,0.05466080829501152,-0.07383209782333988,-0.06437913017607833,-0.0061401917049884736,10549,0.7017726798748696,,11.27490088490518,CAM_FRONT,bicycle,0,scene-euro-citystrasbourg-scenariolatesession-00003_1,360
bicycle,True,0.3867403314917127,True,0.26282853566958697,0.1703,0.82025,0.26291079812206575,0.056000000000000015,0.2640625,0.338,0.2640625,0.338,-0.2596404569903934,0.36538461538461536,0.20900000000000005,0.302,0.10306576639413834,-0.27431634163718494,-0.2596404569903934,-0.0376532336058617,1553,0.44687701223438503,,26.38021390451355,CAM_FRONT,bicycle,1,scene-euro-citystrasbourg-scenariolatesession-00003_1,360
bicycle,True,0.6845818634571488,True,0.35630197645534073,0.6953,0.1935,0.5,0.023000000000000007,0.5833333333333334,0.021000000000000008,0.5833333333333334,0.021000000000000008,0.04826645277512087,0.31166666666666665,0.18700000000000003,0.0,0.11700288951396942,0.041784353733277546,0.04826645277512087,-0.01890161048603045,5570,0.858886894075404,,7.263987241223673,CAM_FRONT_LEFT,bicycle,0,scene-euro-citystrasbourg-scenariolatesession-00003_1,400
bicycle,False,0.6456843589485346,True,0.27438476353520225,0.479,0.21585,0.46774193548387094,0.029000000000000005,0.59375,0.09500000000000001,0.6922268907563025,0.6590000000000001,-0.001551496076796166,,,,0.09506579488515854,-0.3008728966304842,-0.29459003030546954,,7223,0.377128616918178,,,CAM_FRONT_LEFT,bicycle,1,scene-euro-citystrasbourg-scenariolatesession-00003_1,400
bicycle,True,0.36452277131782945,False,,0.67345,0.109,0.6865671641791045,0.04600000000000001,0.7346938775510204,0.03600000000000001,0.7346938775510204,0.03600000000000001,0.027635982485632482,0.31166666666666665,0.18700000000000003,0.00825,0.12186823785305023,0.020045674057819887,0.027635982485632482,-0.01403626214694964,5306,0.8808895589898228,,7.263987241223673,CAM_FRONT,bicycle,0,scene-euro-citystrasbourg-scenariolatesession-00003_1,400
bicycle,True,0.48205128205128206,True,0.32240853658536583,0.51105,0.44645,0.5662650602409639,0.09400000000000003,0.5566893424036281,0.4910000000000001,0.5566893424036281,0.4910000000000001,-0.15909578153753356,0.38585858585858585,0.19100000000000003,0.2875,0.07652683556079865,-0.1758795193027315,-0.15909578153753356,-0.06419266443920124,5188,0.8795296838858905,,22.131790676423496,CAM_FRONT,bicycle,1,scene-euro-citystrasbourg-scenariolatesession-00003_1,400
bicycle,True,0.31999823862260285,True,0.2272251145193315,0.2561,0.72415,0.23333333333333334,0.021000000000000005,0.1796875,0.023000000000000007,0.2942583732057416,0.4920000000000001,0.058087652940198686,0.5602941176470588,0.3810000000000001,0.4197,0.13906918466091156,0.051603114554454516,0.058087652940198575,-0.06983181533908839,275,0.5672727272727273,,4.360737272927902,CAM_FRONT_LEFT,bicycle,0,scene-euro-citystrasbourg-scenariolatesession-00003_1,440
bicycle,False,0.49193935652054605,True,0.2162049711163907,0.5829,0.24105,0.51985559566787,0.14400000000000002,0.37136066547831253,0.6250000000000002,0.37136066547831253,0.6250000000000002,0.22717551415145154,,,,0.15664096176624298,0.20719639821396751,0.22717551415145154,,5896,0.9433514246947082,,,CAM_FRONT_LEFT,bicycle,1,scene-euro-citystrasbourg-scenariolatesession-00003_1,440
bus,False,1.0,False,,0.20065,0.78175,0.2664,3.9960000000000013,0.2662962962962963,4.314000000000001,0.2662962962962963,4.314000000000001,0.33057002241751876,,,,0.09470784664154053,0.3008047208010509,0.33057002241751876,,2695,0.6623376623376623,,,CAM_FRONT_RIGHT,bus,0,scene-euro-citystrasbourg-scenariolatesession-00003_1,440
bicycle,True,0.7738858483189992,True,0.641643977699987,0.5495,0.35315,0.6300813008130082,0.15500000000000005,0.5401234567901234,1.05,0.5401234567901234,1.05,0.04645647824239951,0.6764705882352942,0.5060000000000002,0.7234,0.10856609791517258,0.02221351440094807,0.04645647824239951,-0.03215340208482742,6055,0.20644095788604455,,15.486321932253363,CAM_FRONT,bicycle,0,scene-euro-citystrasbourg-scenariolatesession-00003_1,480
car,False,0.8673566080154587,False,,0.59455,0.37695,0.5957983193277311,0.7090000000000002,0.5967365967365967,0.7680000000000002,0.5967365967365967,0.7680000000000002,-0.3478423173722702,,,,-0.2761352062225342,-0.3686070430070435,-0.3478423173722702,,9248,0.15181660899653981,,,CAM_FRONT_LEFT,car,0,scene-euro-citystrasbourg-scenariolatesession-00003_1,520
bicycle,True,0.7884974093264249,True,0.5997950496610437,0.51545,0.37735,0.5631399317406144,0.16500000000000006,0.5509259259259259,0.8330000000000003,0.5844867358708189,2.0270000000000006,0.16440104022126212,0.6951871657754011,0.5200000000000001,0.5663,0.06946580111980438,0.13629746182340619,0.16440104022126212,0.009043301119804226,5387,0.33692222015964357,,13.26244473878853,CAM_FRONT,bicycle,0,scene-euro-citystrasbourg-scenariolatesession-00003_1,520
car,True,0.9280425728829246,False,,0.14175,0.83905,0.11309170132699545,0.5710000000000002,0.12836700336700338,1.2200000000000004,0.12836700336700338,1.2200000000000004,0.17471371968586324,0.12549019607843137,0.9600000000000003,0.15655,-0.022007733583450317,0.09047204988670839,0.17471371968586324,-0.015392733583450724,1333,0.4891222805701425,,21.41076713942999,CAM_FRONT_RIGHT,car,0,scene-euro-citystrasbourg-scenariolatesession-00003_1,520
car,True,0.9600863407429848,False,,0.36905,0.60255,0.19147714220078108,1.6670000000000003,0.28296478296478295,4.146000000000001,0.28296478296478295,4.146000000000001,0.036241038947505855,0.25277777777777777,3.0940000000000007,0.36245,-0.15051782131195068,-0.07495455646644275,0.036241038947505855,-0.12994182131195098,2527,0.31776810447170556,,13.17003894374526,CAM_FRONT_RIGHT,car,1,scene-euro-citystrasbourg-scenariolatesession-00003_1,520
bicycle,True,0.23625753012048192,True,0.1294281441757335,0.13685,0.84425,0.0842911877394636,0.04400000000000001,0.30972222222222223,1.3380000000000003,0.30972222222222223,1.3380000000000003,-1.733189246297381,0.7059659090909091,0.4970000000000001,0.68335,-2.0217370986938477,-1.766198674525085,-1.733189246297381,-2.0196390986938475,1446,0.7164591977869986,,10.537713938593157,CAM_FRONT,bicycle,0,scene-euro-citystrasbourg-scenariolatesession-00003_1,560
car,True,0.9524512972024743,True,0.753818048958714,0.4915,0.4886,0.26915926461474904,2.6060000000000008,0.3557843557843558,4.976000000000002,0.3557843557843558,4.976000000000002,0.09529781563606199,0.24904513888888888,2.8690000000000007,0.3373,-0.4561695158481598,0.014438841416322401,0.09529781563606199,-0.17104101584815967,4805,0.7232049947970864,,11.981600477305046,CAM_FRONT_RIGHT,car,0,scene-euro-citystrasbourg-scenariolatesession-00003_1,560
car,True,0.8500784473240746,False,,0.12345,0.86405,0.07479950647748304,0.48500000000000015,0.08860228583411975,0.8450000000000003,0.08860228583411975,0.8450000000000003,0.1517716556347568,0.15606758832565285,1.0160000000000002,0.30345,0.3133271038532257,0.08767824439971728,0.1517716556347568,-0.2472723961467741,1192,1.0,,15.774361737991256,CAM_FRONT,car,0,scene-euro-citystrasbourg-scenariolatesession-00003_1,600
car,True,0.5721787112851549,False,,0.0083,0.98975,0.006204263442570792,0.03900000000000001,0.024420677361853833,0.2740000000000001,0.024420677361853833,0.2740000000000001,0.2676071500270166,0.08509615384615385,0.5310000000000001,0.1918,0.4538799226284027,0.20287457888205535,0.2676071500270166,-0.22270157737159701,59,1.0,,20.541885126723983,CAM_FRONT,car,1,scene-euro-citystrasbourg-scenariolatesession-00003_1,600
bicycle,True,0.8809255079006773,True,0.7682086614173228,0.67445,0.2925,0.6126760563380281,0.08700000000000002,0.65,0.13000000000000003,0.65,0.13000000000000003,-0.39186397594721856,0.15606060606060607,0.10300000000000002,0.02215,0.5145642757415771,-0.39794807478110306,-0.39186397594721856,-0.4088442242584226,6848,0.20619158878504673,,25.717970813060585,CAM_FRONT,bicycle,0,scene-euro-citystrasbourg-scenariolatesession-00003_1,600
car,True,0.9614300810144417,False,,0.11365,0.88345,0.09310589907604833,0.524,0.09847198641765705,1.0440000000000003,0.09847198641765705,1.0440000000000003,-0.03779078247590695,0.08509615384615385,0.5310000000000001,0.1251,0.39672717452049255,-0.13071601144692402,-0.03779078247590695,-0.27985432547950717,1280,0.28046875000000004,,20.541885126723983,CAM_FRONT_RIGHT,car,0,scene-euro-citystrasbourg-scenariolatesession-00003_1,600
car,True,0.9832241522866344,False,,0.29515,0.6383,0.31301612268973655,1.5920000000000005,0.2854819976771196,6.145000000000001,0.2854819976771196,6.145000000000001,0.317338084530296,0.29832957957957956,3.1790000000000007,0.4191,0.20641174912452698,0.17396454466076483,0.317338084530296,-0.07105675087547281,3294,0.7070431086824529,,7.294736020030363,CAM_FRONT_RIGHT,car,1,scene-euro-citystrasbourg-scenariolatesession-00003_1,600
car,True,0.9179550928443788,False,,0.20925,0.7654,0.12439355715117408,0.6410000000000001,0.20137571157495257,1.6980000000000006,0.20137571157495257,1.6980000000000006,-0.09105086226072878,0.15606758832565285,1.0160000000000002,0.2429,0.29646164178848267,-0.17379462547698615,-0.09105086226072878,-0.26413785821151714,1257,0.6428003182179793,,15.774361737991256,CAM_FRONT_RIGHT,car,2,scene-euro-citystrasbourg-scenariolatesession-00003_1,600
car,True,0.9275355090967125,False,,0.2058,0.77795,0.1385802065629494,1.06,0.24621212121212122,3.315000000000001,0.24621212121212122,3.315000000000001,0.2485656224788122,0.24267676767676769,1.9220000000000004,0.4153,0.005156666040420532,0.17300771698549447,0.2485656224788122,0.00621716604042033,2105,0.42470308788598576,,10.947969085107113,CAM_FRONT,car,0,scene-euro-citystrasbourg-scenariolatesession-00003_1,640
car,True,0.5226146577552432,False,,0.01415,0.98525,0.01820689655172414,0.06600000000000002,0.062081128747795415,0.3520000000000001,0.062081128747795415,0.3520000000000001,0.28073994181103057,0.35226004464285715,2.525000000000001,0.15845,-0.019483551383018494,0.223946974436737,0.28073994181103057,-0.053277551383018706,55,1.0,,6.515150456642621,CAM_FRONT,car,1,scene-euro-citystrasbourg-scenariolatesession-00003_1,640
bicycle,True,0.47712605765093935,True,0.2812817044301657,0.7138,0.2862,0.7213930348258707,0.14500000000000005,0.6412698412698413,0.6060000000000002,0.6412698412698413,0.6060000000000002,0.07540335368879236,0.5972027972027972,0.42700000000000016,0.6127,0.23030664026737213,0.06006683094821552,0.07540335368879236,0.08138314026737203,12186,0.42081076645330706,,15.800158182446086,CAM_FRONT,bicycle,0,scene-euro-citystrasbourg-scenariolatesession-00003_1,640
car,False,0.20185029436501262,False,,0.0,0.99875,0.007954545454545454,0.007000000000000001,0.0,0.0,0.0,0.0,-0.16668500319270585,,,,0.2028573602437973,-0.17172659968990933,-0.16668500319270585,,0,,,,CAM_FRONT_RIGHT,car,0,scene-euro-citystrasbourg-scenariolatesession-00003_1,640
car,True,0.9842943133715335,False,,0.30595,0.5895,0.16805427073697193,1.0900000000000003,0.3385338345864662,3.602000000000001,0.3385338345864662,3.602000000000001,0.21469821937506417,0.35226004464285715,2.525000000000001,0.4381,0.04683393985033035,0.12593332370294158,0.21469821937506417,0.01303993985033014,3894,0.4851052901900359,,6.515150456642621,CAM_FRONT_RIGHT,car,1,scene-euro-citystrasbourg-scenariolatesession-00003_1,640
bicycle,True,0.4750360490266763,True,0.2706685837526959,0.4879,0.50525,0.4936061381074169,0.19300000000000003,0.5615646258503402,1.6510000000000005,0.5841269841269842,3.496000000000001,0.3711665200628813,0.6790123456790124,1.5400000000000005,0.5618,-0.15323328971862793,0.3455721682036625,0.3711665200628813,-0.043121289718628164,6828,0.5912419449326303,,12.795758259120918,CAM_FRONT_LEFT,bicycle,0,scene-euro-citystrasbourg-scenariolatesession-00007_1,2560
car,True,0.7586063442537702,False,,0.05575,0.9376,0.05959835888576981,0.2760000000000001,0.08574131406948744,0.9970000000000001,0.08574131406948744,0.9970000000000001,-0.45743312982668405,0.1658422459893048,2.4810000000000008,0.06525,-0.050665535032749176,-0.5065702084321603,-0.45743312982668405,-0.3128045350327494,592,0.023648648648648685,,24.345737084727382,CAM_FRONT,car,0,scene-euro-citystrasbourg-scenariolatesession-00007_1,2560
car,True,0.9586087287570986,False,,0.28785,0.68025,0.3081674673987646,1.7960000000000005,0.2855171053928818,5.792000000000001,0.2855171053928818,5.792000000000001,0.009215450825063476,0.25786033711730305,3.7480000000000007,0.41795,-0.10729322582483292,-0.07212827834150115,0.009215450825063476,-0.06795672582483314,2146,0.6435228331780056,,12.607811235225252,CAM_FRONT,car,1,scene-euro-citystrasbourg-scenariolatesession-00007_1,2560
bicycle,True,0.6744286954006364,True,0.5149356744519905,0.7324,0.1452,0.749034749034749,0.19400000000000003,0.7245989304812834,1.0840000000000003,0.7159041394335512,1.6430000000000005,-0.0026344994868214844,0.7633053221288515,1.6350000000000002,0.7026,-0.1566731035709381,-0.06273039285933275,-0.04111791901677786,-0.0832651035709383,9088,0.4433318661971831,,11.266068142521094,CAM_FRONT,bicycle,0,scene-euro-citystrasbourg-scenariolatesession-00007_1,2560
bicycle,True,0.41328731665228646,True,0.3184840425531915,0.13505,0.8604,0.2007168458781362,0.056000000000000015,0.17421875,0.22300000000000006,0.17421875,0.22300000000000006,-0.03130235208751042,0.25972222222222224,0.3740000000000001,0.15645,-0.33631569147109985,-0.05145092111947247,-0.03130235208751042,0.025685808528900067,1663,0.48045700541190617,,29.857645569318812,CAM_FRONT,bicycle,1,scene-euro-citystrasbourg-scenariolatesession-00007_1,2560
bicycle,True,0.6211805844642411,False,,0.629,0.28905,0.6301369863013698,0.18400000000000005,0.615530303030303,0.9750000000000001,0.6449074074074074,1.3930000000000002,0.004326046512623805,0.6790123456790124,1.5400000000000005,0.4919,-0.1834445297718048,-0.033768456413098114,-0.01568787556062201,-0.07333252977180504,7832,0.27489785495403474,,12.795758259120918,CAM_FRONT,bicycle,2,scene-euro-citystrasbourg-scenariolatesession-00007_1,2560
car,True,0.9951768488745981,False,,0.10135,0.8755,0.13220338983050847,0.15600000000000006,0.12753036437246965,0.3780000000000001,0.12753036437246965,0.3780000000000001,0.22479266286240285,0.1658422459893048,2.4810000000000008,0.2588,0.37122443318367004,0.1889612780464364,0.22479266286240285,0.10908543318366981,962,0.48232848232848236,,24.345737084727382,CAM_FRONT_RIGHT,car,0,scene-euro-citystrasbourg-scenariolatesession-00007_1,2560
bicycle,True,0.6662246708376133,True,0.508242032227272,0.695,0.177,0.7234848484848485,0.19100000000000006,0.7228571428571429,0.7590000000000002,0.7663865546218488,1.3680000000000003,0.049041372809954575,0.7740183792815372,1.8530000000000004,0.68535,0.014200393110513687,0.021742036522746273,0.049041372809954575,-0.014712106889486765,8964,0.29573850959393133,,7.051964463204721,CAM_FRONT_LEFT,bicycle,0,scene-euro-citystrasbourg-scenariolatesession-00007_1,2600
car,True,0.9300689774177289,False,,0.2087,0.76235,0.15691213513113053,1.0590000000000002,0.2385731319554849,2.4010000000000007,0.2385731319554849,2.4010000000000007,-0.07246941145842856,0.30300174989904427,4.502000000000001,0.15825,-0.020896341651678085,-0.13274620336270315,-0.07246941145842856,-0.05105384165167859,1927,0.534509600415153,,6.623972857397198,CAM_FRONT,car,0,scene-euro-citystrasbourg-scenariolatesession-00007_1,2600
bicycle,True,0.438658013189574,True,0.22525331254871395,0.5924,0.297,0.5371428571428571,0.09400000000000003,0.6084656084656085,0.46000000000000013,0.737312030075188,1.5690000000000004,0.12641886795109936,0.7740183792815372,1.8530000000000004,0.5459,-0.006002083420753479,0.10754358663026173,0.12641886795109936,-0.03491458342075393,8851,0.633374759914134,,7.051964463204721,CAM_FRONT,bicycle,0,scene-euro-citystrasbourg-scenariolatesession-00007_1,2600
bicycle,True,0.42798453359110683,True,0.40815856188061767,0.3548,0.5605,0.36134453781512604,0.04300000000000001,0.29365079365079366,0.14800000000000005,0.38278388278388276,0.4180000000000001,0.0013073572879394035,0.47058823529411764,0.8640000000000002,0.2192,-0.22692453861236572,-0.2803317347772631,-0.2662873981665612,-0.04366953861236611,1091,0.07149404216315303,,19.84347691080834,CAM_FRONT,bicycle,1,scene-euro-citystrasbourg-scenariolatesession-00007_1,2600
bicycle,True,0.6267870579382995,True,0.5857946554149086,0.17055,0.8053,0.14814814814814814,0.036000000000000004,0.27666666666666667,0.3320000000000001,0.3196428571428571,0.537,0.0003136834840593572,0.3398809523809524,0.5710000000000002,0.25,-0.25401294231414795,-0.12353749829046279,-0.1002053972107968,-0.003582442314148171,1443,0.19126819126819128,,24.92312355900044,CAM_FRONT,bicycle,2,scene-euro-citystrasbourg-scenariolatesession-00007_1,2600
car,True,0.8680091628155704,False,,0.12265,0.831,0.08670886075949367,1.2330000000000003,0.10395348837209302,2.2350000000000003,0.10395348837209302,2.2350000000000003,0.505973352912835,0.30300174989904427,4.502000000000001,0.40505,0.05874152481555939,0.4180321609090582,0.505973352912835,0.028584024815558884,1337,0.8743455497382199,,6.623972857397198,CAM_FRONT_RIGHT,car,0,scene-euro-citystrasbourg-scenariolatesession-00007_1,2600
bicycle,False,0.6826066341347768,False,,0.449,0.5016,0.43478260869565216,0.14,0.5075187969924813,0.8100000000000003,0.6385448916408669,1.6500000000000004,0.0938104992592308,,,,0.11926533281803131,0.06930687042527763,0.0938104992592308,,6460,0.6131578947368421,,,CAM_FRONT_LEFT,bicycle,0,scene-euro-citystrasbourg-scenariolatesession-00007_1,2639
bicycle,True,0.5227357574852535,True,0.4630291005291005,0.5613,0.25,0.6557377049180327,0.16000000000000003,0.6200284090909091,0.8730000000000002,0.6729166666666667,1.2920000000000003,0.05379353469407211,0.633442265795207,1.1630000000000005,0.35515,-0.10153023898601532,0.030517824969400503,0.05379353469407211,0.01286176101398473,5432,0.14966863033873345,,14.563832542145109,CAM_FRONT,bicycle,0,scene-euro-citystrasbourg-scenariolatesession-00007_1,2639
bicycle,False,0.6654488517745303,True,0.46600877192982454,0.2668,0.7159,0.282798833819242,0.09700000000000002,0.19401041666666666,0.14900000000000005,0.2,0.3360000000000001,0.4265392039497178,,,,-0.3939313292503357,0.39576402261245447,0.4265392039497178,,1764,0.2307256235827665,,,CAM_FRONT,bicycle,1,scene-euro-citystrasbourg-scenariolatesession-00007_1,2639
bicycle,True,0.8777991042866283,True,0.7976744186046512,0.2396,0.74565,0.1952662721893491,0.03300000000000001,0.18,0.036000000000000004,0.18,0.036000000000000004,-0.36292920859514477,0.3352864583333333,0.5150000000000001,0.2719,-0.3014928698539734,-0.36590515130354195,-0.36292920859514477,-0.1580943698539734,2101,0.3422179914326511,,25.57893952948273,CAM_FRONT,bicycle,2,scene-euro-citystrasbourg-scenariolatesession-00007_1,2639
bicycle,True,0.2928538066324148,True,0.18959782280012097,0.31675,0.6359,0.3409090909090909,0.07500000000000001,0.4037698412698413,0.4070000000000001,0.3909438775510204,0.6130000000000001,0.0016997106692848707,0.6056985294117647,1.3180000000000003,0.32105,-0.3053143620491028,-0.4242314799131624,-0.4134696714365429,-0.2286208620491028,3258,0.45641497851442603,,17.38840263279547,CAM_FRONT,bicycle,3,scene-euro-citystrasbourg-scenariolatesession-00007_1,2639
bicycle,True,0.5414878397711016,True,0.44806155667357206,0.38745,0.5702,0.38198757763975155,0.12300000000000003,0.48272195640616694,0.9080000000000003,0.36140350877192984,0.9270000000000002,0.0022942845177134075,0.5044982698961937,0.7290000000000001,0.3046,-0.3827676773071289,-0.32222660219213306,-0.2993969401595469,-0.3184471773071289,3339,0.30817610062893086,,19.610167300308177,CAM_FRONT,bicycle,4,scene-euro-citystrasbourg-scenariolatesession-00007_1,2639
bicycle,False,0.7300832342449465,True,0.63407917383821,0.4492,0.52085,0.42574257425742573,0.04300000000000001,0.4583333333333333,0.03300000000000001,0.44575163398692813,0.34100000000000014,-0.003402696281269657,,,,-0.15662848949432373,-0.09658098769856027,-0.08797571099407353,,4325,0.11052023121387278,,,CAM_FRONT,bicycle,5,scene-euro-citystrasbourg-scenariolatesession-00007_1,2639
car,False,0.8965953929285484,False,,0.26515,0.7039,0.20102731730095727,3.444000000000001,0.3142510822510822,9.074000000000002,0.3142510822510822,9.074000000000002,0.3550970865301001,,,,-0.03611961007118225,0.27247381297351575,0.3550970865301001,,3052,0.7106815203145478,,,CAM_FRONT_RIGHT,car,0,scene-euro-citystrasbourg-scenariolatesession-00007_1,2639
car,True,0.9687551936180822,False,,0.41085,0.56855,0.32284122562674095,2.3180000000000005,0.3824561403508772,4.578000000000001,0.3824561403508772,4.578000000000001,0.207423213628529,0.2885714285714286,5.757000000000002,0.17545,0.11224308609962463,0.1343913649017791,0.207423213628529,-0.047796913900375326,4894,0.7905598692276257,,15.313234708784705,CAM_FRONT_RIGHT,car,1,scene-euro-citystrasbourg-scenariolatesession-00007_1,2639
motorcycle,True,1.0,False,,0.93095,0.06905,0.9313725490196079,0.09500000000000003,0.9,0.07200000000000002,0.6945701357466063,0.6140000000000001,0.04108745074425535,0.6020761245674741,0.6960000000000002,0.51525,-0.09636510163545609,-0.1394611089794608,-0.12847176537565708,-0.087252601635456,13206,0.7898682417083144,,11.465102510162296,CAM_FRONT_LEFT,motorcycle,0,scene-euro-citystrasbourg-scenariolatesession-00007_1,2680
bicycle,False,0.5306208053691275,True,0.37194942663922376,0.6789,0.31835,0.6752136752136753,0.07900000000000003,0.6888888888888889,0.18600000000000005,0.6705882352941176,1.3680000000000003,0.021570535493710796,,,,-0.21361267566680908,-0.22313700542711218,-0.21937474741547858,,6150,0.5365853658536586,,,CAM_FRONT,bicycle,0,scene-euro-citystrasbourg-scenariolatesession-00007_1,2680
bicycle,True,0.33651026392961875,True,0.2393949930458971,0.21265,0.7571,0.24299065420560748,0.05200000000000001,0.23359375,0.29900000000000004,0.23359375,0.29900000000000004,0.16714453966301224,0.4564102564102564,0.17800000000000002,0.3605,0.08397170901298523,0.15112971031888967,0.16714453966301224,0.01859720901298534,1063,0.38852304797742243,,16.80815927852744,CAM_FRONT,bicycle,1,scene-euro-citystrasbourg-scenariolatesession-00007_1,2680
bicycle,True,0.6002761477390404,True,0.48670584942625245,0.3353,0.61395,0.39285714285714285,0.11000000000000003,0.409652076318743,0.7300000000000002,0.42304526748971194,1.0280000000000002,0.0021465961213991136,0.5038126361655774,0.9250000000000003,0.37845,-0.23780515789985657,-0.09282179568906532,-0.07905190401681961,-0.10522915789985643,3366,0.17201426024955435,,21.28601321359483,CAM_FRONT,bicycle,2,scene-euro-citystrasbourg-scenariolatesession-00007_1,2680
bicycle,True,0.7317996672594802,True,0.5445464247598719,0.56395,0.3673,0.5958333333333333,0.14300000000000002,0.6736111111111112,1.0670000000000002,0.6790674603174603,1.3690000000000004,0.03930476505218938,0.7810182896688087,1.5800000000000005,0.5731,-0.020286887884140015,0.01781128394912449,0.03930476505218938,-0.035606387884139945,6871,0.29384369087469075,,9.74204243532976,CAM_FRONT,bicycle,3,scene-euro-citystrasbourg-scenariolatesession-00007_1,2680
car,False,0.9673545966228893,True,0.5223910840932118,0.0,1.0,0.0,0.0,0.0,0.0,0.0,0.0,-0.7665653820812608,,,,0.34317803382873535,-0.7714992201222783,-0.7665653820812608,,0,,,,CAM_FRONT_RIGHT,car,0,scene-euro-citystrasbourg-scenariolatesession-00007_1,2680
car,True,0.9349396209110363,False,,0.3528,0.586,0.3794619307191841,2.1580000000000004,0.4241009125067096,7.9010000000000025,0.4241009125067096,7.9010000000000025,0.06203235797520956,0.33829471638279374,6.6140000000000025,0.36225,0.2504326105117798,-0.06891694333665954,0.06203235797520956,0.05633611051178011,3609,0.34053754502632305,,12.686525608864146,CAM_FRONT_RIGHT,car,1,scene-euro-citystrasbourg-scenariolatesession-00007_1,2680
bicycle,True,0.44498539435248297,False,,0.64525,0.3312,0.6299212598425197,0.16000000000000003,0.5842245989304813,0.8740000000000002,0.6081314878892734,2.109000000000001,0.13263816169689724,0.5470588235294118,0.8370000000000003,0.3321,0.12089689075946808,0.11462551042465241,0.13263816169689724,-0.021382109240531744,7646,0.36358880460371434,,13.5232783681958,CAM_FRONT_RIGHT,bicycle,0,scene-euro-citystrasbourg-scenariolatesession-00007_1,2680
bicycle,True,0.413602432955488,True,0.18768034123698407,0.08925,0.90605,0.10309278350515463,0.12000000000000004,0.14189814814814813,0.6130000000000001,0.14189814814814813,0.6130000000000001,0.4893122290153087,0.4564102564102564,0.17800000000000002,0.5152,0.07658745348453522,0.46452632332177723,0.4893122290153087,0.011212953484535326,932,0.5493562231759657,,16.80815927852744,CAM_FRONT_RIGHT,bicycle,1,scene-euro-citystrasbourg-scenariolatesession-00007_1,2680
bicycle,True,0.5818948801354956,False,,0.41445,0.5376,0.41304347826086957,0.03800000000000001,0.37714285714285717,0.13200000000000003,0.4909090909090909,0.5670000000000002,0.004027487416161657,0.5800173010380623,1.3410000000000004,0.70415,0.054271966218948364,-0.2565315680983327,-0.24521589362179586,-0.05306003378105184,2345,0.7509594882729211,,3.167788633676003,CAM_FRONT_LEFT,bicycle,0,scene-euro-citystrasbourg-scenariolatesession-00007_1,2719
bicycle,False,0.5786910984359163,False,,0.4225,0.52355,0.42424242424242425,0.12600000000000006,0.4194078947368421,0.7650000000000002,0.580896686159844,1.7880000000000003,0.19726713554223618,,,,0.02793845534324646,0.17653462193728506,0.19726713554223618,,5097,0.6647047282715323,,,CAM_FRONT_LEFT,bicycle,1,scene-euro-citystrasbourg-scenariolatesession-00007_1,2719
bicycle,False,0.4316909294512878,True,0.3678435114503817,0.2529,0.7471,0.17142857142857143,0.012000000000000004,0.32653061224489793,0.016,0.32653061224489793,0.016,-0.14839871095373347,,,,-0.29297977685928345,-0.15475838368562664,-0.14839871095373347,,2328,0.21219931271477666,,,CAM_FRONT,bicycle,0,scene-euro-citystrasbourg-scenariolatesession-00007_1,2719
bicycle,True,0.6299870105771015,True,0.504045727859847,0.72265,0.21005,0.7158273381294964,0.19900000000000007,0.6651069518716578,0.9950000000000003,0.6862745098039216,1.4000000000000004,0.0015122000502927335,0.6489197530864198,1.6820000000000004,0.53715,-0.11691007018089294,-0.06623823731326883,-0.04306721822352455,-0.018390070180893225,7888,0.2848630831643002,,13.475728452707386,CAM_FRONT,bicycle,1,scene-euro-citystrasbourg-scenariolatesession-00007_1,2719
car,True,0.9450863678804855,True,0.7629793649298031,0.16775,0.82845,0.10103251130642546,1.1840000000000002,0.1082766439909297,1.9100000000000004,0.1082766439909297,1.9100000000000004,0.1171042251196428,0.09964177978883862,1.0570000000000004,0.20625,1.128758192062378,0.04777602414347215,0.1171042251196428,-0.1632533079376226,1435,0.462020905923345,,18.31173412311942,CAM_FRONT_RIGHT,car,0,scene-euro-citystrasbourg-scenariolatesession-00007_1,2719
car,True,0.9179543327387996,True,0.7293838663055833,0.3038,0.65295,0.3367665992275152,1.8310000000000004,0.35957894736842105,6.832000000000002,0.35957894736842105,6.832000000000002,0.0381553066585284,0.2573230388401014,4.3660000000000005,0.22375,0.4606512188911438,-0.08830606082387071,0.0381553066585284,0.01445521889114365,3711,0.44785772029102666,,10.505431634736722,CAM_FRONT_RIGHT,car,1,scene-euro-citystrasbourg-scenariolatesession-00007_1,2719
bicycle,True,0.4568757966293726,True,0.3592827709099009,0.661,0.30765,0.6308724832214765,0.09400000000000003,0.6195054945054945,0.4510000000000001,0.6195054945054945,0.4510000000000001,-0.12036076981928184,0.46875,0.19500000000000003,0.49685,0.20721645653247833,-0.13238165619389414,-0.12036076981928184,-0.09648654346752178,8277,0.1594780717651323,,13.42282893836671,CAM_FRONT_RIGHT,bicycle,0,scene-euro-citystrasbourg-scenariolatesession-00007_1,2719
bicycle,True,0.476852775309627,False,,0.8958,0.0367,0.8422939068100358,0.23500000000000004,0.7279411764705882,1.0890000000000002,0.7683823529411765,1.6720000000000006,0.13417802432485737,0.8403361344537815,1.9000000000000006,0.66005,-0.025819063186645508,0.11406134905099466,0.13417802432485737,-0.04691556318664547,12850,0.5701945525291829,,6.729769665962544,CAM_FRONT_LEFT,bicycle,0,scene-euro-citystrasbourg-scenariolatesession-00007_1,2760
bicycle,True,0.4594555459021141,True,0.37415246742526975,0.95865,0.0367,0.95,0.22800000000000004,0.8125,1.1440000000000003,0.6863839285714286,1.2300000000000004,0.00939679509030733,0.7879901960784313,1.2860000000000003,0.6561,-0.3573628067970276,-0.15443254366056763,-0.13330560394042945,-0.20864630679702756,13554,0.31230633023461707,,13.310179277855504,CAM_FRONT,bicycle,0,scene-euro-citystrasbourg-scenariolatesession-00007_1,2760
bicycle,True,0.4073550212164074,True,0.20362950742399247,0.0165,0.97855,0.01856763925729443,0.007000000000000002,0.05723905723905724,0.13600000000000007,0.05723905723905724,0.13600000000000007,-0.30241855973822207,0.1619047619047619,0.06800000000000002,0.08975,-0.9618849754333496,-0.3262487254799902,-0.30241855973822207,-0.2669479754333496,41,0.24390243902439024,,28.098726533497597,CAM_FRONT,bicycle,1,scene-euro-citystrasbourg-scenariolatesession-00007_1,2760
bicycle,True,0.6304751372487065,False,,0.93915,0.0248,0.9403669724770642,0.20500000000000004,0.855026455026455,0.8080000000000002,0.6372222222222222,1.1470000000000005,-0.004578987596437267,0.8403361344537815,1.9000000000000006,0.61445,-0.38476064801216125,-0.39728135186047936,-0.37870283772974545,-0.4058571480121612,13045,0.4804906094289,,6.729769665962544,CAM_FRONT,bicycle,2,scene-euro-citystrasbourg-scenariolatesession-00007_1,2760
construction vehicle,False,0.7635382248341614,False,,0.17505,0.8133,0.16674167416741675,0.7410000000000002,0.29849624060150376,3.9700000000000006,0.29849624060150376,3.9700000000000006,-0.7428054640219584,,,,-0.5826501846313477,-0.7548766151340474,-0.7428054640219584,,1778,0.4651293588301463,,,CAM_FRONT,construction vehicle,0,scene-euro-citystrasbourg-scenariolatesession-00007_1,2760
car,True,0.8914383324484662,False,,0.41,0.5621,0.3591258121677496,1.8240000000000007,0.42857142857142855,7.590000000000002,0.42857142857142855,7.590000000000002,0.0690256915102121,0.26097424412094067,4.661000000000001,0.1987,0.4603806138038635,-0.030034706721321414,0.0690256915102121,-0.07341238619613644,5580,0.5062724014336917,,9.938039259815216,CAM_FRONT_RIGHT,car,0,scene-euro-citystrasbourg-scenariolatesession-00007_1,2760
bicycle,False,0.3027062616355628,False,,0.1719,0.818,0.20809248554913296,0.07200000000000002,0.2976190476190476,0.6750000000000002,0.41340388007054674,1.1720000000000004,0.06469897193162333,,,,-0.1863955408334732,-0.006156036587674746,0.010886079121665837,,1801,0.9500277623542477,,,CAM_FRONT_RIGHT,bicycle,0,scene-euro-citystrasbourg-scenariolatesession-00007_1,2760
bicycle,False,0.709799861973775,False,,0.51145,0.40645,0.5372670807453416,0.17300000000000001,0.6015151515151516,0.7940000000000003,0.65007215007215,0.9010000000000001,0.13712988346193833,,,,0.17035749554634094,0.10755255158577762,0.13712988346193833,,7148,0.5149692221600448,,,CAM_FRONT_RIGHT,bicycle,1,scene-euro-citystrasbourg-scenariolatesession-00007_1,2760
bicycle,True,0.36508994003997336,True,0.2576277560998543,0.8131,0.1323,0.8064516129032258,0.10000000000000002,0.6770833333333334,0.3900000000000001,0.7524240465416936,1.1640000000000004,0.1570788770308722,0.8067226890756303,1.5360000000000003,0.4876,-0.16139814257621765,0.14183723009867338,0.1570788770308722,-0.04948664257621749,11103,0.5179681167252095,,9.127561552251773,CAM_FRONT_LEFT,bicycle,0,scene-euro-citystrasbourg-scenariolatesession-00007_1,2800
motorcycle,False,0.9571332886805091,False,,0.19665,0.796,0.20410783055198972,0.15900000000000003,0.21855921855921856,0.3580000000000001,0.21855921855921856,0.3580000000000001,0.022003105640936882,,,,-0.7285251617431641,-0.03187152097938872,0.022003105640936882,,1533,0.1819960861056752,,,CAM_FRONT_LEFT,motorcycle,0,scene-euro-citystrasbourg-scenariolatesession-00007_1,2800
motorcycle,False,0.7687447346251053,True,0.31095586982450163,0.20215,0.78315,0.227345629510826,0.5670000000000002,0.19577930333079074,0.7700000000000001,0.19577930333079074,0.7700000000000001,0.23250461052893034,,,,-0.6060150861740112,0.21914464998451222,0.23250461052893034,,1672,0.5544258373205742,,,CAM_FRONT_LEFT,motorcycle,1,scene-euro-citystrasbourg-scenariolatesession-00007_1,2800
motorcycle,True,0.41631205673758864,False,,0.3712,0.61215,0.3784722222222222,0.21800000000000005,0.3526315789473684,0.9380000000000002,0.3526315789473684,0.9380000000000002,0.21543188682993408,0.29683257918552036,0.32800000000000007,0.19265,-0.6990567445755005,0.1841974102192595,0.21543188682993408,-0.1363487445755004,3783,0.8273856727464974,,27.341093671383014,CAM_FRONT_LEFT,motorcycle,2,scene-euro-citystrasbourg-scenariolatesession-00007_1,2800
motorcycle,True,0.5894632206759444,True,0.3845654993514916,0.2087,0.7741,0.25492610837438423,0.20700000000000005,0.22747252747252747,0.6210000000000002,0.22747252747252747,0.6210000000000002,0.3551218016897959,0.2619047619047619,0.33000000000000007,0.25915,-0.6705594062805176,0.3191506063613806,0.3551218016897959,-0.05988940628051753,1501,0.34976682211858756,,26.29692866131124,CAM_FRONT_LEFT,motorcycle,3,scene-euro-citystrasbourg-scenariolatesession-00007_1,2800
bicycle,True,0.568864335002902,False,,0.88855,0.0822,0.8333333333333334,0.15000000000000005,0.6971916971916972,0.5710000000000001,0.7233391608391608,1.6550000000000005,-0.003176086035149517,0.8090828924162258,1.8350000000000006,0.86605,-0.06132703274488449,-0.2375399549819092,-0.2213924139131873,-0.04554953274488438,13170,0.6554290053151102,,5.678887567148017,CAM_FRONT,bicycle,0,scene-euro-citystrasbourg-scenariolatesession-00007_1,2800
bicycle,True,0.6205043406366267,True,0.4437605826860537,0.83305,0.1069,0.759825327510917,0.17400000000000004,0.7570664629488159,0.9910000000000002,0.7899159663865546,1.5040000000000002,0.04041417979825668,0.8067226890756303,1.5360000000000003,0.60685,-0.20214451849460602,0.019447927083141803,0.04041417979825668,-0.09023301849460585,10703,0.4699616929832757,,9.127561552251773,CAM_FRONT,bicycle,1,scene-euro-citystrasbourg-scenariolatesession-00007_1,2800
bicycle,True,0.5675638934203371,True,0.44417256237033886,0.4921,0.45455,0.49328859060402686,0.14700000000000005,0.6475694444444444,1.1190000000000002,0.6475694444444444,1.1190000000000002,-1.2157747639306369,0.8294117647058824,1.2690000000000006,0.61255,-1.4006847143173218,-1.2350328358569425,-1.2157747639306369,-1.3578867143173217,4511,0.43648858346264685,,8.008266587650136,CAM_FRONT,bicycle,2,scene-euro-citystrasbourg-scenariolatesession-00007_1,2800
car,True,0.8999222769162442,False,,0.4833,0.4754,0.4706997587038952,2.7310000000000003,0.4681416688105651,10.918000000000003,0.4681416688105651,10.918000000000003,0.6028315631041048,0.2899216125419933,5.178000000000001,0.29065,0.6336138844490051,0.4985823474111336,0.6028315631041048,0.06507438444900537,5935,0.9518112889637742,,9.89070179356094,CAM_FRONT_RIGHT,car,0,scene-euro-citystrasbourg-scenariolatesession-00007_1,2800
bicycle,False,0.19913324518877626,False,,0.78745,0.16745,0.75,0.018000000000000006,0.8333333333333334,0.015000000000000005,0.5674603174603174,0.4290000000000001,0.03365254467833467,,,,-0.025184929370880127,-0.37907560837844034,-0.3755679435668813,,11193,1.0,,,CAM_FRONT_RIGHT,bicycle,0,scene-euro-citystrasbourg-scenariolatesession-00007_1,2800
bicycle,False,0.47132709348620305,False,,0.0785,0.9208,0.09351565946184384,0.21200000000000002,0.22199675324675325,7.658000000000002,0.22199675324675325,7.658000000000002,2.1315627498759815,,,,-0.048596084117889404,2.082342769775041,2.1315627498759815,,1314,0.8926940639269406,,,CAM_FRONT_LEFT,bicycle,0,scene-euro-citystrasbourg-scenariolatesession-00007_1,2840
motorcycle,True,0.7713202779532533,True,0.563972286374134,0.3563,0.60955,0.3516295025728988,0.20500000000000007,0.32592592592592595,0.5280000000000001,0.32592592592592595,0.5280000000000001,-0.3523638005009506,0.2725,0.32700000000000007,0.2125,-0.7329763770103455,-0.3843523050714396,-0.3523638005009506,-0.4350283770103453,3122,0.29372197309417036,,25.395679102336576,CAM_FRONT_LEFT,motorcycle,0,scene-euro-citystrasbourg-scenariolatesession-00007_1,2840
motorcycle,False,0.75264,True,0.5499181669394435,0.43065,0.54585,0.4132841328413284,0.3360000000000001,0.3842261904761905,1.2910000000000004,0.3842261904761905,1.2910000000000004,-0.42429846127283266,,,,-0.8908712267875671,-0.4514786154556616,-0.42429846127283266,,4382,0.43838429940666357,,,CAM_FRONT_LEFT,motorcycle,1,scene-euro-citystrasbourg-scenariolatesession-00007_1,2840
bicycle,False,0.4885471204188482,True,0.3828205128205128,0.3859,0.61,0.41964285714285715,0.09400000000000003,0.3619047619047619,0.38000000000000006,0.3619047619047619,0.38000000000000006,-0.2901814343678406,,,,-0.857670247554779,-0.30813288514784065,-0.2901814343678406,,3769,0.25444414964181483,,,CAM_FRONT,bicycle,0,scene-euro-citystrasbourg-scenariolatesession-00007_1,2840
bicycle,True,0.7787673956262425,True,0.4718835830964198,0.61625,0.29855,0.6617100371747212,0.17800000000000005,0.7720588235294118,1.1550000000000005,0.6213507625272331,1.4260000000000002,0.052547287261796694,0.6792717086834734,1.4550000000000003,0.46685,-0.38399332761764526,-0.2703052844142081,-0.25283437085278365,-0.38967982761764475,6353,0.8468440107036046,,8.694425733412574,CAM_FRONT,bicycle,1,scene-euro-citystrasbourg-scenariolatesession-00007_1,2840
bicycle,True,0.37231253277399057,True,0.19791860249024346,0.20125,0.79345,0.22302158273381295,0.06200000000000002,0.21965020576131689,0.4270000000000001,0.16280864197530864,0.4220000000000001,-0.004582366181370423,0.5006172839506173,0.8110000000000003,0.35065,-0.8322210907936096,-0.492209348384792,-0.4656495055575589,-0.6862265907936091,2515,0.5168986083499005,,13.754806484940126,CAM_FRONT,bicycle,2,scene-euro-citystrasbourg-scenariolatesession-00007_1,2840
motorcycle,True,0.8991869918699187,True,0.7556709483465428,0.29885,0.65415,0.293733681462141,0.2250000000000001,0.3351190476190476,1.1260000000000001,0.3351190476190476,1.1260000000000001,-0.6351683504327634,0.28270676691729324,0.3760000000000001,0.2085,-1.0355043411254883,-0.6685741303801894,-0.6351683504327634,-0.6928603411254881,2389,0.2925910422771034,,26.561473822805336,CAM_FRONT,motorcycle,0,scene-euro-citystrasbourg-scenariolatesession-00007_1,2840
motorcycle,True,0.7207021166752711,True,0.5970064148253742,0.51955,0.47935,0.5201288244766505,0.32300000000000006,0.43602693602693604,1.0360000000000005,0.43602693602693604,1.0360000000000005,-0.658392515154862,0.2725,0.32700000000000007,0.1437,-0.8571855425834656,-0.6959297926301539,-0.658392515154862,-0.5592375425834655,5144,0.1115863141524106,,25.395679102336576,CAM_FRONT,motorcycle,1,scene-euro-citystrasbourg-scenariolatesession-00007_1,2840
bicycle,True,0.676320939334638,True,0.254629402229972,0.8074,0.12935,0.8278688524590164,0.20200000000000004,0.784375,1.0040000000000002,0.5796875,1.4840000000000004,0.04455652620923134,0.6792717086834734,1.4550000000000003,0.35345,-0.4890023171901703,-0.36683588515706733,-0.3463385474977587,-0.49468881719016977,10781,0.875521751229014,,8.694425733412574,CAM_FRONT_RIGHT,bicycle,0,scene-euro-citystrasbourg-scenariolatesession-00007_1,2840
bicycle,False,0.26905826463602067,False,,0.10175,0.89775,0.10454545454545454,0.023000000000000003,0.19886363636363635,0.2800000000000001,0.3182291666666667,0.6110000000000001,0.0005885294891743165,,,,-0.19967706501483917,-0.12489456107298803,-0.11142720323790778,,1055,0.4227488151658768,,,CAM_FRONT_RIGHT,bicycle,1,scene-euro-citystrasbourg-scenariolatesession-00007_1,2840
motorcycle,True,0.8797856049004594,False,,0.3697,0.599,0.3948155533399801,0.3960000000000002,0.39565217391304347,1.9110000000000003,0.39565217391304347,1.9110000000000003,-0.004502927834776349,0.3375438596491228,0.4810000000000001,0.40975,-0.2849504351615906,-0.049131119321982136,-0.004502927834776349,-0.2225254351615905,3601,0.28186614829214107,,23.888322065872725,CAM_FRONT_LEFT,motorcycle,0,scene-euro-citystrasbourg-scenariolatesession-00007_1,2880
motorcycle,False,0.08798751950078003,False,,0.07225,0.9268,0.06346967559943582,0.09000000000000002,0.08214285714285714,0.13800000000000004,0.08214285714285714,0.13800000000000004,0.22700513485469243,,,,-0.346509724855423,0.21056296381940887,0.22700513485469243,,777,0.9794079794079794,,,CAM_FRONT_LEFT,motorcycle,1,scene-euro-citystrasbourg-scenariolatesession-00007_1,2880
bicycle,True,0.23524656426839127,True,0.17060777799491889,0.1202,0.8798,0.0873015873015873,0.011000000000000001,0.12103174603174603,0.06100000000000001,0.12103174603174603,0.06100000000000001,-0.13238536697415437,0.18166666666666667,0.10900000000000001,0.19135,-0.759419322013855,-0.14544653882074055,-0.13238536697415437,-0.09208632201385492,1093,0.46111619396157366,,24.235831209626586,CAM_FRONT,bicycle,0,scene-euro-citystrasbourg-scenariolatesession-00007_1,2880
bicycle,False,0.4346426271732131,False,,0.19115,0.80575,0.2086720867208672,0.07700000000000003,0.1975,0.4740000000000001,0.1975,0.4740000000000001,0.012984159679464868,,,,-0.8668786287307739,0.0005923255113198245,0.012984159679464868,,1410,0.3113475177304964,,,CAM_FRONT,bicycle,1,scene-euro-citystrasbourg-scenariolatesession-00007_1,2880
motorcycle,False,0.7149591451917033,False,,0.3362,0.6492,0.3395784543325527,0.14500000000000002,0.3465909090909091,0.24400000000000008,0.3465909090909091,0.24400000000000008,-1.1423657221027632,,,,-1.097548246383667,-1.1794903815023394,-1.1423657221027632,,2512,0.4562101910828026,,,CAM_FRONT,motorcycle,0,scene-euro-citystrasbourg-scenariolatesession-00007_1,2880
motorcycle,True,0.8008298755186722,False,,0.5864,0.3959,0.5524475524475524,0.3950000000000001,0.5103174603174603,1.2860000000000003,0.5103174603174603,1.2860000000000003,-0.6366703795779014,0.3375438596491228,0.4810000000000001,0.35635,-0.7539584636688232,-0.6626864432918245,-0.6366703795779014,-0.6915334636688232,6229,0.21945737678600097,,23.888322065872725,CAM_FRONT,motorcycle,1,scene-euro-citystrasbourg-scenariolatesession-00007_1,2880
motorcycle,True,0.7121394230769231,False,,0.388,0.5796,0.3712374581939799,0.11100000000000002,0.37996031746031744,0.38300000000000006,0.37996031746031744,0.38300000000000006,-1.2030132984479578,0.26161616161616164,0.25900000000000006,0.0654,-1.015777826309204,-1.2268690403587068,-1.2030132984479578,-0.9513683263092041,2949,0.3940318752119363,,26.077838880628363,CAM_FRONT,motorcycle,2,scene-euro-citystrasbourg-scenariolatesession-00007_1,2880
motorcycle,True,0.7251949936513695,False,,0.27645,0.70895,0.28717948717948716,0.16800000000000004,0.38345864661654133,1.2240000000000002,0.38345864661654133,1.2240000000000002,-0.6991368866845757,0.35928571428571426,0.5030000000000001,0.24325,-0.8614823222160339,-0.7332588804905071,-0.6991368866845757,-0.7598168222160339,2993,0.2275309054460407,,24.619343195096526,CAM_FRONT,motorcycle,3,scene-euro-citystrasbourg-scenariolatesession-00007_1,2880
motorcycle,True,0.7484131563762262,True,0.6440986591623903,0.42915,0.54655,0.4409937888198758,0.21300000000000005,0.4418724279835391,0.8590000000000002,0.4418724279835391,0.8590000000000002,-0.7472688304664024,0.3356009070294785,0.5920000000000002,0.1888,-0.692593514919281,-0.7821723254019943,-0.7472688304664024,-0.603182514919281,2503,0.22532960447463046,,22.737005390813465,CAM_FRONT,motorcycle,4,scene-euro-citystrasbourg-scenariolatesession-00007_1,2880
bicycle,False,0.2549019607843137,True,0.12562814070351758,0.66465,0.20535,0.6481481481481481,0.03500000000000001,0.71875,0.04600000000000001,0.6638655462184874,0.31600000000000006,0.017844795080367293,,,,-0.38235151767730713,-0.23884621041228557,-0.23134035562214916,,6155,0.7679935012185215,,,CAM_FRONT_RIGHT,bicycle,0,scene-euro-citystrasbourg-scenariolatesession-00007_1,2880
bicycle,True,0.5803155353433271,True,0.4995650072498792,0.71005,0.25795,0.7949526813880127,0.25200000000000006,0.7180555555555556,1.5510000000000004,0.5340277777777778,1.5380000000000005,-0.05246515046859801,0.775599128540305,1.4240000000000004,0.59945,-0.6719815135002136,-0.44902125944136984,-0.42601241461692957,-0.6366690135002137,9023,0.20902138978166906,,7.89740404106561,CAM_FRONT_RIGHT,bicycle,1,scene-euro-citystrasbourg-scenariolatesession-00007_1,2880
bicycle,True,0.4105127378265076,False,,0.37945,0.5967,0.323943661971831,0.09200000000000003,0.32154882154882153,0.5730000000000001,0.2767361111111111,0.7970000000000003,0.0445631644656046,0.669921875,1.0290000000000004,0.4478,-0.6572690010070801,-0.41625792409502727,-0.3953220349812678,-0.5652560010070801,3501,0.09425878320479864,,12.714673822734904,CAM_FRONT_RIGHT,bicycle,2,scene-euro-citystrasbourg-scenariolatesession-00007_1,2880
bicycle,True,0.6281705342687534,True,0.5109745390693591,0.2945,0.6769,0.37073170731707317,0.07600000000000001,0.3968253968253968,0.3500000000000001,0.35252100840336137,0.8390000000000003,0.03956269948680391,0.6509803921568628,1.1620000000000004,0.5151,-0.6688589453697205,-0.683691158559274,-0.6676473689747076,-0.6319744453697205,2619,0.09087437953417332,,9.767113880880055,CAM_FRONT_RIGHT,bicycle,3,scene-euro-citystrasbourg-scenariolatesession-00007_1,2880
car,True,1.0,True,0.5759632661209823,0.384,0.6103,0.3408599567619505,1.4190000000000005,0.3747421161214265,2.5430000000000006,0.3747421161214265,2.5430000000000006,-0.5472497094633462,0.1788550323176362,1.9370000000000003,0.02945,-0.025234047323465347,-0.6037136552578927,-0.5472497094633462,-0.005373047323465441,826,0.42978208232445525,,21.958645016477668,CAM_FRONT_LEFT,car,0,scene-euro-citystrasbourg-scenariolatesession-00007_1,2919
bicycle,True,0.448667044809983,True,0.24897702234812716,0.50285,0.48125,0.5103092783505154,0.099,0.48639455782312924,0.4290000000000001,0.4883597883597884,0.9230000000000003,0.0506432878808496,0.23529411764705882,0.2720000000000001,0.24825,-0.31004077196121216,0.033772528994062356,0.0506432878808496,0.016808728038787746,5549,0.5786628221301136,,24.931646798141276,CAM_FRONT,bicycle,0,scene-euro-citystrasbourg-scenariolatesession-00007_1,2919
motorcycle,True,0.7243672243672243,False,,0.32605,0.6542,0.405982905982906,0.19000000000000006,0.4722222222222222,0.7480000000000001,0.4722222222222222,0.7480000000000001,-0.14283583143756706,0.3587662337662338,0.22100000000000006,0.2838,0.040211185812950134,-0.16645867445665902,-0.14283583143756706,-0.07658481418704999,2786,0.40882986360373297,,21.284468008729974,CAM_FRONT,motorcycle,0,scene-euro-citystrasbourg-scenariolatesession-00007_1,2919
motorcycle,False,0.4369747899159664,False,,0.77145,0.1949,0.5714285714285714,0.020000000000000004,0.5833333333333334,0.021000000000000008,0.5833333333333334,0.021000000000000008,-0.4294583963121512,,,,0.07383733987808228,-0.43442073079240706,-0.4294583963121512,,4113,0.7566253343058594,,,CAM_FRONT,motorcycle,1,scene-euro-citystrasbourg-scenariolatesession-00007_1,2919
motorcycle,True,0.6552527370137433,False,,0.60995,0.35525,0.5917312661498708,0.22900000000000004,0.542962962962963,0.7330000000000002,0.542962962962963,0.7330000000000002,-0.1651187302403332,0.2894736842105263,0.3630000000000001,0.12495,0.03235967457294464,-0.1920219593874169,-0.1651187302403332,-0.07842432542705546,5875,0.5807659574468085,,19.79001627448099,CAM_FRONT,motorcycle,2,scene-euro-citystrasbourg-scenariolatesession-00007_1,2919
motorcycle,True,0.6340219665271967,False,,0.4754,0.4932,0.45837837837837836,0.4240000000000001,0.4435064935064935,2.0490000000000004,0.4435064935064935,2.0490000000000004,0.3027009539631984,0.45112781954887216,0.8400000000000002,0.30985,0.03433340787887573,0.2619854191468016,0.3027009539631984,-0.03029909212112447,5573,0.6312578503499013,,18.226068886565734,CAM_FRONT,motorcycle,3,scene-euro-citystrasbourg-scenariolatesession-00007_1,2919
motorcycle,False,0.7952367121696196,False,,0.40605,0.52425,0.3847695390781563,0.19200000000000003,0.4305555555555556,1.0850000000000002,0.4305555555555556,1.0850000000000002,0.13168582851548583,,,,0.03136073052883148,0.10922805001056247,0.13168582851548583,,3941,0.24181679776706422,,,CAM_FRONT,motorcycle,4,scene-euro-citystrasbourg-scenariolatesession-00007_1,2919
motorcycle,True,0.8229310685364408,False,,0.4712,0.5027,0.4699140401146132,0.32800000000000007,0.5833333333333334,1.4700000000000004,0.5833333333333334,1.4700000000000004,-0.14998742108772434,0.3301767676767677,0.5230000000000001,0.22495,0.06635619699954987,-0.18588257445684608,-0.14998742108772434,-0.02729830300045022,4010,0.2600997506234414,,23.120248267002893,CAM_FRONT,motorcycle,5,scene-euro-citystrasbourg-scenariolatesession-00007_1,2919
motorcycle,True,0.8333820805303696,True,0.6922578555231617,0.90965,0.0831,0.8973799126637555,0.41100000000000014,0.8213235294117647,1.1170000000000002,0.8213235294117647,1.1170000000000002,-0.19305883043348748,0.4706959706959707,0.7710000000000001,0.28615,0.05290532112121582,-0.2221414377827523,-0.19305883043348748,-0.0417716788787843,11746,0.22092627277371024,,16.124024689597153,CAM_FRONT,motorcycle,6,scene-euro-citystrasbourg-scenariolatesession-00007_1,2919
motorcycle,True,0.822595608700134,False,,0.54295,0.31335,0.5468451242829828,0.2860000000000001,0.6149237472766884,1.1290000000000002,0.6149237472766884,1.1290000000000002,-0.09920427216233141,0.4461111111111111,0.8030000000000003,0.20875,0.03847603499889374,-0.12541547187452454,-0.09920427216233141,-0.03779396500110643,4568,0.19264448336252193,,17.499786477429453,CAM_FRONT,motorcycle,7,scene-euro-citystrasbourg-scenariolatesession-00007_1,2919
bicycle,True,0.48551741737909915,True,0.24186371726417494,0.8576,0.12565,0.8045977011494253,0.21000000000000005,0.7862215909090909,1.1070000000000004,0.7471804511278195,1.5900000000000003,0.08989745131842031,0.7751225490196079,1.2650000000000003,0.82335,0.18682323396205902,0.07006749480927614,0.08989745131842031,-0.009883266037941207,11568,0.7525069156293223,,10.679622850595935,CAM_FRONT_RIGHT,bicycle,0,scene-euro-citystrasbourg-scenariolatesession-00007_1,2919
bicycle,True,0.4761491760624458,True,0.2120782899819727,0.74325,0.228,0.6585365853658537,0.13500000000000004,0.6723356009070295,0.5930000000000002,0.6489262371615313,1.3900000000000003,0.061481552023304076,0.9662309368191722,0.8870000000000003,0.98925,-0.042804084718227386,0.04148891906405944,0.061481552023304076,-0.04280458471822751,8748,0.6851851851851851,,11.426671661603656,CAM_FRONT_RIGHT,bicycle,1,scene-euro-citystrasbourg-scenariolatesession-00007_1,2919
