tag,id,cls,has_gt,motion,surf_free,surf_free_any,surf_unknown,pen_p50,pen_p90,below_gt_bottom_mesh,below_ground_mesh,below_ground_obb,below_ground_gt,mesh_frac,obb_frac,gt_frac,mesh_m3,obb_m3,gt_m3,mesh_vol_m3,gt_vol_m3,mesh_outside_gt
ecp10_f560,1,car,True,unknown,0.1645,0.1752,0.80425,1.7500000000000009,4.799999999999991,0.4453297747458295,0.37511364907019035,0.4372865610967065,-0.07021612567563917,0.15753597576369605,0.14122315592903828,0.22436974789915967,1.2480000000000002,1.8150000000000004,1.8690000000000004,7.9220000000000015,8.330000000000002,0.19565766220651348
ecp10_f560,2,car,True,unknown,0.0,0.0,1.0,,,0.6033067953572928,0.4885344776848628,0.5637856332039797,-0.11477231767243001,0.0,0.00225645813881108,0.07619804678628209,0.0,0.02900000000000001,0.6710000000000002,7.143000000000002,8.806000000000003,0.28111437771244574
ecp10_f560,3,car,True,unknown,0.0005,0.0005,0.9995,0.35,0.39999999999999997,0.5907012987469076,0.42009527279351044,0.47018100536337437,-0.17060602595339713,0.0007464079119238664,0.0016801075268817205,0.13378684807256236,0.004000000000000001,0.015000000000000003,1.1800000000000004,5.359000000000001,8.820000000000002,0.1808173166635566
ecp10_f560,4,bicycle,False,unknown,0.71915,0.742,0.23385,1.2500000000000004,3.349999999999996,,-0.04827475589802003,-0.034426665260235856,,0.6974789915966386,0.7296006944444444,,0.16600000000000004,1.6810000000000005,,0.23800000000000004,,
ecp10_f560,5,bicycle,False,unknown,0.1183,0.1214,0.87335,1.7500000000000009,2.3999999999999995,,0.4620967540330372,0.47746222104235114,,0.10698689956331878,0.09956709956709957,,0.04900000000000001,0.04600000000000001,,0.45800000000000013,,
ecp10_f560,6,bicycle,True,unknown,0.71875,0.77505,0.21975,0.7500000000000001,2.4499999999999993,0.0022055429774142793,-0.18734259139213305,-0.06702029998733094,-0.18954813436954732,0.7241379310344828,0.5326797385620915,0.36507936507936506,0.06300000000000001,0.6520000000000001,0.04600000000000001,0.08700000000000002,0.12600000000000003,0.8505747126436781
ecp10_f1080,1,car,False,unknown,0.0591,0.0604,0.938,2.0500000000000007,5.949999999999987,,2.7720733044452515,3.057034922232733,,0.06417773952337404,0.05653611039501717,,10.737000000000002,76.31900000000002,,167.30100000000004,,
ecp10_f1240,1,bicycle,True,unknown,0.41005,0.69865,0.08265,0.3,0.7500000000000001,0.12078034083154127,,,,0.4650537634408602,0.40721153846153846,0.6208333333333333,0.17300000000000004,0.8470000000000002,0.5960000000000002,0.3720000000000001,0.9600000000000002,0.06989247311827962
nusc3_kf3,1,car,True,static,0.0551,0.05865,0.9241,1.2000000000000004,2.499999999999999,0.11845164426460449,0.25764522321184374,0.28861375236273035,0.13919357894723927,0.031200475435816166,0.07792207792207792,0.09009603841536615,0.31500000000000006,1.2960000000000003,1.5010000000000003,10.096000000000002,16.660000000000004,0.0
nusc3_kf3,2,car,True,static,0.1128,0.15225,0.8265,0.8000000000000002,1.2500000000000004,0.09759776337105643,0.18599650811331095,0.21797825763039835,0.08839874474225451,0.07727891156462585,0.08560090702947845,0.06963064295485637,0.2840000000000001,0.45300000000000007,1.0180000000000005,3.6750000000000007,14.620000000000003,0.0
nusc3_kf3,3,car,True,static,0.1418,0.1441,0.85145,1.4500000000000006,3.4499999999999957,0.12891526084655633,0.06733416237192577,0.15644224774004278,-0.06158109847463056,0.08823215619332124,0.08224831434550105,0.08741773132017035,0.8270000000000002,1.4150000000000003,1.1290000000000002,9.373000000000003,12.915000000000003,0.012696041822255366
nusc3_kf3,4,car,True,static,0.1225,0.1237,0.8697,0.7250000000000001,9.800000000000004,-0.14020346514565418,-0.08055014294056884,0.0009591746534011181,0.059653322205085346,0.07057796125754208,0.09667786487495333,0.04976727533118511,0.8890000000000002,2.0720000000000005,0.9730000000000002,12.596000000000004,19.551000000000005,0.0007939028262941017
nusc3_kf3,5,car,True,static,0.0645,0.07615,0.9165,1.1000000000000003,2.5899999999999963,0.010750505532656305,0.14473172359349348,0.22714358274685353,0.13398121806083718,0.044849537037037035,0.07301587301587302,0.0665045766590389,0.31000000000000005,0.8740000000000002,0.9300000000000003,6.912000000000002,13.984000000000004,0.0
nusc3_kf3,6,car,False,unknown,0.00885,0.009,0.99025,3.4499999999999957,6.399999999999985,,,,,0.019915651358950327,0.014136904761904762,,0.08500000000000002,0.09500000000000003,,4.268000000000001,,
