mask_mask_px,mask_mesh_px,mask_recall,mask_leak,mask_iou,mask_touches_border,mask_leak_free,depth_n_in_mask,depth_n_uncovered,depth_median,depth_p25,depth_p75,depth_frac_within_0p3,surf_n,surf_frac_free,surf_frac_occ,surf_frac_unknown,surf_frac_free_m0,surf_frac_free_m0.1,surf_frac_free_m0.2,surf_frac_free_m0.3,surf_depth_p50,surf_depth_p90,surf_depth_max,surf_viol_depth_p50,surf_viol_depth_p90,vol_n,vol_frac_free,vol_frac_occ,vol_frac_unknown,vol_frac_free_m0,vol_frac_free_m0.1,vol_frac_free_m0.2,vol_frac_free_m0.3,vol_depth_p50,vol_depth_p90,vol_depth_max,vol_viol_depth_p50,vol_viol_depth_p90,vol_vol_m3,vol_free_vol_m3_m0,vol_free_vol_m3_m0.1,vol_free_vol_m3_m0.2,vol_free_vol_m3_m0.3,obb_n,obb_frac_free,obb_frac_occ,obb_frac_unknown,obb_frac_free_m0,obb_frac_free_m0.1,obb_frac_free_m0.2,obb_frac_free_m0.3,obb_depth_p50,obb_depth_p90,obb_depth_max,obb_viol_depth_p50,obb_viol_depth_p90,obb_vol_m3,obb_free_vol_m3_m0,obb_free_vol_m3_m0.1,obb_free_vol_m3_m0.2,obb_free_vol_m3_m0.3,ground_z,mesh_below_ground,obb_below_ground,gt_below_ground,mesh_below_gt_bottom,gt_n,gt_frac_free,gt_frac_occ,gt_frac_unknown,gt_frac_free_m0,gt_frac_free_m0.1,gt_frac_free_m0.2,gt_frac_free_m0.3,gt_depth_p50,gt_depth_p90,gt_depth_max,gt_viol_depth_p50,gt_viol_depth_p90,gt_vol_m3,gt_free_vol_m3_m0,gt_free_vol_m3_m0.1,gt_free_vol_m3_m0.2,gt_free_vol_m3_m0.3,gt_speed,mesh_vol_outside_gt_box,floor_free,floor_unknown,floor_scaled_free,floor_scaled_unknown,shift_free_at_0,best_shift_free,free_at_best_shift,best_shift_lidar,lidar_dist_at_0,lidar_dist_best,n_returns_near,red_implied,red_in_mask_no_return_near,red_in_mask_returns_not_behind,red_outside_mask,red_off_image,red_n,red_end_in_mesh,tag,id,cls,has_gt,motion
35244,60090,0.6342356145726932,0.6280079880179731,0.306285197517162,False,0.4071559327675154,525,227,-0.13965197107088212,-0.8069891376225886,-0.041958195698799994,0.5167785234899329,20000,0.1752,0.02055,0.80425,0.1752,0.17175,0.1645,0.15755,1.5000000000000007,4.749999999999991,7.699999999999981,1.7500000000000009,4.799999999999991,7922,0.17003281999495076,0.015905074476142388,0.8140621055289068,0.17003281999495076,0.1630901287553648,0.15753597576369605,0.1541277455188084,1.4750000000000005,4.734999999999993,7.549999999999981,1.950000000000001,4.849999999999991,7.9220000000000015,1.3470000000000004,1.2920000000000003,1.2480000000000002,1.2210000000000003,12852,0.15180516651104886,0.015017117958294428,0.8331777155306567,0.15180516651104886,0.1479147214441332,0.14122315592903828,0.13554310613134143,1.7500000000000009,4.94999999999999,7.79999999999998,2.3,5.04999999999999,12.852000000000004,1.9510000000000005,1.9010000000000005,1.8150000000000004,1.7420000000000004,-0.07021612567563906,0.37511364907019035,0.4372865610967065,-0.07021612567563917,0.4453297747458295,8330.0,0.2424969987995198,0.020768307322929173,0.736734693877551,0.2424969987995198,0.2362545018007203,0.22436974789915967,0.21536614645858343,1.3000000000000005,4.499999999999992,19.750000000000146,1.5000000000000007,4.834999999999993,8.330000000000002,2.0200000000000005,1.9680000000000004,1.8690000000000004,1.7940000000000005,,0.19565766220651348,0.4019,0.5535,0.1586,0.75785,0.1645,0.5,0.151,-0.2,0.2031664798717259,0.1621397430265134,414,0.222509702457956,0.0,0.0017248814144027599,0.7757654161276413,0.0,2319,0.4165588615782665,ecp10_f560,1,car,True,unknown
3143,14407,0.010817690104995227,0.9976400360935657,0.0019410824389129938,False,0.04740751023807871,37,35,-3.4554849181885423,-4.463692411087653,-2.447277425289432,0.0,20000,0.0,0.0,1.0,0.0,0.0,0.0,0.0,,,,,,7143,0.0,0.0,1.0,0.0,0.0,0.0,0.0,,,,,,7.143000000000002,0.0,0.0,0.0,0.0,12852,0.0024898848428260194,0.0003112356053532524,0.9971988795518207,0.0024898848428260194,0.002412075941487706,0.00225645813881108,0.002178649237472767,0.2,4.750000000000014,11.200000000000024,0.39999999999999997,7.975000000000019,12.852000000000004,0.03200000000000001,0.031000000000000003,0.02900000000000001,0.02800000000000001,-0.23364081767242983,0.4885344776848628,0.5637856332039797,-0.11477231767243001,0.6033067953572928,8806.0,0.07960481489893255,0.004088121735180559,0.9163070633658869,0.07960481489893255,0.0788099023393141,0.07619804678628209,0.0739268680445151,1.900000000000001,15.970000000000093,17.750000000000117,2.8999999999999977,16.140000000000096,8.806000000000003,0.7010000000000002,0.6940000000000002,0.6710000000000002,0.6510000000000001,,0.28111437771244574,0.1493,0.8426,0.03665,0.9436,0.0,-0.5,0.0,-0.5,0.503990334786551,0.43862255282274865,22,0.0,0.0,0.0,0.0,0.0,0,,ecp10_f560,2,car,True,unknown
4789,25882,0.006264355815410315,0.9988408932849084,0.0009790803172220227,False,0.14813383818870257,48,48,,,,,20000,0.0005,0.0,0.9995,0.0005,0.0005,0.0005,0.0005,0.35,0.39999999999999997,0.39999999999999997,0.35,0.39999999999999997,5359,0.000933009889904833,0.0001866019779809666,0.9988803881321142,0.000933009889904833,0.000933009889904833,0.0007464079119238664,0.0005598059339428998,0.25,0.37,0.39999999999999997,0.3,0.38,5.359000000000001,0.005000000000000001,0.005000000000000001,0.004000000000000001,0.003000000000000001,8928,0.0017921146953405018,0.00022401433691756272,0.9979838709677419,0.0017921146953405018,0.0017921146953405018,0.0016801075268817205,0.0015681003584229391,0.44999999999999996,3.5299999999999954,3.599999999999995,0.49999999999999994,3.5399999999999956,8.928000000000003,0.016000000000000004,0.016000000000000004,0.015000000000000003,0.014000000000000004,-0.14746252595339704,0.42009527279351044,0.47018100536337437,-0.17060602595339713,0.5907012987469076,8820.0,0.1375283446712018,0.003968253968253968,0.8585034013605443,0.1375283446712018,0.1360544217687075,0.13378684807256236,0.131859410430839,4.94999999999999,14.750000000000075,20.00000000000015,5.09999999999999,14.975000000000083,8.820000000000002,1.2130000000000003,1.2000000000000002,1.1800000000000004,1.1630000000000003,,0.1808173166635566,0.129,0.86475,0.09475,0.89585,0.0005,0.4,0.0,-0.5,0.5074310061838343,0.4322096632927979,31,0.0,0.0,0.0,1.0,0.0,9,1.0,ecp10_f560,3,car,True,unknown
13752,17578,0.3197353112274578,0.7498577767664125,0.16325697100211636,False,0.7057685743543065,158,105,1.0372314570384198,0.39912797588821824,1.9852963075250365,0.1509433962264151,20000,0.742,0.02415,0.23385,0.742,0.73565,0.71915,0.6853,1.2500000000000004,3.2999999999999963,10.050000000000008,1.2500000000000004,3.349999999999996,238,0.7352941176470589,0.04201680672268908,0.22268907563025211,0.7352941176470589,0.7184873949579832,0.6974789915966386,0.6680672268907563,1.2000000000000004,3.1749999999999967,7.79999999999998,1.2500000000000004,3.319999999999998,0.23800000000000004,0.17500000000000004,0.17100000000000004,0.16600000000000004,0.15900000000000003,2304,0.7634548611111112,0.036458333333333336,0.20008680555555555,0.7634548611111112,0.75,0.7296006944444444,0.7161458333333334,2.499999999999999,6.999999999999983,19.500000000000142,2.6999999999999984,7.049999999999983,2.3040000000000007,1.7590000000000003,1.7280000000000004,1.6810000000000005,1.6500000000000004,-0.028688670626686896,-0.04827475589802003,-0.034426665260235856,,,,,,,,,,,,,,,,,,,,,,,,,,,0.71915,0.4,0.61905,0.4,0.23176204607970194,0.09238718672041037,79,0.29641608391608393,0.0,0.0,0.7035839160839161,0.0,11440,0.016171328671328672,ecp10_f560,4,bicycle,False,unknown
856,622,0.0,1.0,0.0,False,1.0,12,12,,,,,20000,0.1214,0.00525,0.87335,0.1214,0.12055,0.1183,0.11625,1.7000000000000008,2.3999999999999995,2.6999999999999984,1.7500000000000009,2.3999999999999995,458,0.1091703056768559,0.004366812227074236,0.8864628820960698,0.1091703056768559,0.1091703056768559,0.10698689956331878,0.10480349344978165,1.850000000000001,2.569999999999999,2.6999999999999984,1.900000000000001,2.5799999999999987,0.45800000000000013,0.05000000000000001,0.05000000000000001,0.04900000000000001,0.048000000000000015,462,0.1038961038961039,0.004329004329004329,0.8917748917748918,0.1038961038961039,0.10173160173160173,0.09956709956709957,0.09956709956709957,1.950000000000001,2.5799999999999987,2.6999999999999984,2.0500000000000007,2.5999999999999988,0.46200000000000013,0.048000000000000015,0.047000000000000014,0.04600000000000001,0.04600000000000001,-0.2556815720070533,0.4620967540330372,0.47746222104235114,,,,,,,,,,,,,,,,,,,,,,,,,,,0.1183,0.5,0.0835,0.3,0.6443390687428249,0.577117665483894,11,0.0,0.0,0.0,1.0,0.0,1240,0.03870967741935484,ecp10_f560,5,bicycle,False,unknown
2263,1523,0.2691117984975696,0.6001313197636244,0.19169027384324835,False,0.6001313197636244,35,28,0.5935167677552968,0.42770506225700533,0.9213956464067561,0.0,20000,0.77505,0.0052,0.21975,0.77505,0.7684,0.71875,0.6414,0.5499999999999999,2.4499999999999993,2.6999999999999984,0.7500000000000001,2.4499999999999993,87,0.7586206896551724,0.022988505747126436,0.21839080459770116,0.7586206896551724,0.7586206896551724,0.7241379310344828,0.6551724137931034,0.7500000000000001,2.479999999999999,2.6999999999999984,0.8000000000000002,2.494999999999999,0.08700000000000002,0.06600000000000002,0.06600000000000002,0.06300000000000001,0.057000000000000016,1224,0.5833333333333334,0.04738562091503268,0.369281045751634,0.5833333333333334,0.571078431372549,0.5326797385620915,0.5016339869281046,0.7500000000000001,3.4499999999999957,6.849999999999984,1.0000000000000002,3.4999999999999956,1.2240000000000002,0.7140000000000002,0.6990000000000002,0.6520000000000001,0.6140000000000001,-0.12912763436954722,-0.18734259139213305,-0.06702029998733094,-0.18954813436954732,0.0022055429774142793,126.0,0.40476190476190477,0.047619047619047616,0.5476190476190477,0.40476190476190477,0.40476190476190477,0.36507936507936506,0.31746031746031744,0.39999999999999997,1.475000000000002,2.799999999999998,0.49999999999999994,2.1000000000000014,0.12600000000000003,0.05100000000000001,0.05100000000000001,0.04600000000000001,0.04000000000000001,,0.8505747126436781,0.30165,0.6828,0.6256,0.26855,0.71875,0.5,0.30535,0.5,0.2689141158892552,0.16596498769782125,32,0.37861136999068035,0.0,0.0,0.6213886300093197,0.0,8584,0.02411463187325256,ecp10_f560,6,bicycle,True,unknown
1566650,1894954,1.0,0.1732516989858329,0.8267483010141671,True,0.1732516989858329,7715,0,2.3112637632523922,1.6201413896568813,4.082814148042267,0.011795204147764096,20000,0.0604,0.0016,0.938,0.0604,0.06,0.0591,0.0578,2.000000000000001,5.899999999999987,9.249999999999996,2.0500000000000007,5.949999999999987,167301,0.06548078015074627,0.0019366291893055032,0.9325825906599482,0.06548078015074627,0.06548078015074627,0.06417773952337404,0.0629284941512603,2.0500000000000007,5.949999999999987,15.80000000000009,2.0500000000000007,5.999999999999987,167.30100000000004,10.955000000000002,10.955000000000002,10.737000000000002,10.528,1349916,0.058510307308010275,0.002237917025948281,0.9392517756660415,0.058510307308010275,0.05795101324823174,0.05653611039501717,0.05524343736943632,1.850000000000001,5.749999999999988,19.95000000000015,1.950000000000001,5.849999999999987,1349.9160000000004,78.98400000000002,78.22900000000001,76.31900000000002,74.57400000000001,-0.00847994633515503,2.7720733044452515,3.057034922232733,,,,,,,,,,,,,,,,,,,,,,,,,,,0.0591,0.3,0.05775,0.5,0.9419944516491865,0.8615746980044914,5456,0.19162995594713655,0.030837004405286344,0.02643171806167401,0.06607929515418502,0.6850220264317181,908,0.24008810572687225,ecp10_f1080,1,car,False,unknown
97687,102335,0.6886893854862981,0.3425905115551864,0.5068024648576982,False,0.3425905115551864,908,298,0.12560311862044604,-0.02415625922001219,0.25781263523654074,0.8213114754098361,20000,0.69865,0.2187,0.08265,0.69865,0.60325,0.41005,0.24235,0.2,0.44999999999999996,4.699999999999991,0.3,0.7500000000000001,372,0.6693548387096774,0.20698924731182797,0.12365591397849462,0.6693548387096774,0.6693548387096774,0.4650537634408602,0.32526881720430106,0.25,0.7400000000000007,4.699999999999991,0.3,0.8500000000000002,0.3720000000000001,0.24900000000000003,0.24900000000000003,0.17300000000000004,0.12100000000000002,2080,0.50625,0.15384615384615385,0.33990384615384617,0.50625,0.50625,0.40721153846153846,0.3605769230769231,0.39999999999999997,1.1500000000000004,5.399999999999989,0.49999999999999994,1.4600000000000029,2.0800000000000005,1.0530000000000002,1.0530000000000002,0.8470000000000002,0.7500000000000002,,,,,0.12078034083154127,960.0,0.840625,0.11770833333333333,0.041666666666666664,0.840625,0.778125,0.6208333333333333,0.5114583333333333,0.35,0.7500000000000001,4.849999999999991,0.44999999999999996,0.8500000000000002,0.9600000000000002,0.8070000000000002,0.7470000000000002,0.5960000000000002,0.4910000000000001,,0.06989247311827962,0.78785,0.0199,0.7522,0.02215,0.41005,0.5,0.0582,-0.0,0.0825705315460302,0.0825705315460302,891,0.6224627875507442,0.0,0.0675236806495264,0.31001353179972935,0.0,7390,0.43085250338294995,ecp10_f1240,1,bicycle,True,unknown
124019,140048,0.9763503979228989,0.1353964355078259,0.8468677656471839,False,0.10339312235804866,431,6,-0.0781678043994809,-0.5115849525054008,0.032615698607964205,0.49176470588235294,20000,0.05865,0.01725,0.9241,0.05865,0.0571,0.0551,0.0536,1.1500000000000004,2.4499999999999993,3.149999999999997,1.2000000000000004,2.499999999999999,10096,0.03278526148969889,0.0070324881141045955,0.9601822503961965,0.03278526148969889,0.03278526148969889,0.031200475435816166,0.03020998415213946,1.2000000000000004,2.3499999999999996,2.8999999999999977,1.3000000000000005,2.3999999999999995,10.096000000000002,0.33100000000000007,0.33100000000000007,0.31500000000000006,0.30500000000000005,16632,0.08291245791245791,0.010582010582010581,0.9065055315055315,0.08291245791245791,0.08056758056758057,0.07792207792207792,0.07533670033670034,0.8500000000000002,2.859999999999997,17.650000000000116,1.1000000000000003,3.324999999999996,16.632000000000005,1.3790000000000002,1.3400000000000003,1.2960000000000003,1.2530000000000003,0.15233480857983772,0.25764522321184374,0.28861375236273035,0.13919357894723927,0.11845164426460449,16660.0,0.09561824729891957,0.007563025210084034,0.8968187274909964,0.09561824729891957,0.09333733493397359,0.09009603841536615,0.08571428571428572,1.1500000000000004,15.68500000000009,18.250000000000124,1.2750000000000004,15.85000000000009,16.660000000000004,1.5930000000000004,1.5550000000000004,1.5010000000000003,1.4280000000000004,0.0,0.0,0.0453,0.94945,0.0572,0.9184,0.0551,0.5,0.02385,-0.1,0.09199063462689601,0.0844500477562758,395,0.5198019801980198,0.0,0.018151815181518153,0.46204620462046203,0.0,606,0.21287128712871287,nusc3_kf3,1,car,True,static
56024,55621,0.5146901328002285,0.48158069793782926,0.3482067383166284,True,0.48158069793782926,80,20,0.10594065657232843,0.08439073448594447,0.12924944705767993,0.8,20000,0.15225,0.02125,0.8265,0.15225,0.136,0.1128,0.10365,0.3,1.1500000000000004,2.2,0.8000000000000002,1.2500000000000004,3675,0.08979591836734693,0.022857142857142857,0.8873469387755102,0.08979591836734693,0.08979591836734693,0.07727891156462585,0.07428571428571429,0.8500000000000002,1.800000000000001,2.2,1.0500000000000003,1.8700000000000012,3.6750000000000007,0.33000000000000007,0.33000000000000007,0.2840000000000001,0.2730000000000001,5292,0.10430839002267574,0.02305366591080877,0.8726379440665155,0.10430839002267574,0.09750566893424037,0.08560090702947845,0.07671957671957672,0.35,1.4500000000000006,2.2,0.6,1.6500000000000008,5.292000000000002,0.5520000000000002,0.5160000000000001,0.45300000000000007,0.4060000000000001,0.15590664450475145,0.18599650811331095,0.21797825763039835,0.08839874474225451,0.09759776337105643,14620.0,0.07489740082079344,0.009097127222982216,0.9160054719562244,0.07489740082079344,0.07489740082079344,0.06963064295485637,0.06709986320109439,0.7500000000000001,3.7499999999999947,19.150000000000137,1.0500000000000003,5.589999999999992,14.620000000000003,1.0950000000000002,1.0950000000000002,1.0180000000000005,0.9810000000000001,0.0,0.0,0.0,1.0,0.08175,0.8898,0.1128,0.5,0.04695,0.1,0.09049674244517864,0.04164758050829985,80,0.02125984251968504,0.0,0.028346456692913385,0.36456692913385824,0.5858267716535434,1270,0.5771653543307087,nusc3_kf3,2,car,True,static
44715,84081,0.9465056468746506,0.4966401446224474,0.48943600892764216,False,0.08261081576099237,108,7,0.2909594403193321,-0.07824921469533663,1.495600577672386,0.4752475247524752,20000,0.1441,0.00445,0.85145,0.1441,0.1434,0.1418,0.14095,1.4000000000000006,3.399999999999996,16.100000000000094,1.4500000000000006,3.4499999999999957,9373,0.08876560332871013,0.0037341299477221808,0.9075002667235677,0.08876560332871013,0.08865891390163234,0.08823215619332124,0.08780539848501014,1.1500000000000004,1.9700000000000026,15.900000000000091,1.1500000000000004,2.0200000000000027,9.373000000000003,0.8320000000000002,0.8310000000000002,0.8270000000000002,0.8230000000000002,17204,0.0844571029993025,0.0032550569634968614,0.9122878400372006,0.0844571029993025,0.08364333875842828,0.08224831434550105,0.08062078586375261,1.3000000000000005,2.7499999999999982,16.700000000000102,1.3500000000000005,2.7900000000000014,17.204000000000004,1.4530000000000003,1.4390000000000003,1.4150000000000003,1.3870000000000002,0.009409504187381956,0.06733416237192577,0.15644224774004278,-0.06158109847463056,0.12891526084655633,12915.0,0.08989547038327526,0.0029423151374370887,0.9071622144792877,0.08989547038327526,0.08989547038327526,0.08741773132017035,0.08687572590011615,1.1750000000000003,2.8999999999999977,16.100000000000094,1.2500000000000004,2.9499999999999975,12.915000000000003,1.1610000000000003,1.1610000000000003,1.1290000000000002,1.1220000000000003,0.004210473269875457,0.012696041822255366,0.09815,0.8961,0.1082,0.8836,0.1418,0.5,0.1014,-0.3,0.1454714516742696,0.12299704732523145,93,0.2144702842377261,0.0,0.00516795865633075,0.7803617571059431,0.0,1161,0.14039621016365203,nusc3_kf3,3,car,True,static
43348,83814,0.9937021315862323,0.486064380652397,0.5122670567388538,True,0.12298661321497602,100,0,0.30513981895705555,-0.024020329576577293,28.605175611847265,0.45,20000,0.1237,0.0066,0.8697,0.1237,0.1236,0.1225,0.1215,0.5499999999999999,9.700000000000003,10.15000000000001,0.7250000000000001,9.800000000000004,12596,0.07105430295331851,0.003413782153064465,0.925531914893617,0.07105430295331851,0.07105430295331851,0.07057796125754208,0.06986344871387742,0.5499999999999999,9.770000000000003,13.00000000000005,0.7000000000000001,9.800000000000004,12.596000000000004,0.8950000000000001,0.8950000000000001,0.8890000000000002,0.8800000000000002,21432,0.10050391937290033,0.0026129152668906306,0.8968831653602091,0.10050391937290033,0.09891750653228817,0.09667786487495333,0.09579134005225831,0.39999999999999997,9.374999999999998,13.350000000000055,1.4750000000000005,9.600000000000001,21.432000000000006,2.1540000000000004,2.1200000000000006,2.0720000000000005,2.0530000000000004,0.06713807237970348,-0.08055014294056884,0.0009591746534011181,0.059653322205085346,-0.14020346514565418,19551.0,0.04992072016776636,0.0014321518080916578,0.948647128024142,0.04992072016776636,0.04992072016776636,0.04976727533118511,0.049255792542580945,1.6000000000000008,9.675000000000002,19.900000000000148,1.7000000000000008,9.750000000000005,19.551000000000005,0.9760000000000003,0.9760000000000003,0.9730000000000002,0.9630000000000003,0.0,0.0007939028262941017,0.07545,0.92145,0.08865,0.90965,0.1225,0.5,0.1062,-0.1,0.059216197807147236,0.052759333272546394,60,0.4866666666666667,0.0,0.02,0.0,0.49333333333333335,150,0.5333333333333333,nusc3_kf3,4,car,True,static
64739,78468,0.9406076708012172,0.2239639088545649,0.7397859390375761,False,0.028979966355711883,180,7,0.1038598587542765,-0.193639488379584,0.364838046472733,0.5780346820809249,20000,0.07615,0.00735,0.9165,0.07615,0.0723,0.0645,0.05965,0.44999999999999996,1.850000000000001,3.8499999999999943,1.1000000000000003,2.5899999999999963,6912,0.052083333333333336,0.009114583333333334,0.9388020833333334,0.052083333333333336,0.052083333333333336,0.044849537037037035,0.041087962962962965,0.5499999999999999,1.8800000000000008,3.7499999999999947,1.2000000000000004,2.0800000000000005,6.912000000000002,0.3600000000000001,0.3600000000000001,0.31000000000000005,0.2840000000000001,11970,0.081203007518797,0.009523809523809525,0.9092731829573935,0.081203007518797,0.07903091060985798,0.07301587301587302,0.06950710108604845,0.7500000000000001,1.900000000000001,4.299999999999993,1.1000000000000003,2.0500000000000007,11.970000000000002,0.9720000000000003,0.9460000000000002,0.8740000000000002,0.8320000000000001,0.13045665872297874,0.14473172359349348,0.22714358274685353,0.13398121806083718,0.010750505532656305,13984.0,0.070866704805492,0.005220251716247139,0.9239130434782609,0.070866704805492,0.06907894736842106,0.0665045766590389,0.06457379862700229,1.2500000000000004,14.545000000000073,18.75000000000013,1.4000000000000006,14.750000000000075,13.984000000000004,0.9910000000000003,0.9660000000000003,0.9300000000000003,0.9030000000000002,0.015824323140291276,0.0,0.03025,0.96105,0.05635,0.934,0.0645,0.5,0.0392,-0.3,0.1006976449825053,0.07224308516229055,171,0.612540192926045,0.0,0.00964630225080386,0.3778135048231511,0.0,622,0.4517684887459807,nusc3_kf3,5,car,True,static
2252,8546,0.8752220248667851,0.7693657851626492,0.22329217174578,False,0.44956704891177157,5,0,-8.872935847148868,-8.959619236950193,-8.683070412774025,0.0,20000,0.009,0.00075,0.99025,0.009,0.009,0.00885,0.0087,3.4499999999999957,6.399999999999985,6.449999999999985,3.4499999999999957,6.399999999999985,4268,0.02014995313964386,0.00023430178069353328,0.9796157450796626,0.02014995313964386,0.019915651358950327,0.019915651358950327,0.019915651358950327,3.999999999999994,6.239999999999986,6.449999999999985,4.049999999999994,6.249999999999986,4.268000000000001,0.08600000000000002,0.08500000000000002,0.08500000000000002,0.08500000000000002,6720,0.014583333333333334,0.000744047619047619,0.984672619047619,0.014583333333333334,0.014136904761904762,0.014136904761904762,0.013988095238095239,3.7249999999999948,6.0899999999999865,6.499999999999985,3.7999999999999945,6.119999999999987,6.7200000000000015,0.09800000000000002,0.09500000000000003,0.09500000000000003,0.09400000000000003,,,,,,,,,,,,,,,,,,,,,,,,,,,,,,0.00885,-0.4,0.0064,,,,0,0.0,0.0,0.014705882352941176,0.9852941176470589,0.0,68,0.29411764705882354,nusc3_kf3,6,car,False,unknown
