tag,id,cls,has_gt,motion,recall,iou,leak_free,border,depth_med,surf_free,surf_unk,pen_p50,floor,floor_sc,sh_free,free@sh,sh_lidar,implied,no_ret,ret_nb,outside,end_in_mesh,below_gt,red_n
ecp10_f560,1,car,True,unknown,0.634,0.306,0.407,False,-0.14,0.164,0.804,1.75,0.402,0.159,0.5,0.151,-0.2,0.223,0.0,0.002,0.776,0.417,0.445,2319
ecp10_f560,2,car,True,unknown,0.011,0.002,0.047,False,-3.455,0.0,1.0,,0.149,0.037,-0.5,0.0,-0.5,0.0,0.0,0.0,0.0,,0.603,0
ecp10_f560,3,car,True,unknown,0.006,0.001,0.148,False,,0.0,1.0,0.35,0.129,0.095,0.4,0.0,-0.5,0.0,0.0,0.0,1.0,1.0,0.591,9
ecp10_f560,4,bicycle,False,unknown,0.32,0.163,0.706,False,1.037,0.719,0.234,1.25,,,0.4,0.619,0.4,0.296,0.0,0.0,0.704,0.016,,11440
ecp10_f560,5,bicycle,False,unknown,0.0,0.0,1.0,False,,0.118,0.873,1.75,,,0.5,0.084,0.3,0.0,0.0,0.0,1.0,0.039,,1240
ecp10_f560,6,bicycle,True,unknown,0.269,0.192,0.6,False,0.594,0.719,0.22,0.75,0.302,0.626,0.5,0.305,0.5,0.379,0.0,0.0,0.621,0.024,0.002,8584
ecp10_f1080,1,car,False,unknown,1.0,0.827,0.173,True,2.311,0.059,0.938,2.05,,,0.3,0.058,0.5,0.192,0.031,0.026,0.066,0.24,,908
ecp10_f1240,1,bicycle,True,unknown,0.689,0.507,0.343,False,0.126,0.41,0.083,0.3,0.788,0.752,0.5,0.058,-0.0,0.622,0.0,0.068,0.31,0.431,0.121,7390
nusc3_kf3,1,car,True,static,0.976,0.847,0.103,False,-0.078,0.055,0.924,1.2,0.045,0.057,0.5,0.024,-0.1,0.52,0.0,0.018,0.462,0.213,0.118,606
nusc3_kf3,2,car,True,static,0.515,0.348,0.482,True,0.106,0.113,0.826,0.8,0.0,0.082,0.5,0.047,0.1,0.021,0.0,0.028,0.365,0.577,0.098,1270
nusc3_kf3,3,car,True,static,0.947,0.489,0.083,False,0.291,0.142,0.851,1.45,0.098,0.108,0.5,0.101,-0.3,0.214,0.0,0.005,0.78,0.14,0.129,1161
nusc3_kf3,4,car,True,static,0.994,0.512,0.123,True,0.305,0.122,0.87,0.725,0.075,0.089,0.5,0.106,-0.1,0.487,0.0,0.02,0.0,0.533,-0.14,150
nusc3_kf3,5,car,True,static,0.941,0.74,0.029,False,0.104,0.064,0.916,1.1,0.03,0.056,0.5,0.039,-0.3,0.613,0.0,0.01,0.378,0.452,0.011,622
nusc3_kf3,6,car,False,unknown,0.875,0.223,0.45,False,-8.873,0.009,0.99,3.45,,,-0.4,0.006,,0.0,0.0,0.015,0.985,0.294,,68
