dataset,sample_token,category,range_m,regime,frac_free,frac_occ,n_free,n_occupied,n_total
ecp,e30ec07f3273d002b3f93bc39aaa75e4,pedestrian,10.77,A,0.5664,0.0397,1468,103,2592
ecp,e30ec07f3273d002b3f93bc39aaa75e4,bicycle,11.12,A,0.6151,0.0151,1427,35,2320
ecp,e30ec07f3273d002b3f93bc39aaa75e4,car,14.32,A,0.1643,0.0057,11153,388,67889
ecp,e30ec07f3273d002b3f93bc39aaa75e4,pedestrian,18.22,B,0.2032,0.0244,590,71,2904
ecp,e30ec07f3273d002b3f93bc39aaa75e4,bicycle,18.48,B,0.1736,0.006,175,6,1008
ecp,e30ec07f3273d002b3f93bc39aaa75e4,pedestrian,26.24,B,0.0912,0.006,443,29,4860
ecp,e30ec07f3273d002b3f93bc39aaa75e4,pedestrian,15.93,B,0.238,0.0161,607,41,2550
ecp,e30ec07f3273d002b3f93bc39aaa75e4,car,18.68,B,0.0524,0.0006,3606,43,68796
ecp,e30ec07f3273d002b3f93bc39aaa75e4,pedestrian,18.05,B,0.2018,0.024,445,53,2205
ecp,e30ec07f3273d002b3f93bc39aaa75e4,pedestrian,17.67,B,0.1995,0.0075,370,14,1855
ecp,e30ec07f3273d002b3f93bc39aaa75e4,pedestrian,30.13,C,0.0463,0.0089,114,22,2464
ecp,e30ec07f3273d002b3f93bc39aaa75e4,pedestrian,38.91,C,0.0322,0.0059,71,13,2208
ecp,e30ec07f3273d002b3f93bc39aaa75e4,pedestrian,38.75,C,0.0228,0.0079,46,16,2016
ecp,e30ec07f3273d002b3f93bc39aaa75e4,car,24.67,B,0.0249,0.0005,1709,37,68516
ecp,e30ec07f3273d002b3f93bc39aaa75e4,car,30.3,C,0.0141,0.0001,862,9,61350
ecp,e30ec07f3273d002b3f93bc39aaa75e4,pedestrian,36.41,C,0.0168,0.0028,36,6,2142
ecp,e30ec07f3273d002b3f93bc39aaa75e4,pedestrian,45.32,C,0.0318,0.0021,122,8,3842
ecp,e30ec07f3273d002b3f93bc39aaa75e4,pedestrian,16.65,B,0.1015,0.0018,390,7,3842
ecp,9a2b2317e196f7464aa89424b95bf245,pedestrian,3.81,A,0.6472,0.0735,2157,245,3333
ecp,9a2b2317e196f7464aa89424b95bf245,bicycle,3.79,A,0.6829,0.0087,3829,49,5607
ecp,9a2b2317e196f7464aa89424b95bf245,car,6.15,A,0.2743,0.0122,16990,756,61944
ecp,9a2b2317e196f7464aa89424b95bf245,pedestrian,9.6,A,0.5588,0.036,2268,146,4059
ecp,9a2b2317e196f7464aa89424b95bf245,bicycle,9.57,A,0.5523,0.0296,913,49,1653
ecp,9a2b2317e196f7464aa89424b95bf245,pedestrian,20.32,B,0.1634,0.0106,774,50,4736
ecp,9a2b2317e196f7464aa89424b95bf245,pedestrian,6.2,A,0.3529,0.026,1409,104,3993
ecp,9a2b2317e196f7464aa89424b95bf245,car,10.17,A,0.1627,0.0036,9509,209,58436
ecp,9a2b2317e196f7464aa89424b95bf245,pedestrian,10.12,A,0.2678,0.0359,403,54,1505
ecp,9a2b2317e196f7464aa89424b95bf245,pedestrian,9.85,A,0.294,0.0358,566,69,1925
ecp,9a2b2317e196f7464aa89424b95bf245,pedestrian,21.48,B,0.1454,0.0217,322,48,2214
ecp,9a2b2317e196f7464aa89424b95bf245,pedestrian,32.26,C,0.0608,0.0101,126,21,2072
ecp,9a2b2317e196f7464aa89424b95bf245,pedestrian,32.1,C,0.0362,0.0098,59,16,1628
ecp,9a2b2317e196f7464aa89424b95bf245,car,16.22,B,0.093,0.0034,5934,220,63800
ecp,9a2b2317e196f7464aa89424b95bf245,car,21.66,B,0.0347,0.001,2300,67,66294
ecp,9a2b2317e196f7464aa89424b95bf245,pedestrian,24.76,B,0.0969,0.0107,300,33,3096
ecp,9a2b2317e196f7464aa89424b95bf245,pedestrian,34.73,C,0.0136,0.002,41,6,3010
ecp,9a2b2317e196f7464aa89424b95bf245,pedestrian,6.82,A,0.6456,0.0286,2261,100,3502
ecp,9a2b2317e196f7464aa89424b95bf245,pedestrian,9.88,A,0.2457,0.022,593,53,2414
ecp,9a2b2317e196f7464aa89424b95bf245,bicycle,12.31,A,0.5666,0.0159,1464,41,2584
ecp,9a2b2317e196f7464aa89424b95bf245,pedestrian,12.53,A,0.3628,0.0617,423,72,1166
ecp,9a2b2317e196f7464aa89424b95bf245,pedestrian,43.3,C,0.0201,0.0037,43,8,2135
ecp,9a2b2317e196f7464aa89424b95bf245,car,33.35,C,0.0096,0.0006,519,30,53865
ecp,fa61074dc2801efc68c2b47d6bb30a3f,pedestrian,2.94,A,0.4881,0.0598,1925,236,3944
ecp,fa61074dc2801efc68c2b47d6bb30a3f,bicycle,3.26,A,0.4309,0.0233,1735,94,4026
ecp,fa61074dc2801efc68c2b47d6bb30a3f,pedestrian,14.3,A,0.3791,0.0217,1764,101,4653
ecp,fa61074dc2801efc68c2b47d6bb30a3f,car,3.05,A,0.2832,0.0059,18699,392,66033
ecp,fa61074dc2801efc68c2b47d6bb30a3f,pedestrian,13.05,A,0.4357,0.0425,1403,137,3220
ecp,fa61074dc2801efc68c2b47d6bb30a3f,pedestrian,25.9,B,0.0871,0.0136,186,29,2135
ecp,fa61074dc2801efc68c2b47d6bb30a3f,pedestrian,25.45,B,0.1,0.0118,238,28,2380
ecp,fa61074dc2801efc68c2b47d6bb30a3f,car,8.01,A,0.2492,0.0082,17907,590,71862
ecp,fa61074dc2801efc68c2b47d6bb30a3f,car,13.34,A,0.1662,0.0046,12282,340,73890
ecp,fa61074dc2801efc68c2b47d6bb30a3f,pedestrian,13.41,A,0.424,0.0294,1801,125,4248
ecp,fa61074dc2801efc68c2b47d6bb30a3f,pedestrian,24.39,B,0.1139,0.009,496,39,4356
ecp,fa61074dc2801efc68c2b47d6bb30a3f,bicycle,4.5,A,0.5282,0.0212,1122,45,2124
ecp,fa61074dc2801efc68c2b47d6bb30a3f,pedestrian,5.88,A,0.5921,0.0419,2093,148,3535
ecp,fa61074dc2801efc68c2b47d6bb30a3f,car,25.04,B,0.0457,0.0019,3122,133,68340
ecp,fa61074dc2801efc68c2b47d6bb30a3f,pedestrian,24.44,B,0.045,0.0062,95,13,2112
ecp,0a3d83e1bc3f4d1a3bc7ec7a1373b9b7,pedestrian,9.44,A,0.6119,0.0276,2702,122,4416
ecp,0a3d83e1bc3f4d1a3bc7ec7a1373b9b7,pedestrian,5.97,A,0.6103,0.0487,2618,209,4290
ecp,0a3d83e1bc3f4d1a3bc7ec7a1373b9b7,pedestrian,20.65,B,0.16,0.021,336,44,2100
ecp,0a3d83e1bc3f4d1a3bc7ec7a1373b9b7,pedestrian,20.45,B,0.1483,0.0249,363,61,2448
ecp,0a3d83e1bc3f4d1a3bc7ec7a1373b9b7,car,2.63,A,0.3206,0.0057,24160,427,75361
ecp,0a3d83e1bc3f4d1a3bc7ec7a1373b9b7,car,6.27,A,0.2857,0.008,23464,657,82140
ecp,0a3d83e1bc3f4d1a3bc7ec7a1373b9b7,pedestrian,3.71,A,0.4995,0.0462,2089,193,4182
ecp,0a3d83e1bc3f4d1a3bc7ec7a1373b9b7,pedestrian,14.93,A,0.2345,0.0128,785,43,3348
ecp,0a3d83e1bc3f4d1a3bc7ec7a1373b9b7,pedestrian,21.68,B,0.1352,0.015,297,33,2196
ecp,0a3d83e1bc3f4d1a3bc7ec7a1373b9b7,car,17.7,B,0.1129,0.0048,7701,325,68237
ecp,0a3d83e1bc3f4d1a3bc7ec7a1373b9b7,pedestrian,14.99,A,0.2791,0.0198,661,47,2368
ecp,0a3d83e1bc3f4d1a3bc7ec7a1373b9b7,pedestrian,8.37,A,0.3151,0.0161,1235,63,3920
ecp,0a3d83e1bc3f4d1a3bc7ec7a1373b9b7,car,22.8,B,0.0211,0.0004,1229,24,58296
ecp,0a3d83e1bc3f4d1a3bc7ec7a1373b9b7,car,28.41,B,0.0109,0.0002,692,15,63771
ecp,3fd5fd50dd271baf041aac7e8ae632c3,car,11.34,A,0.1841,0.0042,15080,341,81920
ecp,3fd5fd50dd271baf041aac7e8ae632c3,pedestrian,22.48,B,0.1163,0.0092,696,55,5985
ecp,3fd5fd50dd271baf041aac7e8ae632c3,pedestrian,23.65,B,0.1146,0.0099,465,40,4059
ecp,3fd5fd50dd271baf041aac7e8ae632c3,pedestrian,23.56,B,0.0846,0.0077,351,32,4148
ecp,3fd5fd50dd271baf041aac7e8ae632c3,pedestrian,23.48,B,0.0558,0.0083,128,19,2294
ecp,3fd5fd50dd271baf041aac7e8ae632c3,pedestrian,21.52,B,0.0945,0.009,324,31,3430
ecp,3fd5fd50dd271baf041aac7e8ae632c3,pedestrian,22.05,B,0.0646,0.0081,208,26,3220
ecp,3fd5fd50dd271baf041aac7e8ae632c3,pedestrian,13.45,A,0.1891,0.0143,701,53,3708
ecp,3fd5fd50dd271baf041aac7e8ae632c3,pedestrian,14.53,A,0.1442,0.0094,431,28,2988
ecp,3fd5fd50dd271baf041aac7e8ae632c3,pedestrian,22.55,B,0.0896,0.007,624,49,6965
ecp,3fd5fd50dd271baf041aac7e8ae632c3,bicycle,16.76,B,0.3082,0.0048,3062,48,9936
ecp,3fd5fd50dd271baf041aac7e8ae632c3,bicycle,16.8,B,0.3057,0.0068,2464,55,8060
ecp,3fd5fd50dd271baf041aac7e8ae632c3,pedestrian,29.16,B,0.0696,0.0083,303,36,4352
ecp,3fd5fd50dd271baf041aac7e8ae632c3,pedestrian,29.34,B,0.0532,0.0108,99,20,1860
ecp,3fd5fd50dd271baf041aac7e8ae632c3,bicycle,15.55,B,0.3017,0.0046,3222,49,10680
ecp,3fd5fd50dd271baf041aac7e8ae632c3,pedestrian,29.04,B,0.0273,0.0101,27,10,990
ecp,3fd5fd50dd271baf041aac7e8ae632c3,pedestrian,34.89,C,0.0143,0.0053,35,13,2448
ecp,3fd5fd50dd271baf041aac7e8ae632c3,pedestrian,34.42,C,0.0105,0.0011,46,5,4386
ecp,3fd5fd50dd271baf041aac7e8ae632c3,car,37.14,C,0.0083,0.0003,574,21,69194
ecp,3fd5fd50dd271baf041aac7e8ae632c3,bicycle,17.65,B,0.0774,0.0015,925,18,11946
ecp,3fd5fd50dd271baf041aac7e8ae632c3,pedestrian,49.73,C,0.0183,0.0016,124,11,6766
ecp,3fd5fd50dd271baf041aac7e8ae632c3,pedestrian,47.45,C,0.0241,0.0016,120,8,4983
ecp,3fd5fd50dd271baf041aac7e8ae632c3,pedestrian,47.68,C,0.0097,0.0027,40,11,4114
ecp,3fd5fd50dd271baf041aac7e8ae632c3,bicycle,29.23,B,0.113,0.0056,401,20,3549
ecp,3fd5fd50dd271baf041aac7e8ae632c3,bicycle,29.62,B,0.0687,0.0011,257,4,3743
ecp,3fd5fd50dd271baf041aac7e8ae632c3,bicycle,30.13,C,0.0573,0.0017,233,7,4068
ecp,3fd5fd50dd271baf041aac7e8ae632c3,bicycle,30.67,C,0.0293,0.0046,115,18,3920
ecp,3fd5fd50dd271baf041aac7e8ae632c3,car,6.92,A,0.2429,0.0067,19509,538,80321
ecp,c2df9a1b7fd0679b9d1c434e410fe6c5,car,4.34,A,0.2225,0.0064,19378,554,87104
ecp,c2df9a1b7fd0679b9d1c434e410fe6c5,pedestrian,12.84,A,0.5594,0.0322,2467,142,4410
ecp,c2df9a1b7fd0679b9d1c434e410fe6c5,pedestrian,14.39,A,0.1999,0.0068,409,14,2046
ecp,c2df9a1b7fd0679b9d1c434e410fe6c5,pedestrian,14.48,A,0.3941,0.0407,1220,126,3096
ecp,c2df9a1b7fd0679b9d1c434e410fe6c5,pedestrian,14.04,A,0.1318,0.0144,174,19,1320
ecp,c2df9a1b7fd0679b9d1c434e410fe6c5,pedestrian,12.31,A,0.414,0.0452,1098,120,2652
ecp,c2df9a1b7fd0679b9d1c434e410fe6c5,pedestrian,13.06,A,0.3961,0.035,1212,107,3060
ecp,c2df9a1b7fd0679b9d1c434e410fe6c5,pedestrian,8.07,A,0.2996,0.0301,906,91,3024
ecp,c2df9a1b7fd0679b9d1c434e410fe6c5,pedestrian,9.02,A,0.4302,0.0486,1097,124,2550
ecp,c2df9a1b7fd0679b9d1c434e410fe6c5,pedestrian,16.43,B,0.3287,0.0191,1846,107,5616
ecp,c2df9a1b7fd0679b9d1c434e410fe6c5,bicycle,9.35,A,0.6652,0.0096,4997,72,7512
ecp,c2df9a1b7fd0679b9d1c434e410fe6c5,bicycle,9.32,A,0.698,0.0108,3895,60,5580
ecp,c2df9a1b7fd0679b9d1c434e410fe6c5,pedestrian,23.59,B,0.0993,0.015,297,45,2992
ecp,c2df9a1b7fd0679b9d1c434e410fe6c5,pedestrian,23.67,B,0.1085,0.0206,179,34,1650
ecp,c2df9a1b7fd0679b9d1c434e410fe6c5,bicycle,8.07,A,0.7066,0.0091,9101,117,12880
ecp,c2df9a1b7fd0679b9d1c434e410fe6c5,pedestrian,19.85,B,0.0543,0.0152,43,12,792
ecp,c2df9a1b7fd0679b9d1c434e410fe6c5,pedestrian,25.38,B,0.0456,0.0083,93,17,2040
ecp,c2df9a1b7fd0679b9d1c434e410fe6c5,pedestrian,25.23,B,0.0439,0.0107,82,20,1870
ecp,c2df9a1b7fd0679b9d1c434e410fe6c5,car,29.59,B,0.0103,0.0005,734,32,71064
ecp,c2df9a1b7fd0679b9d1c434e410fe6c5,bicycle,10.22,A,0.28,0.0057,3000,61,10714
ecp,c2df9a1b7fd0679b9d1c434e410fe6c5,pedestrian,44.88,C,0.0166,0.0044,53,14,3201
ecp,c2df9a1b7fd0679b9d1c434e410fe6c5,pedestrian,37.44,C,0.0462,0.0053,139,16,3010
ecp,c2df9a1b7fd0679b9d1c434e410fe6c5,pedestrian,37.52,C,0.0364,0.0054,121,18,3328
ecp,c2df9a1b7fd0679b9d1c434e410fe6c5,bicycle,21.7,B,0.1706,0.0098,662,38,3880
ecp,c2df9a1b7fd0679b9d1c434e410fe6c5,bicycle,22.04,B,0.1478,0.0014,510,5,3451
ecp,c2df9a1b7fd0679b9d1c434e410fe6c5,bicycle,22.48,B,0.1208,0.0034,466,13,3859
ecp,c2df9a1b7fd0679b9d1c434e410fe6c5,bicycle,22.93,B,0.0991,0.0036,410,15,4137
ecp,c2df9a1b7fd0679b9d1c434e410fe6c5,pedestrian,29.29,B,0.0513,0.0128,96,24,1870
ecp,c2df9a1b7fd0679b9d1c434e410fe6c5,car,38.97,C,0.0022,0.0002,120,13,55718
ecp,c2df9a1b7fd0679b9d1c434e410fe6c5,bicycle,17.41,B,0.1208,0.003,201,5,1664
ecp,c2df9a1b7fd0679b9d1c434e410fe6c5,bicycle,17.53,B,0.1149,0.0076,364,24,3168
ecp,c2df9a1b7fd0679b9d1c434e410fe6c5,bicycle,23.26,B,0.0639,0.0072,187,21,2928
ecp,03085f1d3f50ce3eda14caab85e41eee,pedestrian,4.82,A,0.7437,0.0697,2785,261,3745
ecp,03085f1d3f50ce3eda14caab85e41eee,pedestrian,6.24,A,0.7156,0.0616,1776,153,2482
ecp,03085f1d3f50ce3eda14caab85e41eee,pedestrian,6.53,A,0.4753,0.0247,1600,83,3366
ecp,03085f1d3f50ce3eda14caab85e41eee,pedestrian,6.24,A,0.5548,0.0639,1007,116,1815
ecp,03085f1d3f50ce3eda14caab85e41eee,pedestrian,5.16,A,0.6354,0.0359,1258,71,1980
ecp,03085f1d3f50ce3eda14caab85e41eee,pedestrian,5.7,A,0.5427,0.0402,1753,130,3230
ecp,03085f1d3f50ce3eda14caab85e41eee,pedestrian,3.69,A,0.6546,0.0569,2346,204,3584
ecp,03085f1d3f50ce3eda14caab85e41eee,pedestrian,4.13,A,0.5534,0.0474,1844,158,3332
ecp,03085f1d3f50ce3eda14caab85e41eee,pedestrian,11.62,A,0.5596,0.0289,3561,184,6364
ecp,03085f1d3f50ce3eda14caab85e41eee,bicycle,2.84,A,0.3195,0.0036,2331,26,7296
ecp,03085f1d3f50ce3eda14caab85e41eee,bicycle,2.72,A,0.1524,0.0036,838,20,5500
ecp,03085f1d3f50ce3eda14caab85e41eee,pedestrian,18.82,B,0.1218,0.0171,456,64,3744
ecp,03085f1d3f50ce3eda14caab85e41eee,pedestrian,18.69,B,0.2446,0.0247,455,46,1860
ecp,03085f1d3f50ce3eda14caab85e41eee,pedestrian,11.58,A,0.213,0.0185,253,22,1188
ecp,03085f1d3f50ce3eda14caab85e41eee,pedestrian,16.54,B,0.2566,0.0455,508,90,1980
ecp,03085f1d3f50ce3eda14caab85e41eee,pedestrian,16.6,B,0.2636,0.0351,548,73,2079
ecp,03085f1d3f50ce3eda14caab85e41eee,car,22.44,B,0.0353,0.001,2951,80,83520
ecp,03085f1d3f50ce3eda14caab85e41eee,bicycle,3.38,A,0.4826,0.0083,4196,72,8694
ecp,03085f1d3f50ce3eda14caab85e41eee,pedestrian,40.42,C,0.0265,0.0041,117,18,4420
ecp,03085f1d3f50ce3eda14caab85e41eee,pedestrian,27.86,B,0.0798,0.0138,209,36,2618
ecp,03085f1d3f50ce3eda14caab85e41eee,pedestrian,28.03,B,0.0857,0.0099,277,32,3232
ecp,03085f1d3f50ce3eda14caab85e41eee,bicycle,14.63,A,0.4327,0.0185,1774,76,4100
ecp,03085f1d3f50ce3eda14caab85e41eee,bicycle,14.9,A,0.3345,0.0051,1126,17,3366
ecp,03085f1d3f50ce3eda14caab85e41eee,bicycle,15.46,B,0.3012,0.0065,1152,25,3825
ecp,03085f1d3f50ce3eda14caab85e41eee,bicycle,16.18,B,0.233,0.0147,1015,64,4356
ecp,03085f1d3f50ce3eda14caab85e41eee,pedestrian,20.08,B,0.2175,0.0179,849,70,3904
ecp,03085f1d3f50ce3eda14caab85e41eee,car,32.04,C,0.0052,0.0003,330,19,63045
ecp,03085f1d3f50ce3eda14caab85e41eee,bicycle,11.13,A,0.3782,0.0102,851,23,2250
ecp,03085f1d3f50ce3eda14caab85e41eee,bicycle,11.17,A,0.18,0.0041,622,14,3456
ecp,03085f1d3f50ce3eda14caab85e41eee,bicycle,17.25,B,0.115,0.0019,1304,22,11339
ecp,03085f1d3f50ce3eda14caab85e41eee,bicycle,4.71,A,0.8143,0.0168,3192,66,3920
ecp,03085f1d3f50ce3eda14caab85e41eee,bicycle,5.03,A,0.5376,0.0244,1387,63,2580
ecp,03085f1d3f50ce3eda14caab85e41eee,bicycle,4.96,A,0.4858,0.013,1043,28,2147
ecp,03085f1d3f50ce3eda14caab85e41eee,pedestrian,21.23,B,0.119,0.0122,360,37,3026
ecp,03085f1d3f50ce3eda14caab85e41eee,bicycle,18.24,B,0.0806,0.0022,708,19,8786
ecp,03085f1d3f50ce3eda14caab85e41eee,pedestrian,49.29,C,0.0196,0.0125,11,7,560
ecp,03085f1d3f50ce3eda14caab85e41eee,pedestrian,49.57,C,0.0118,0.0069,12,7,1020
ecp,03085f1d3f50ce3eda14caab85e41eee,pedestrian,48.68,C,0.0238,0.0067,25,7,1050
ecp,03085f1d3f50ce3eda14caab85e41eee,pedestrian,49.02,C,0.021,0.0028,30,4,1426
ecp,03085f1d3f50ce3eda14caab85e41eee,pedestrian,49.55,C,0.0056,0.0022,5,2,900
ecp,03e001ab374631dd46fb04d23958d74b,pedestrian,7.17,A,0.6274,0.0385,2773,170,4420
ecp,03e001ab374631dd46fb04d23958d74b,pedestrian,14.25,A,0.1599,0.0289,487,88,3045
ecp,03e001ab374631dd46fb04d23958d74b,pedestrian,14.11,A,0.3371,0.0279,1208,100,3584
ecp,03e001ab374631dd46fb04d23958d74b,pedestrian,4.58,A,0.5826,0.0554,1210,115,2077
ecp,03e001ab374631dd46fb04d23958d74b,pedestrian,8.33,A,0.5622,0.0469,1653,138,2940
ecp,03e001ab374631dd46fb04d23958d74b,pedestrian,8.22,A,0.6756,0.0616,1470,134,2176
ecp,03e001ab374631dd46fb04d23958d74b,car,15.75,B,0.0843,0.0029,6705,231,79500
ecp,03e001ab374631dd46fb04d23958d74b,pedestrian,36.34,C,0.0439,0.0044,229,23,5214
ecp,03e001ab374631dd46fb04d23958d74b,pedestrian,18.81,B,0.2054,0.0219,759,81,3696
ecp,03e001ab374631dd46fb04d23958d74b,pedestrian,18.92,B,0.2415,0.018,912,68,3776
ecp,03e001ab374631dd46fb04d23958d74b,bicycle,7.83,A,0.8141,0.0131,6941,112,8526
ecp,03e001ab374631dd46fb04d23958d74b,bicycle,8.6,A,0.6145,0.0077,4212,53,6854
ecp,03e001ab374631dd46fb04d23958d74b,bicycle,9.42,A,0.4609,0.0162,3212,113,6969
ecp,03e001ab374631dd46fb04d23958d74b,bicycle,10.29,A,0.3119,0.0041,1617,21,5184
ecp,03e001ab374631dd46fb04d23958d74b,pedestrian,11.19,A,0.5859,0.0311,3281,174,5600
ecp,03e001ab374631dd46fb04d23958d74b,car,25.27,B,0.0213,0.0004,1631,30,76705
ecp,03e001ab374631dd46fb04d23958d74b,bicycle,5.19,A,0.8815,0.0131,4633,69,5256
ecp,03e001ab374631dd46fb04d23958d74b,bicycle,5.07,A,0.6803,0.0191,4320,121,6350
ecp,03e001ab374631dd46fb04d23958d74b,bicycle,10.66,A,0.2636,0.0047,1450,26,5500
ecp,03e001ab374631dd46fb04d23958d74b,pedestrian,12.59,A,0.3922,0.0286,1249,91,3185
ecp,03e001ab374631dd46fb04d23958d74b,bicycle,11.42,A,0.2978,0.0045,2244,34,7536
ecp,03e001ab374631dd46fb04d23958d74b,bicycle,10.29,A,0.3448,0.0038,1713,19,4968
ecp,03e001ab374631dd46fb04d23958d74b,pedestrian,42.47,C,0.0109,0.0109,7,7,644
ecp,03e001ab374631dd46fb04d23958d74b,pedestrian,42.74,C,0.0189,0.0091,27,13,1426
ecp,03e001ab374631dd46fb04d23958d74b,pedestrian,41.8,C,0.036,0.0081,40,9,1110
ecp,03e001ab374631dd46fb04d23958d74b,pedestrian,42.18,C,0.0316,0.0032,49,5,1550
ecp,03e001ab374631dd46fb04d23958d74b,pedestrian,42.59,C,0.0099,0.0021,14,3,1410
ecp,03e001ab374631dd46fb04d23958d74b,car,20.86,B,0.0405,0.0001,2689,9,66388
ecp,03e001ab374631dd46fb04d23958d74b,car,34.01,C,0.0056,0.0001,432,7,76880
ecp,c0de9f17c7a0e13aead147f599211274,pedestrian,4.0,A,0.6218,0.0563,3150,285,5066
ecp,c0de9f17c7a0e13aead147f599211274,pedestrian,9.55,A,0.2207,0.0204,865,80,3920
ecp,c0de9f17c7a0e13aead147f599211274,pedestrian,9.53,A,0.4005,0.0354,974,86,2432
ecp,c0de9f17c7a0e13aead147f599211274,car,8.44,A,0.2304,0.0079,17140,589,74400
ecp,c0de9f17c7a0e13aead147f599211274,pedestrian,31.95,C,0.0531,0.0079,208,31,3914
ecp,c0de9f17c7a0e13aead147f599211274,pedestrian,9.09,A,0.6266,0.0232,4562,169,7280
ecp,c0de9f17c7a0e13aead147f599211274,pedestrian,9.54,A,0.5283,0.0342,1960,127,3710
ecp,c0de9f17c7a0e13aead147f599211274,bicycle,2.99,A,0.595,0.011,4423,82,7434
ecp,c0de9f17c7a0e13aead147f599211274,bicycle,3.48,A,0.6394,0.0091,2954,42,4620
ecp,c0de9f17c7a0e13aead147f599211274,car,17.86,B,0.06,0.0017,4488,127,74762
ecp,c0de9f17c7a0e13aead147f599211274,bicycle,3.65,A,0.5556,0.0081,3640,53,6552
ecp,c0de9f17c7a0e13aead147f599211274,pedestrian,3.54,A,0.4502,0.0393,2064,180,4585
ecp,c0de9f17c7a0e13aead147f599211274,bicycle,4.36,A,0.7256,0.0123,5886,100,8112
ecp,c0de9f17c7a0e13aead147f599211274,bicycle,4.21,A,0.5891,0.0114,3455,67,5865
ecp,c0de9f17c7a0e13aead147f599211274,pedestrian,34.99,C,0.0361,0.0125,26,9,720
ecp,c0de9f17c7a0e13aead147f599211274,pedestrian,35.3,C,0.0258,0.0138,43,23,1664
ecp,c0de9f17c7a0e13aead147f599211274,pedestrian,34.42,C,0.044,0.0115,69,18,1568
ecp,c0de9f17c7a0e13aead147f599211274,pedestrian,34.79,C,0.0445,0.0068,91,14,2046
ecp,c0de9f17c7a0e13aead147f599211274,pedestrian,35.33,C,0.0095,0.0022,17,4,1792
ecp,c0de9f17c7a0e13aead147f599211274,car,13.65,A,0.102,0.0022,6778,144,66444
ecp,c0de9f17c7a0e13aead147f599211274,car,27.37,B,0.0149,0.0002,1137,14,76260
ecp,c0de9f17c7a0e13aead147f599211274,car,22.66,B,0.0348,0.0003,2492,22,71640
ecp,c0de9f17c7a0e13aead147f599211274,pedestrian,6.0,A,0.7079,0.0394,4633,258,6545
ecp,c0de9f17c7a0e13aead147f599211274,pedestrian,47.42,C,0.033,0.0032,134,13,4059
ecp,c0de9f17c7a0e13aead147f599211274,pedestrian,47.62,C,0.0136,0.0036,46,12,3379
ecp,c0de9f17c7a0e13aead147f599211274,bicycle,13.1,A,0.5265,0.0126,1592,38,3024
ecp,c0de9f17c7a0e13aead147f599211274,bicycle,20.09,B,0.2025,0.0064,975,31,4816
ecp,93142fff67950636d7295865ee95eb80,pedestrian,5.16,A,0.673,0.0357,3957,210,5880
ecp,93142fff67950636d7295865ee95eb80,pedestrian,5.48,A,0.6331,0.0493,2621,204,4140
ecp,93142fff67950636d7295865ee95eb80,car,2.52,A,0.2929,0.0045,25497,396,87040
ecp,93142fff67950636d7295865ee95eb80,pedestrian,26.77,B,0.1092,0.0084,562,43,5148
ecp,93142fff67950636d7295865ee95eb80,car,10.02,A,0.1798,0.0056,12694,392,70586
ecp,93142fff67950636d7295865ee95eb80,pedestrian,27.12,B,0.0664,0.0152,57,13,858
ecp,93142fff67950636d7295865ee95eb80,pedestrian,27.42,B,0.0539,0.018,102,34,1891
ecp,93142fff67950636d7295865ee95eb80,pedestrian,26.56,B,0.0773,0.0154,151,30,1953
ecp,93142fff67950636d7295865ee95eb80,pedestrian,26.95,B,0.0883,0.0081,239,22,2706
ecp,93142fff67950636d7295865ee95eb80,pedestrian,27.52,B,0.0266,0.0028,57,6,2142
ecp,93142fff67950636d7295865ee95eb80,car,6.22,A,0.2829,0.0085,18855,569,66640
ecp,93142fff67950636d7295865ee95eb80,car,19.45,B,0.0549,0.0008,4288,66,78089
ecp,93142fff67950636d7295865ee95eb80,car,14.92,A,0.0911,0.0023,5761,147,63249
ecp,93142fff67950636d7295865ee95eb80,pedestrian,42.11,C,0.0353,0.0036,126,13,3570
ecp,93142fff67950636d7295865ee95eb80,pedestrian,42.28,C,0.0276,0.0033,109,13,3944
ecp,93142fff67950636d7295865ee95eb80,bicycle,5.73,A,0.8428,0.0272,5796,187,6877
ecp,93142fff67950636d7295865ee95eb80,bicycle,12.49,A,0.6002,0.009,3605,54,6006
ecp,93142fff67950636d7295865ee95eb80,car,41.15,C,0.0033,0.0004,170,18,51100
ecp,451a8d1bdc7556807ec82d807f516acf,pedestrian,21.55,B,0.1105,0.0079,601,43,5439
ecp,451a8d1bdc7556807ec82d807f516acf,car,3.16,A,0.2552,0.0033,21861,284,85650
ecp,451a8d1bdc7556807ec82d807f516acf,pedestrian,19.15,B,0.1553,0.02,225,29,1449
ecp,451a8d1bdc7556807ec82d807f516acf,pedestrian,19.39,B,0.1407,0.0316,378,85,2686
ecp,451a8d1bdc7556807ec82d807f516acf,pedestrian,18.5,B,0.2257,0.0303,514,69,2277
ecp,451a8d1bdc7556807ec82d807f516acf,pedestrian,18.98,B,0.2037,0.0155,658,50,3230
ecp,451a8d1bdc7556807ec82d807f516acf,pedestrian,19.53,B,0.0373,0.005,104,14,2788
ecp,451a8d1bdc7556807ec82d807f516acf,car,11.48,A,0.1502,0.003,11304,228,75270
ecp,451a8d1bdc7556807ec82d807f516acf,car,7.08,A,0.2356,0.0096,17275,707,73312
ecp,451a8d1bdc7556807ec82d807f516acf,pedestrian,36.66,C,0.0437,0.0062,156,22,3570
ecp,451a8d1bdc7556807ec82d807f516acf,pedestrian,36.91,C,0.0355,0.0063,129,23,3638
ecp,451a8d1bdc7556807ec82d807f516acf,bicycle,4.85,A,0.8317,0.0134,4666,75,5610
ecp,451a8d1bdc7556807ec82d807f516acf,car,33.17,C,0.0163,0.0009,972,54,59584
ecp,451a8d1bdc7556807ec82d807f516acf,car,16.63,B,0.0878,0.0016,4915,87,55971
ecp,451a8d1bdc7556807ec82d807f516acf,car,43.9,C,0.0011,0.0001,76,6,68075
ecp,fd7c9c67dfc490de7bbbf55d19a4c17e,pedestrian,16.62,B,0.2879,0.0163,1907,108,6623
ecp,fd7c9c67dfc490de7bbbf55d19a4c17e,pedestrian,10.93,A,0.4562,0.0479,657,69,1440
ecp,fd7c9c67dfc490de7bbbf55d19a4c17e,pedestrian,11.2,A,0.4509,0.0629,1211,169,2686
ecp,fd7c9c67dfc490de7bbbf55d19a4c17e,pedestrian,10.32,A,0.6202,0.0451,1883,137,3036
ecp,fd7c9c67dfc490de7bbbf55d19a4c17e,pedestrian,10.95,A,0.465,0.0297,1660,106,3570
ecp,fd7c9c67dfc490de7bbbf55d19a4c17e,pedestrian,11.45,A,0.1881,0.0166,724,64,3848
ecp,fd7c9c67dfc490de7bbbf55d19a4c17e,car,3.92,A,0.3301,0.0066,29202,585,88473
ecp,fd7c9c67dfc490de7bbbf55d19a4c17e,pedestrian,28.95,B,0.0665,0.0068,273,28,4104
ecp,fd7c9c67dfc490de7bbbf55d19a4c17e,pedestrian,29.67,B,0.0468,0.0055,154,18,3290
ecp,fd7c9c67dfc490de7bbbf55d19a4c17e,car,25.05,B,0.0411,0.0021,2851,149,69440
ecp,fd7c9c67dfc490de7bbbf55d19a4c17e,car,8.86,A,0.2456,0.0063,17584,451,71604
ecp,fd7c9c67dfc490de7bbbf55d19a4c17e,car,35.83,C,0.0028,0.0002,190,14,69054
ecp,fd7c9c67dfc490de7bbbf55d19a4c17e,pedestrian,16.82,B,0.1409,0.0115,586,48,4160
ecp,67c800bf8a99f303719733be99b7799e,pedestrian,8.91,A,0.6803,0.0377,2200,122,3234
ecp,67c800bf8a99f303719733be99b7799e,pedestrian,19.69,B,0.1689,0.02,481,57,2848
ecp,67c800bf8a99f303719733be99b7799e,pedestrian,19.62,B,0.2269,0.0126,1118,62,4928
ecp,67c800bf8a99f303719733be99b7799e,pedestrian,22.21,B,0.0846,0.0144,240,41,2838
ecp,67c800bf8a99f303719733be99b7799e,pedestrian,21.9,B,0.1435,0.0102,776,55,5408
ecp,67c800bf8a99f303719733be99b7799e,pedestrian,23.62,B,0.1487,0.0078,1045,55,7029
ecp,67c800bf8a99f303719733be99b7799e,pedestrian,30.55,C,0.0402,0.0052,162,21,4026
ecp,67c800bf8a99f303719733be99b7799e,pedestrian,30.79,C,0.0225,0.0032,42,6,1870
ecp,67c800bf8a99f303719733be99b7799e,pedestrian,46.06,C,0.0124,0.0038,36,11,2904
ecp,67c800bf8a99f303719733be99b7799e,pedestrian,47.73,C,0.0087,0.0039,20,9,2310
ecp,67c800bf8a99f303719733be99b7799e,pedestrian,48.54,C,0.0201,0.003,99,15,4928
ecp,67c800bf8a99f303719733be99b7799e,pedestrian,48.71,C,0.0195,0.002,105,11,5376
ecp,67c800bf8a99f303719733be99b7799e,bicycle,45.29,C,0.0316,0.0009,244,7,7725
ecp,67c800bf8a99f303719733be99b7799e,pedestrian,5.21,A,0.7024,0.0263,4246,159,6045
ecp,67c800bf8a99f303719733be99b7799e,bicycle,29.83,B,0.0872,0.0044,337,17,3864
ecp,67c800bf8a99f303719733be99b7799e,bicycle,29.64,B,0.075,0.0029,230,9,3066
ecp,5b71e8ddee3c167f0e3634807875dcd8,pedestrian,14.32,A,0.377,0.0316,1205,101,3196
ecp,5b71e8ddee3c167f0e3634807875dcd8,pedestrian,14.38,A,0.3833,0.019,1791,89,4672
ecp,5b71e8ddee3c167f0e3634807875dcd8,pedestrian,17.37,B,0.2012,0.0175,910,79,4522
ecp,5b71e8ddee3c167f0e3634807875dcd8,pedestrian,17.16,B,0.2199,0.0171,1145,89,5208
ecp,5b71e8ddee3c167f0e3634807875dcd8,pedestrian,19.32,B,0.208,0.0103,1529,76,7350
ecp,5b71e8ddee3c167f0e3634807875dcd8,pedestrian,25.94,B,0.1056,0.0052,890,44,8432
ecp,5b71e8ddee3c167f0e3634807875dcd8,pedestrian,25.94,B,0.0786,0.0066,322,27,4095
ecp,5b71e8ddee3c167f0e3634807875dcd8,pedestrian,42.34,C,0.0239,0.0067,43,12,1800
ecp,5b71e8ddee3c167f0e3634807875dcd8,pedestrian,38.03,C,0.0235,0.0039,131,22,5577
ecp,5b71e8ddee3c167f0e3634807875dcd8,pedestrian,39.01,C,0.0158,0.0042,72,19,4554
ecp,5b71e8ddee3c167f0e3634807875dcd8,pedestrian,39.04,C,0.0262,0.0031,145,17,5536
ecp,5b71e8ddee3c167f0e3634807875dcd8,bicycle,37.87,C,0.0423,0.002,275,13,6504
ecp,5b71e8ddee3c167f0e3634807875dcd8,pedestrian,40.58,C,0.0131,0.0013,39,4,2976
ecp,5b71e8ddee3c167f0e3634807875dcd8,bicycle,22.42,B,0.1349,0.0039,524,15,3885
ecp,5b71e8ddee3c167f0e3634807875dcd8,bicycle,22.34,B,0.1021,0.0062,461,28,4515
ecp,5b71e8ddee3c167f0e3634807875dcd8,pedestrian,27.57,B,0.0518,0.0036,87,6,1680
ecp,d9954041eb03adaae8c25205f3713ad6,pedestrian,10.1,A,0.6465,0.0202,4160,130,6435
ecp,d9954041eb03adaae8c25205f3713ad6,pedestrian,10.26,A,0.6115,0.0216,3450,122,5642
ecp,d9954041eb03adaae8c25205f3713ad6,pedestrian,13.65,A,0.394,0.0188,2478,118,6290
ecp,d9954041eb03adaae8c25205f3713ad6,pedestrian,13.44,A,0.4007,0.0259,2154,139,5376
ecp,d9954041eb03adaae8c25205f3713ad6,pedestrian,16.02,B,0.2906,0.0338,1109,129,3816
ecp,d9954041eb03adaae8c25205f3713ad6,pedestrian,22.04,B,0.1562,0.0073,1406,66,9000
ecp,d9954041eb03adaae8c25205f3713ad6,pedestrian,22.19,B,0.1544,0.0119,777,60,5032
ecp,d9954041eb03adaae8c25205f3713ad6,pedestrian,39.74,C,0.0245,0.0068,47,13,1920
ecp,d9954041eb03adaae8c25205f3713ad6,pedestrian,29.6,B,0.0432,0.0072,204,34,4725
ecp,d9954041eb03adaae8c25205f3713ad6,pedestrian,30.38,C,0.0513,0.0064,280,35,5460
ecp,d9954041eb03adaae8c25205f3713ad6,pedestrian,30.5,C,0.0762,0.0084,255,28,3348
ecp,d9954041eb03adaae8c25205f3713ad6,bicycle,31.51,C,0.0559,0.0024,257,11,4598
ecp,d9954041eb03adaae8c25205f3713ad6,pedestrian,34.18,C,0.0278,0.0034,106,13,3816
ecp,d9954041eb03adaae8c25205f3713ad6,bicycle,16.12,B,0.0975,0.0047,396,19,4060
ecp,d9954041eb03adaae8c25205f3713ad6,bicycle,15.92,B,0.1504,0.0061,739,30,4914
ecp,d9954041eb03adaae8c25205f3713ad6,pedestrian,23.98,B,0.0849,0.0168,101,20,1190
ecp,d9954041eb03adaae8c25205f3713ad6,pedestrian,41.36,C,0.0265,0.0031,102,12,3848
ecp,d9954041eb03adaae8c25205f3713ad6,pedestrian,41.25,C,0.0342,0.009,53,14,1548
ecp,d9954041eb03adaae8c25205f3713ad6,pedestrian,44.02,C,0.0082,0.0041,10,5,1216
ecp,d9954041eb03adaae8c25205f3713ad6,pedestrian,46.11,C,0.0093,0.0012,31,4,3330
ecp,d9954041eb03adaae8c25205f3713ad6,pedestrian,46.01,C,0.0181,0.0011,146,9,8052
ecp,d9954041eb03adaae8c25205f3713ad6,pedestrian,46.15,C,0.0125,0.0029,39,9,3108
ecp,d9954041eb03adaae8c25205f3713ad6,pedestrian,43.94,C,0.0097,0.0018,22,4,2272
ecp,d9954041eb03adaae8c25205f3713ad6,pedestrian,47.01,C,0.0071,0.0013,17,3,2380
ecp,e04ae9ceabce9d08af2df36c9432a811,pedestrian,7.13,A,0.7014,0.0273,4085,159,5824
ecp,e04ae9ceabce9d08af2df36c9432a811,pedestrian,7.39,A,0.6719,0.0339,2062,104,3069
ecp,e04ae9ceabce9d08af2df36c9432a811,pedestrian,11.23,A,0.5261,0.0392,2039,152,3876
ecp,e04ae9ceabce9d08af2df36c9432a811,pedestrian,11.03,A,0.557,0.0343,2500,154,4488
ecp,e04ae9ceabce9d08af2df36c9432a811,pedestrian,13.9,A,0.4937,0.0238,3199,154,6480
ecp,e04ae9ceabce9d08af2df36c9432a811,pedestrian,19.56,B,0.0761,0.011,200,29,2628
ecp,e04ae9ceabce9d08af2df36c9432a811,pedestrian,19.82,B,0.1704,0.0161,730,69,4284
ecp,e04ae9ceabce9d08af2df36c9432a811,pedestrian,38.41,C,0.029,0.0038,130,17,4488
ecp,e04ae9ceabce9d08af2df36c9432a811,pedestrian,22.39,B,0.0867,0.0119,431,59,4970
ecp,e04ae9ceabce9d08af2df36c9432a811,pedestrian,23.14,B,0.0951,0.0093,621,61,6528
ecp,e04ae9ceabce9d08af2df36c9432a811,pedestrian,23.35,B,0.1079,0.0104,542,52,5024
ecp,e04ae9ceabce9d08af2df36c9432a811,bicycle,26.38,B,0.0999,0.0034,407,14,4074
ecp,e04ae9ceabce9d08af2df36c9432a811,pedestrian,29.12,B,0.0426,0.0081,100,19,2345
ecp,e04ae9ceabce9d08af2df36c9432a811,bicycle,11.27,A,0.154,0.0075,1048,51,6804
ecp,e04ae9ceabce9d08af2df36c9432a811,bicycle,10.77,A,0.115,0.0044,753,29,6550
ecp,e04ae9ceabce9d08af2df36c9432a811,pedestrian,21.56,B,0.0302,0.0093,39,12,1292
ecp,e04ae9ceabce9d08af2df36c9432a811,pedestrian,33.37,C,0.04,0.0044,207,23,5180
ecp,e04ae9ceabce9d08af2df36c9432a811,pedestrian,33.19,C,0.0151,0.0072,19,9,1258
ecp,e04ae9ceabce9d08af2df36c9432a811,pedestrian,36.35,C,0.0157,0.0062,48,19,3060
ecp,e04ae9ceabce9d08af2df36c9432a811,pedestrian,43.44,C,0.0026,0.0007,8,2,3026
ecp,e04ae9ceabce9d08af2df36c9432a811,pedestrian,43.13,C,0.0245,0.0026,131,14,5355
ecp,e04ae9ceabce9d08af2df36c9432a811,pedestrian,43.72,C,0.0078,0.0041,19,10,2448
ecp,e04ae9ceabce9d08af2df36c9432a811,pedestrian,43.32,C,0.0173,0.0038,54,12,3128
ecp,e04ae9ceabce9d08af2df36c9432a811,pedestrian,43.35,C,0.0223,0.006,41,11,1836
ecp,e04ae9ceabce9d08af2df36c9432a811,pedestrian,36.37,C,0.002,0.001,4,2,2016
ecp,e04ae9ceabce9d08af2df36c9432a811,pedestrian,36.36,C,0.0021,0.0013,5,3,2400
ecp,e04ae9ceabce9d08af2df36c9432a811,pedestrian,38.63,C,0.007,0.0009,15,2,2142
ecp,4f5872f933570badd754f23005b51455,pedestrian,5.02,A,0.7367,0.0496,3136,211,4257
ecp,4f5872f933570badd754f23005b51455,pedestrian,5.39,A,0.6584,0.0286,3919,170,5952
ecp,4f5872f933570badd754f23005b51455,pedestrian,9.67,A,0.6133,0.0273,3503,156,5712
ecp,4f5872f933570badd754f23005b51455,pedestrian,9.5,A,0.6509,0.043,2513,166,3861
ecp,4f5872f933570badd754f23005b51455,pedestrian,12.89,A,0.5348,0.0183,5016,172,9380
ecp,4f5872f933570badd754f23005b51455,pedestrian,18.2,B,0.0924,0.007,278,21,3010
ecp,4f5872f933570badd754f23005b51455,pedestrian,18.54,B,0.127,0.0182,503,72,3960
ecp,4f5872f933570badd754f23005b51455,pedestrian,38.04,C,0.0343,0.0041,126,15,3672
ecp,4f5872f933570badd754f23005b51455,pedestrian,15.83,B,0.2615,0.0245,1186,111,4536
ecp,4f5872f933570badd754f23005b51455,pedestrian,16.76,B,0.2292,0.02,1436,125,6264
ecp,4f5872f933570badd754f23005b51455,pedestrian,16.98,B,0.2376,0.0219,1050,97,4420
ecp,4f5872f933570badd754f23005b51455,bicycle,22.13,B,0.1272,0.0063,406,20,3192
ecp,4f5872f933570badd754f23005b51455,pedestrian,24.81,B,0.0347,0.0008,91,2,2625
ecp,4f5872f933570badd754f23005b51455,bicycle,7.26,A,0.2559,0.0119,1310,61,5120
ecp,4f5872f933570badd754f23005b51455,bicycle,6.75,A,0.3844,0.0114,2393,71,6225
ecp,4f5872f933570badd754f23005b51455,pedestrian,20.12,B,0.0389,0.0056,90,13,2312
ecp,4f5872f933570badd754f23005b51455,pedestrian,26.07,B,0.0648,0.0044,308,21,4752
ecp,4f5872f933570badd754f23005b51455,pedestrian,25.97,B,0.0845,0.008,435,41,5145
ecp,4f5872f933570badd754f23005b51455,pedestrian,41.48,C,0.0245,0.0037,105,16,4290
ecp,4f5872f933570badd754f23005b51455,pedestrian,41.33,C,0.0008,0.0005,3,2,3978
ecp,4f5872f933570badd754f23005b51455,pedestrian,37.02,C,0.0313,0.0037,151,18,4818
ecp,4f5872f933570badd754f23005b51455,pedestrian,41.41,C,0.0371,0.0036,153,15,4125
ecp,4f5872f933570badd754f23005b51455,pedestrian,36.93,C,0.0299,0.0057,79,15,2640
ecp,4f5872f933570badd754f23005b51455,pedestrian,29.8,B,0.0129,0.0026,35,7,2720
ecp,4f5872f933570badd754f23005b51455,pedestrian,31.1,C,0.0305,0.0032,87,9,2856
ecp,a7544bef0606514fb76bde8552ac2d9b,pedestrian,3.3,A,0.4075,0.0338,1170,97,2871
ecp,a7544bef0606514fb76bde8552ac2d9b,pedestrian,3.74,A,0.2487,0.0079,694,22,2790
ecp,a7544bef0606514fb76bde8552ac2d9b,pedestrian,8.54,A,0.6479,0.028,4447,192,6864
ecp,a7544bef0606514fb76bde8552ac2d9b,pedestrian,8.51,A,0.6729,0.0305,4441,201,6600
ecp,a7544bef0606514fb76bde8552ac2d9b,pedestrian,12.22,A,0.4056,0.019,1942,91,4788
ecp,a7544bef0606514fb76bde8552ac2d9b,pedestrian,17.35,B,0.2777,0.0147,1911,101,6882
ecp,a7544bef0606514fb76bde8552ac2d9b,pedestrian,17.53,B,0.14,0.0183,383,50,2736
ecp,a7544bef0606514fb76bde8552ac2d9b,pedestrian,38.37,C,0.0232,0.0031,112,15,4828
ecp,a7544bef0606514fb76bde8552ac2d9b,pedestrian,9.97,A,0.5281,0.0278,3251,171,6156
ecp,a7544bef0606514fb76bde8552ac2d9b,pedestrian,11.05,A,0.3967,0.0191,1885,91,4752
ecp,a7544bef0606514fb76bde8552ac2d9b,pedestrian,11.21,A,0.6185,0.0322,2980,155,4818
ecp,a7544bef0606514fb76bde8552ac2d9b,bicycle,18.69,B,0.0,0.0,0,0,3549
ecp,a7544bef0606514fb76bde8552ac2d9b,pedestrian,21.22,B,0.0362,0.0034,74,7,2046
ecp,a7544bef0606514fb76bde8552ac2d9b,bicycle,4.36,A,0.5083,0.0139,2450,67,4820
ecp,a7544bef0606514fb76bde8552ac2d9b,bicycle,4.39,A,0.72,0.027,4158,156,5775
ecp,a7544bef0606514fb76bde8552ac2d9b,pedestrian,18.58,B,0.1511,0.005,365,12,2415
ecp,a7544bef0606514fb76bde8552ac2d9b,pedestrian,19.84,B,0.0606,0.003,202,10,3332
ecp,a7544bef0606514fb76bde8552ac2d9b,pedestrian,19.59,B,0.1171,0.0111,295,28,2520
ecp,a7544bef0606514fb76bde8552ac2d9b,pedestrian,23.29,B,0.1205,0.0089,593,44,4920
ecp,a7544bef0606514fb76bde8552ac2d9b,pedestrian,40.15,C,0.0335,0.0035,106,11,3168
ecp,a7544bef0606514fb76bde8552ac2d9b,pedestrian,39.97,C,0.0362,0.0026,282,20,7788
ecp,a7544bef0606514fb76bde8552ac2d9b,pedestrian,30.73,C,0.0448,0.0075,131,22,2924
ecp,a7544bef0606514fb76bde8552ac2d9b,pedestrian,40.24,C,0.03,0.004,111,15,3706
ecp,a7544bef0606514fb76bde8552ac2d9b,pedestrian,30.63,C,0.0539,0.0129,96,23,1782
ecp,a7544bef0606514fb76bde8552ac2d9b,pedestrian,23.43,B,0.1209,0.0134,407,45,3366
ecp,a7544bef0606514fb76bde8552ac2d9b,pedestrian,23.29,B,0.1046,0.0068,352,23,3366
ecp,a7544bef0606514fb76bde8552ac2d9b,pedestrian,42.37,C,0.0187,0.0062,36,12,1925
ecp,a7544bef0606514fb76bde8552ac2d9b,pedestrian,24.13,B,0.0426,0.0021,142,7,3332
ecp,295edbafd5a0690504f1827fc9fa53cd,pedestrian,7.89,A,0.6663,0.0206,4984,154,7480
ecp,295edbafd5a0690504f1827fc9fa53cd,pedestrian,8.04,A,0.6422,0.0289,3882,175,6045
ecp,295edbafd5a0690504f1827fc9fa53cd,pedestrian,11.85,A,0.5576,0.0293,3220,169,5775
ecp,295edbafd5a0690504f1827fc9fa53cd,pedestrian,16.92,B,0.2653,0.014,1894,100,7140
ecp,295edbafd5a0690504f1827fc9fa53cd,pedestrian,17.28,B,0.1748,0.0268,679,104,3885
ecp,295edbafd5a0690504f1827fc9fa53cd,pedestrian,39.04,C,0.0304,0.0039,125,16,4114
ecp,295edbafd5a0690504f1827fc9fa53cd,pedestrian,4.85,A,0.6842,0.0451,3596,237,5256
ecp,295edbafd5a0690504f1827fc9fa53cd,pedestrian,5.99,A,0.6604,0.0452,3421,234,5180
ecp,295edbafd5a0690504f1827fc9fa53cd,pedestrian,6.11,A,0.6137,0.0336,3967,217,6464
ecp,295edbafd5a0690504f1827fc9fa53cd,bicycle,15.49,B,0.3835,0.0109,2102,60,5481
ecp,295edbafd5a0690504f1827fc9fa53cd,pedestrian,17.99,B,0.0359,0.0038,66,7,1836
ecp,295edbafd5a0690504f1827fc9fa53cd,pedestrian,18.18,B,0.1884,0.0061,1022,33,5425
ecp,295edbafd5a0690504f1827fc9fa53cd,pedestrian,13.95,A,0.1547,0.0117,677,51,4375
ecp,295edbafd5a0690504f1827fc9fa53cd,pedestrian,13.56,A,0.279,0.0264,1035,98,3710
ecp,295edbafd5a0690504f1827fc9fa53cd,pedestrian,17.42,B,0.2822,0.0178,1312,83,4650
ecp,295edbafd5a0690504f1827fc9fa53cd,pedestrian,39.42,C,0.0362,0.0055,98,15,2706
ecp,295edbafd5a0690504f1827fc9fa53cd,pedestrian,39.28,C,0.0409,0.0027,301,20,7360
ecp,295edbafd5a0690504f1827fc9fa53cd,pedestrian,24.99,B,0.0153,0.0003,49,1,3204
ecp,295edbafd5a0690504f1827fc9fa53cd,pedestrian,39.4,C,0.019,0.0061,50,16,2628
ecp,295edbafd5a0690504f1827fc9fa53cd,pedestrian,25.0,B,0.046,0.0104,75,17,1632
ecp,295edbafd5a0690504f1827fc9fa53cd,pedestrian,17.6,B,0.2997,0.0177,1167,69,3894
ecp,295edbafd5a0690504f1827fc9fa53cd,pedestrian,17.51,B,0.1618,0.0178,363,40,2244
ecp,295edbafd5a0690504f1827fc9fa53cd,pedestrian,36.38,C,0.0015,0.0005,3,1,1980
ecp,295edbafd5a0690504f1827fc9fa53cd,pedestrian,17.4,B,0.1263,0.0141,358,40,2835
ecp,295edbafd5a0690504f1827fc9fa53cd,pedestrian,46.22,C,0.0257,0.0018,130,9,5049
ecp,22f7ff72ace6fadd5aa2ad7c9f6088bc,pedestrian,7.94,A,0.6863,0.0404,2870,169,4182
ecp,22f7ff72ace6fadd5aa2ad7c9f6088bc,pedestrian,8.19,A,0.6182,0.0545,2097,185,3392
ecp,22f7ff72ace6fadd5aa2ad7c9f6088bc,pedestrian,12.51,A,0.4868,0.0257,3237,171,6650
ecp,22f7ff72ace6fadd5aa2ad7c9f6088bc,pedestrian,17.65,B,0.2469,0.0136,2031,112,8225
ecp,22f7ff72ace6fadd5aa2ad7c9f6088bc,pedestrian,17.82,B,0.2112,0.0227,754,81,3570
ecp,22f7ff72ace6fadd5aa2ad7c9f6088bc,pedestrian,40.64,C,0.0246,0.0045,98,18,3978
ecp,22f7ff72ace6fadd5aa2ad7c9f6088bc,bicycle,13.26,A,0.4457,0.0154,3059,106,6864
ecp,22f7ff72ace6fadd5aa2ad7c9f6088bc,pedestrian,15.73,B,0.0682,0.0089,153,20,2244
ecp,22f7ff72ace6fadd5aa2ad7c9f6088bc,pedestrian,18.75,B,0.1798,0.0105,1271,74,7070
ecp,22f7ff72ace6fadd5aa2ad7c9f6088bc,pedestrian,8.74,A,0.6988,0.0238,4956,169,7092
ecp,22f7ff72ace6fadd5aa2ad7c9f6088bc,pedestrian,8.41,A,0.7128,0.0372,3259,170,4572
ecp,22f7ff72ace6fadd5aa2ad7c9f6088bc,pedestrian,12.59,A,0.5002,0.0262,2388,125,4774
ecp,22f7ff72ace6fadd5aa2ad7c9f6088bc,pedestrian,39.51,C,0.0105,0.0003,38,1,3630
ecp,22f7ff72ace6fadd5aa2ad7c9f6088bc,pedestrian,39.33,C,0.0305,0.0019,207,13,6798
ecp,22f7ff72ace6fadd5aa2ad7c9f6088bc,pedestrian,20.31,B,0.0697,0.0095,139,19,1995
ecp,22f7ff72ace6fadd5aa2ad7c9f6088bc,pedestrian,39.51,C,0.0186,0.0014,39,3,2100
ecp,22f7ff72ace6fadd5aa2ad7c9f6088bc,pedestrian,20.22,B,0.0496,0.0069,72,10,1452
ecp,22f7ff72ace6fadd5aa2ad7c9f6088bc,pedestrian,13.01,A,0.4378,0.0306,1429,100,3264
ecp,22f7ff72ace6fadd5aa2ad7c9f6088bc,pedestrian,12.9,A,0.5023,0.0247,1989,98,3960
ecp,22f7ff72ace6fadd5aa2ad7c9f6088bc,pedestrian,31.16,C,0.0308,0.006,51,10,1656
ecp,22f7ff72ace6fadd5aa2ad7c9f6088bc,pedestrian,11.91,A,0.522,0.0192,3636,134,6965
ecp,22f7ff72ace6fadd5aa2ad7c9f6088bc,pedestrian,42.25,C,0.0331,0.0028,131,11,3960
ecp,22f7ff72ace6fadd5aa2ad7c9f6088bc,pedestrian,42.15,C,0.0186,0.0033,56,10,3008
ecp,22f7ff72ace6fadd5aa2ad7c9f6088bc,car,13.17,A,0.1604,0.006,15415,574,96129
ecp,22f7ff72ace6fadd5aa2ad7c9f6088bc,car,21.41,B,0.0455,0.0028,2706,164,59537
ecp,22f7ff72ace6fadd5aa2ad7c9f6088bc,car,25.99,B,0.0263,0.0002,1890,15,71940
ecp,9b606a045521d97affccc4a33baf2446,pedestrian,8.08,A,0.6707,0.0294,2833,124,4224
ecp,9b606a045521d97affccc4a33baf2446,pedestrian,8.2,A,0.6964,0.0297,3470,148,4983
ecp,9b606a045521d97affccc4a33baf2446,pedestrian,12.89,A,0.517,0.0193,4430,165,8568
ecp,9b606a045521d97affccc4a33baf2446,pedestrian,18.04,B,0.3027,0.0126,2565,107,8473
ecp,9b606a045521d97affccc4a33baf2446,pedestrian,17.96,B,0.257,0.0251,839,82,3264
ecp,9b606a045521d97affccc4a33baf2446,pedestrian,41.91,C,0.0202,0.0066,55,18,2720
ecp,9b606a045521d97affccc4a33baf2446,bicycle,10.54,A,0.506,0.0134,2761,73,5456
ecp,9b606a045521d97affccc4a33baf2446,pedestrian,13.22,A,0.1365,0.009,362,24,2652
ecp,9b606a045521d97affccc4a33baf2446,pedestrian,18.48,B,0.1735,0.0083,690,33,3978
ecp,9b606a045521d97affccc4a33baf2446,pedestrian,8.12,A,0.7406,0.0309,3903,163,5270
ecp,9b606a045521d97affccc4a33baf2446,pedestrian,39.22,C,0.0284,0.0016,54,3,1904
ecp,9b606a045521d97affccc4a33baf2446,pedestrian,39.16,C,0.0458,0.003,293,19,6392
ecp,9b606a045521d97affccc4a33baf2446,pedestrian,15.32,B,0.4213,0.02,2292,109,5440
ecp,9b606a045521d97affccc4a33baf2446,pedestrian,39.17,C,0.0025,0.0004,6,1,2380
ecp,9b606a045521d97affccc4a33baf2446,pedestrian,15.33,B,0.1816,0.0191,352,37,1938
ecp,9b606a045521d97affccc4a33baf2446,pedestrian,8.74,A,0.5614,0.0016,3951,11,7038
ecp,9b606a045521d97affccc4a33baf2446,pedestrian,9.8,A,0.5245,0.0309,1731,102,3300
ecp,9b606a045521d97affccc4a33baf2446,pedestrian,25.8,B,0.1347,0.0132,480,47,3564
ecp,9b606a045521d97affccc4a33baf2446,pedestrian,6.85,A,0.7136,0.0168,8152,192,11424
ecp,9b606a045521d97affccc4a33baf2446,pedestrian,37.36,C,0.021,0.0056,45,12,2145
ecp,9b606a045521d97affccc4a33baf2446,car,11.98,A,0.1702,0.0049,16362,471,96129
ecp,9b606a045521d97affccc4a33baf2446,car,20.28,B,0.0253,0.0002,1439,14,56943
ecp,9b606a045521d97affccc4a33baf2446,car,25.32,B,0.0069,0.0002,459,13,66060
ecp,9b606a045521d97affccc4a33baf2446,pedestrian,39.24,C,0.0487,0.0067,145,20,2975
ecp,9b606a045521d97affccc4a33baf2446,bicycle,31.26,C,0.0643,0.0022,411,14,6394
ecp,e7123641f3e281821a20c2a7bf5978f3,pedestrian,3.83,A,0.4247,0.0268,2426,153,5712
ecp,e7123641f3e281821a20c2a7bf5978f3,pedestrian,5.41,A,0.7389,0.025,4072,138,5511
ecp,e7123641f3e281821a20c2a7bf5978f3,car,7.29,A,0.2263,0.008,19046,677,84165
ecp,e7123641f3e281821a20c2a7bf5978f3,car,15.77,B,0.1127,0.0066,5900,348,52360
ecp,e7123641f3e281821a20c2a7bf5978f3,car,20.54,B,0.0312,0.001,1515,49,48490
ecp,e7123641f3e281821a20c2a7bf5978f3,pedestrian,36.29,C,0.0247,0.0012,102,5,4130
ecp,e7123641f3e281821a20c2a7bf5978f3,bicycle,25.72,B,0.0496,0.0009,267,5,5382
ecp,ac25e3e2c8dbadc34a922ebdd84451df,car,6.52,A,0.268,0.0138,15137,778,56476
ecp,ac25e3e2c8dbadc34a922ebdd84451df,car,10.95,A,0.169,0.0032,10629,201,62910
ecp,ac25e3e2c8dbadc34a922ebdd84451df,pedestrian,28.52,B,0.0827,0.0108,330,43,3990
ecp,ac25e3e2c8dbadc34a922ebdd84451df,bicycle,15.8,B,0.3229,0.0079,1760,43,5451
ecp,ac25e3e2c8dbadc34a922ebdd84451df,pedestrian,47.61,C,0.0331,0.0034,89,9,2686
ecp,363306f556720194c5980d5bd166f265,pedestrian,3.29,A,0.5436,0.025,4180,192,7689
ecp,363306f556720194c5980d5bd166f265,pedestrian,7.4,A,0.6524,0.0266,4349,177,6666
ecp,363306f556720194c5980d5bd166f265,pedestrian,8.99,A,0.4595,0.0316,1656,114,3604
ecp,363306f556720194c5980d5bd166f265,pedestrian,9.2,A,0.4439,0.0159,1172,42,2640
ecp,363306f556720194c5980d5bd166f265,car,12.61,A,0.163,0.0079,19214,937,117878
ecp,363306f556720194c5980d5bd166f265,pedestrian,12.9,A,0.0486,0.0037,104,8,2139
ecp,363306f556720194c5980d5bd166f265,pedestrian,13.51,A,0.3595,0.0305,1402,119,3900
ecp,363306f556720194c5980d5bd166f265,pedestrian,16.02,B,0.3489,0.0268,1016,78,2912
ecp,363306f556720194c5980d5bd166f265,pedestrian,15.64,B,0.2951,0.031,628,66,2128
ecp,363306f556720194c5980d5bd166f265,bicycle,11.27,A,0.5822,0.0096,9957,164,17102
ecp,363306f556720194c5980d5bd166f265,bicycle,12.8,A,0.4595,0.0122,8089,214,17604
ecp,363306f556720194c5980d5bd166f265,pedestrian,19.18,B,0.2312,0.0144,1175,73,5082
ecp,363306f556720194c5980d5bd166f265,pedestrian,19.32,B,0.1324,0.0195,441,65,3332
ecp,363306f556720194c5980d5bd166f265,pedestrian,27.8,B,0.064,0.008,207,26,3232
ecp,363306f556720194c5980d5bd166f265,pedestrian,17.24,B,0.0595,0.0063,66,7,1110
ecp,363306f556720194c5980d5bd166f265,pedestrian,17.99,B,0.0506,0.0026,78,4,1540
ecp,363306f556720194c5980d5bd166f265,car,24.35,B,0.0538,0.0018,6661,226,123760
ecp,363306f556720194c5980d5bd166f265,pedestrian,25.44,B,0.1049,0.0091,413,36,3937
ecp,363306f556720194c5980d5bd166f265,pedestrian,28.63,B,0.0727,0.0089,262,32,3604
ecp,363306f556720194c5980d5bd166f265,pedestrian,28.4,B,0.0722,0.0152,157,33,2176
ecp,363306f556720194c5980d5bd166f265,pedestrian,31.0,C,0.0746,0.004,583,31,7820
ecp,363306f556720194c5980d5bd166f265,bicycle,29.23,B,0.0702,0.0024,882,30,12565
ecp,363306f556720194c5980d5bd166f265,bicycle,29.86,B,0.0765,0.0032,866,36,11319
ecp,363306f556720194c5980d5bd166f265,pedestrian,27.22,B,0.0313,0.0033,132,14,4212
ecp,363306f556720194c5980d5bd166f265,pedestrian,25.03,B,0.0991,0.0061,791,49,7980
ecp,363306f556720194c5980d5bd166f265,pedestrian,22.7,B,0.1121,0.0102,341,31,3042
ecp,363306f556720194c5980d5bd166f265,pedestrian,15.99,B,0.3712,0.0093,6201,156,16704
ecp,363306f556720194c5980d5bd166f265,pedestrian,17.28,B,0.3788,0.0126,1025,34,2706
ecp,363306f556720194c5980d5bd166f265,pedestrian,17.95,B,0.2519,0.0102,2593,105,10292
ecp,363306f556720194c5980d5bd166f265,pedestrian,14.31,A,0.417,0.0218,1588,83,3808
ecp,363306f556720194c5980d5bd166f265,pedestrian,19.62,B,0.2282,0.0185,679,55,2975
ecp,363306f556720194c5980d5bd166f265,pedestrian,23.06,B,0.1935,0.0138,478,34,2470
ecp,363306f556720194c5980d5bd166f265,pedestrian,23.14,B,0.1127,0.0183,160,26,1420
ecp,363306f556720194c5980d5bd166f265,pedestrian,23.27,B,0.1204,0.0109,286,26,2376
ecp,363306f556720194c5980d5bd166f265,pedestrian,23.57,B,0.0037,0.0016,7,3,1875
ecp,363306f556720194c5980d5bd166f265,pedestrian,27.83,B,0.0152,0.0023,33,5,2170
ecp,363306f556720194c5980d5bd166f265,pedestrian,28.36,B,0.0389,0.0051,53,7,1364
ecp,363306f556720194c5980d5bd166f265,pedestrian,33.95,C,0.0458,0.0034,308,23,6732
ecp,363306f556720194c5980d5bd166f265,pedestrian,34.7,C,0.0557,0.004,221,16,3968
ecp,363306f556720194c5980d5bd166f265,pedestrian,27.07,B,0.0531,0.0073,212,29,3993
ecp,363306f556720194c5980d5bd166f265,pedestrian,28.28,B,0.048,0.0152,38,12,792
ecp,363306f556720194c5980d5bd166f265,pedestrian,27.35,B,0.0617,0.004,109,7,1767
ecp,363306f556720194c5980d5bd166f265,pedestrian,28.15,B,0.0073,0.0024,15,5,2048
ecp,363306f556720194c5980d5bd166f265,pedestrian,26.45,B,0.0956,0.0061,569,36,5950
ecp,363306f556720194c5980d5bd166f265,pedestrian,26.9,B,0.0492,0.0065,122,16,2480
ecp,363306f556720194c5980d5bd166f265,pedestrian,26.04,B,0.0829,0.0026,411,13,4960
ecp,363306f556720194c5980d5bd166f265,pedestrian,27.56,B,0.0529,0.0038,154,11,2912
ecp,363306f556720194c5980d5bd166f265,pedestrian,40.75,C,0.0253,0.0014,158,9,6237
ecp,363306f556720194c5980d5bd166f265,bicycle,32.01,C,0.0171,0.0009,128,7,7482
ecp,363306f556720194c5980d5bd166f265,pedestrian,34.3,C,0.075,0.0056,240,18,3201
ecp,363306f556720194c5980d5bd166f265,pedestrian,34.75,C,0.0538,0.0046,200,17,3720
ecp,363306f556720194c5980d5bd166f265,pedestrian,33.34,C,0.0192,0.003,32,5,1666
ecp,363306f556720194c5980d5bd166f265,bicycle,48.81,C,0.0228,0.0008,387,13,16946
ecp,363306f556720194c5980d5bd166f265,bicycle,51.24,C,0.0161,0.0,1,0,62
ecp,363306f556720194c5980d5bd166f265,pedestrian,18.54,B,0.0502,0.0021,72,3,1435
ecp,363306f556720194c5980d5bd166f265,pedestrian,28.05,B,0.0187,0.0031,18,3,961
ecp,363306f556720194c5980d5bd166f265,pedestrian,39.57,C,0.0189,0.0023,65,8,3432
ecp,363306f556720194c5980d5bd166f265,pedestrian,38.46,C,0.0543,0.0037,222,15,4092
ecp,ba638306bd269a0ba0a87703c2681523,car,6.51,A,0.2684,0.01,31028,1158,115600
ecp,ba638306bd269a0ba0a87703c2681523,pedestrian,8.51,A,0.487,0.038,1730,135,3552
ecp,ba638306bd269a0ba0a87703c2681523,pedestrian,8.72,A,0.5061,0.0343,2004,136,3960
ecp,ba638306bd269a0ba0a87703c2681523,pedestrian,10.84,A,0.3998,0.0305,1612,123,4032
ecp,ba638306bd269a0ba0a87703c2681523,pedestrian,10.54,A,0.4321,0.0535,630,78,1458
ecp,ba638306bd269a0ba0a87703c2681523,bicycle,6.95,A,0.7492,0.0164,13452,295,17955
ecp,ba638306bd269a0ba0a87703c2681523,pedestrian,12.16,A,0.4909,0.0312,1932,123,3936
ecp,ba638306bd269a0ba0a87703c2681523,pedestrian,11.6,A,0.0742,0.0,227,0,3060
ecp,ba638306bd269a0ba0a87703c2681523,pedestrian,8.93,A,0.1075,0.0069,187,12,1739
ecp,ba638306bd269a0ba0a87703c2681523,pedestrian,12.13,A,0.1037,0.0075,167,12,1610
ecp,ba638306bd269a0ba0a87703c2681523,car,18.9,B,0.0825,0.001,10610,127,128538
ecp,ba638306bd269a0ba0a87703c2681523,pedestrian,19.29,B,0.2041,0.0187,796,73,3900
ecp,ba638306bd269a0ba0a87703c2681523,pedestrian,20.6,B,0.1806,0.0141,986,77,5460
ecp,ba638306bd269a0ba0a87703c2681523,pedestrian,20.5,B,0.0602,0.0026,163,7,2706
ecp,ba638306bd269a0ba0a87703c2681523,pedestrian,21.86,B,0.1646,0.0116,967,68,5874
ecp,ba638306bd269a0ba0a87703c2681523,bicycle,26.91,B,0.049,0.0005,580,6,11847
ecp,ba638306bd269a0ba0a87703c2681523,bicycle,19.72,B,0.1851,0.0088,2643,125,14280
ecp,ba638306bd269a0ba0a87703c2681523,pedestrian,11.32,A,0.5815,0.0116,11015,220,18944
ecp,ba638306bd269a0ba0a87703c2681523,pedestrian,12.75,A,0.3903,0.0222,562,32,1440
ecp,ba638306bd269a0ba0a87703c2681523,pedestrian,13.37,A,0.2682,0.0087,3178,103,11850
ecp,ba638306bd269a0ba0a87703c2681523,pedestrian,10.42,A,0.5589,0.0187,3076,103,5504
ecp,ba638306bd269a0ba0a87703c2681523,pedestrian,14.21,A,0.4351,0.0259,1812,108,4165
ecp,ba638306bd269a0ba0a87703c2681523,pedestrian,19.77,B,0.1772,0.0182,311,32,1755
ecp,ba638306bd269a0ba0a87703c2681523,pedestrian,19.89,B,0.1983,0.0204,136,14,686
ecp,ba638306bd269a0ba0a87703c2681523,pedestrian,20.03,B,0.1905,0.022,320,37,1680
ecp,ba638306bd269a0ba0a87703c2681523,pedestrian,20.36,B,0.0658,0.009,147,20,2233
ecp,ba638306bd269a0ba0a87703c2681523,pedestrian,24.66,B,0.113,0.0082,658,48,5824
ecp,ba638306bd269a0ba0a87703c2681523,pedestrian,25.26,B,0.0478,0.0074,52,8,1088
ecp,ba638306bd269a0ba0a87703c2681523,pedestrian,26.66,B,0.0751,0.0067,460,41,6125
ecp,ba638306bd269a0ba0a87703c2681523,pedestrian,27.39,B,0.0778,0.0046,410,24,5270
ecp,ba638306bd269a0ba0a87703c2681523,pedestrian,20.55,B,0.2028,0.0116,1278,73,6303
ecp,ba638306bd269a0ba0a87703c2681523,pedestrian,22.1,B,0.1613,0.0212,175,23,1085
ecp,ba638306bd269a0ba0a87703c2681523,pedestrian,21.2,B,0.1113,0.0127,228,26,2048
ecp,ba638306bd269a0ba0a87703c2681523,pedestrian,21.91,B,0.024,0.0044,38,7,1584
ecp,ba638306bd269a0ba0a87703c2681523,pedestrian,20.68,B,0.1993,0.0119,1186,71,5950
ecp,ba638306bd269a0ba0a87703c2681523,pedestrian,21.32,B,0.1194,0.0028,298,7,2496
ecp,ba638306bd269a0ba0a87703c2681523,pedestrian,19.83,B,0.094,0.0051,331,18,3520
ecp,ba638306bd269a0ba0a87703c2681523,pedestrian,21.17,B,0.1135,0.0063,327,18,2880
ecp,ba638306bd269a0ba0a87703c2681523,pedestrian,32.41,C,0.0159,0.0018,45,5,2822
ecp,ba638306bd269a0ba0a87703c2681523,bicycle,24.8,B,0.1163,0.0037,1665,53,14322
ecp,ba638306bd269a0ba0a87703c2681523,pedestrian,29.66,B,0.0829,0.0047,284,16,3424
ecp,ba638306bd269a0ba0a87703c2681523,pedestrian,31.04,C,0.0479,0.0097,128,26,2673
ecp,ba638306bd269a0ba0a87703c2681523,bicycle,37.83,C,0.0123,0.0007,157,9,12750
ecp,ba638306bd269a0ba0a87703c2681523,bicycle,40.73,C,0.0013,0.0001,17,1,13124
ecp,ba638306bd269a0ba0a87703c2681523,pedestrian,8.17,A,0.5599,0.0487,1150,100,2054
ecp,ba638306bd269a0ba0a87703c2681523,pedestrian,12.44,A,0.1003,0.0063,191,12,1904
ecp,ba638306bd269a0ba0a87703c2681523,pedestrian,18.06,B,0.2623,0.0213,1020,83,3888
ecp,ba638306bd269a0ba0a87703c2681523,pedestrian,22.18,B,0.0329,0.0092,75,21,2277
ecp,ba638306bd269a0ba0a87703c2681523,pedestrian,24.19,B,0.0876,0.0092,295,31,3366
ecp,ba638306bd269a0ba0a87703c2681523,pedestrian,24.43,B,0.0658,0.0085,132,17,2006
ecp,ba638306bd269a0ba0a87703c2681523,pedestrian,24.06,B,0.117,0.0083,382,27,3264
ecp,ba638306bd269a0ba0a87703c2681523,pedestrian,21.78,B,0.043,0.0026,66,4,1536
ecp,ba638306bd269a0ba0a87703c2681523,pedestrian,32.62,C,0.0387,0.0041,104,11,2686
ecp,ba638306bd269a0ba0a87703c2681523,pedestrian,33.73,C,0.0276,0.0065,55,13,1995
ecp,ba638306bd269a0ba0a87703c2681523,pedestrian,31.84,C,0.0381,0.0068,56,10,1470
ecp,ba638306bd269a0ba0a87703c2681523,pedestrian,41.49,C,0.0219,0.0021,134,13,6120
ecp,ba638306bd269a0ba0a87703c2681523,pedestrian,13.22,A,0.0986,0.0018,276,5,2800
ecp,ba638306bd269a0ba0a87703c2681523,pedestrian,14.05,A,0.0591,0.0015,156,4,2640
ecp,ba638306bd269a0ba0a87703c2681523,bicycle,24.02,B,0.0989,0.0033,297,10,3002
ecp,ba638306bd269a0ba0a87703c2681523,bicycle,28.78,B,0.0631,0.0022,674,23,10680
ecp,ba638306bd269a0ba0a87703c2681523,pedestrian,31.97,C,0.0422,0.009,103,22,2442
ecp,ba638306bd269a0ba0a87703c2681523,pedestrian,32.65,C,0.0634,0.0028,207,9,3267
ecp,ba638306bd269a0ba0a87703c2681523,pedestrian,22.55,B,0.0381,0.0042,73,8,1914
ecp,ba638306bd269a0ba0a87703c2681523,trailer,49.55,C,0.0009,0.0003,132,45,153729
ecp,eab4f6731fc8298ef78f7c3a57c67392,car,3.37,A,0.307,0.0088,37649,1081,122616
ecp,eab4f6731fc8298ef78f7c3a57c67392,pedestrian,7.52,A,0.0599,0.0057,210,20,3503
ecp,eab4f6731fc8298ef78f7c3a57c67392,pedestrian,7.33,A,0.075,0.0043,297,17,3960
ecp,eab4f6731fc8298ef78f7c3a57c67392,pedestrian,8.65,A,0.1396,0.0135,527,51,3776
ecp,eab4f6731fc8298ef78f7c3a57c67392,pedestrian,8.52,A,0.0749,0.0056,107,8,1428
ecp,eab4f6731fc8298ef78f7c3a57c67392,bicycle,3.78,A,0.5999,0.0137,11210,256,18685
ecp,eab4f6731fc8298ef78f7c3a57c67392,pedestrian,8.45,A,0.5586,0.0283,2728,138,4884
ecp,eab4f6731fc8298ef78f7c3a57c67392,pedestrian,7.16,A,0.1753,0.0137,295,23,1683
ecp,eab4f6731fc8298ef78f7c3a57c67392,pedestrian,5.32,A,0.1624,0.0182,339,38,2088
ecp,eab4f6731fc8298ef78f7c3a57c67392,pedestrian,8.67,A,0.3243,0.0248,1203,92,3710
ecp,eab4f6731fc8298ef78f7c3a57c67392,car,15.25,B,0.1756,0.004,27910,630,158957
ecp,eab4f6731fc8298ef78f7c3a57c67392,pedestrian,15.33,B,0.3113,0.034,934,102,3000
ecp,eab4f6731fc8298ef78f7c3a57c67392,pedestrian,14.74,A,0.4185,0.0316,2013,152,4810
ecp,eab4f6731fc8298ef78f7c3a57c67392,pedestrian,14.76,A,0.4009,0.0236,2208,130,5508
ecp,eab4f6731fc8298ef78f7c3a57c67392,pedestrian,14.95,A,0.3861,0.0244,1975,125,5115
ecp,eab4f6731fc8298ef78f7c3a57c67392,bicycle,25.49,B,0.103,0.0031,1325,40,12870
ecp,eab4f6731fc8298ef78f7c3a57c67392,bicycle,14.48,A,0.4348,0.0167,6629,255,15246
ecp,eab4f6731fc8298ef78f7c3a57c67392,pedestrian,9.87,A,0.4806,0.0154,8686,279,18072
ecp,eab4f6731fc8298ef78f7c3a57c67392,pedestrian,10.46,A,0.4067,0.0457,739,83,1817
ecp,eab4f6731fc8298ef78f7c3a57c67392,pedestrian,11.1,A,0.2402,0.0055,2173,50,9048
ecp,eab4f6731fc8298ef78f7c3a57c67392,pedestrian,11.24,A,0.4896,0.033,1513,102,3090
ecp,eab4f6731fc8298ef78f7c3a57c67392,pedestrian,9.99,A,0.5542,0.036,2386,155,4305
ecp,eab4f6731fc8298ef78f7c3a57c67392,pedestrian,18.01,B,0.2077,0.0139,884,59,4256
ecp,eab4f6731fc8298ef78f7c3a57c67392,pedestrian,18.32,B,0.0642,0.0157,53,13,826
ecp,eab4f6731fc8298ef78f7c3a57c67392,pedestrian,18.52,B,0.0119,0.0018,20,3,1675
ecp,eab4f6731fc8298ef78f7c3a57c67392,pedestrian,18.89,B,0.0005,0.0005,1,1,2175
ecp,eab4f6731fc8298ef78f7c3a57c67392,pedestrian,23.03,B,0.0246,0.0027,126,14,5115
ecp,eab4f6731fc8298ef78f7c3a57c67392,pedestrian,23.48,B,0.0201,0.0049,29,7,1440
ecp,eab4f6731fc8298ef78f7c3a57c67392,pedestrian,21.13,B,0.2235,0.006,2869,77,12839
ecp,eab4f6731fc8298ef78f7c3a57c67392,pedestrian,21.88,B,0.1628,0.0089,896,49,5504
ecp,eab4f6731fc8298ef78f7c3a57c67392,pedestrian,16.94,B,0.1897,0.0143,1116,84,5882
ecp,eab4f6731fc8298ef78f7c3a57c67392,pedestrian,18.11,B,0.0556,0.0165,64,19,1152
ecp,eab4f6731fc8298ef78f7c3a57c67392,pedestrian,17.23,B,0.202,0.0307,362,55,1792
ecp,eab4f6731fc8298ef78f7c3a57c67392,pedestrian,17.77,B,0.2228,0.0132,811,48,3640
ecp,eab4f6731fc8298ef78f7c3a57c67392,pedestrian,17.49,B,0.2554,0.0137,1361,73,5328
ecp,eab4f6731fc8298ef78f7c3a57c67392,pedestrian,17.99,B,0.1249,0.011,433,38,3468
ecp,eab4f6731fc8298ef78f7c3a57c67392,pedestrian,15.85,B,0.1559,0.0063,519,21,3330
ecp,eab4f6731fc8298ef78f7c3a57c67392,pedestrian,17.36,B,0.1991,0.0127,501,32,2516
ecp,eab4f6731fc8298ef78f7c3a57c67392,pedestrian,26.38,B,0.0273,0.0082,63,19,2310
ecp,eab4f6731fc8298ef78f7c3a57c67392,bicycle,17.3,B,0.2824,0.0069,4834,118,17115
ecp,eab4f6731fc8298ef78f7c3a57c67392,pedestrian,28.01,B,0.0888,0.0067,293,22,3300
ecp,eab4f6731fc8298ef78f7c3a57c67392,pedestrian,29.76,B,0.058,0.0048,169,14,2912
ecp,eab4f6731fc8298ef78f7c3a57c67392,bicycle,28.39,B,0.0092,0.0002,121,2,13125
ecp,eab4f6731fc8298ef78f7c3a57c67392,pedestrian,7.6,A,0.0641,0.0019,135,4,2106
ecp,eab4f6731fc8298ef78f7c3a57c67392,pedestrian,9.01,A,0.3169,0.0245,1282,99,4046
ecp,eab4f6731fc8298ef78f7c3a57c67392,pedestrian,13.18,A,0.3215,0.0298,1111,103,3456
ecp,eab4f6731fc8298ef78f7c3a57c67392,pedestrian,21.86,B,0.091,0.0127,265,37,2912
ecp,eab4f6731fc8298ef78f7c3a57c67392,pedestrian,23.16,B,0.0968,0.0175,227,41,2345
ecp,eab4f6731fc8298ef78f7c3a57c67392,pedestrian,23.5,B,0.0764,0.0174,220,50,2880
ecp,eab4f6731fc8298ef78f7c3a57c67392,pedestrian,22.83,B,0.0475,0.0054,124,14,2613
ecp,eab4f6731fc8298ef78f7c3a57c67392,pedestrian,21.97,B,0.0443,0.0028,111,7,2508
ecp,eab4f6731fc8298ef78f7c3a57c67392,pedestrian,17.82,B,0.0684,0.0048,86,6,1258
ecp,eab4f6731fc8298ef78f7c3a57c67392,pedestrian,26.58,B,0.0656,0.0091,303,42,4620
ecp,eab4f6731fc8298ef78f7c3a57c67392,pedestrian,27.48,B,0.0195,0.0009,43,2,2210
ecp,eab4f6731fc8298ef78f7c3a57c67392,pedestrian,26.13,B,0.0451,0.0034,120,9,2660
ecp,eab4f6731fc8298ef78f7c3a57c67392,pedestrian,37.45,C,0.038,0.0039,187,19,4921
ecp,eab4f6731fc8298ef78f7c3a57c67392,pedestrian,8.44,A,0.4743,0.0277,2208,129,4655
ecp,eab4f6731fc8298ef78f7c3a57c67392,pedestrian,9.31,A,0.3446,0.0152,1406,62,4080
ecp,eab4f6731fc8298ef78f7c3a57c67392,pedestrian,15.79,B,0.2633,0.0136,1280,66,4862
ecp,eab4f6731fc8298ef78f7c3a57c67392,pedestrian,15.18,B,0.3778,0.0168,2131,95,5640
ecp,eab4f6731fc8298ef78f7c3a57c67392,bicycle,20.18,B,0.1586,0.0054,440,15,2774
ecp,eab4f6731fc8298ef78f7c3a57c67392,bicycle,19.52,B,0.2127,0.0052,2632,64,12375
ecp,eab4f6731fc8298ef78f7c3a57c67392,pedestrian,36.6,C,0.0449,0.0039,194,17,4320
ecp,eab4f6731fc8298ef78f7c3a57c67392,pedestrian,26.48,B,0.0793,0.011,246,34,3104
ecp,eab4f6731fc8298ef78f7c3a57c67392,pedestrian,27.27,B,0.0486,0.0035,154,11,3168
ecp,eab4f6731fc8298ef78f7c3a57c67392,pedestrian,28.79,B,0.0747,0.0113,86,13,1152
ecp,eab4f6731fc8298ef78f7c3a57c67392,pedestrian,21.18,B,0.0314,0.0049,58,9,1848
ecp,eab4f6731fc8298ef78f7c3a57c67392,trailer,45.45,C,0.0009,0.0002,222,55,252795
ecp,065e5ca3a6e58d7e3822e5d7f5a51e04,pedestrian,6.95,A,0.5844,0.0244,3815,159,6528
ecp,065e5ca3a6e58d7e3822e5d7f5a51e04,pedestrian,6.24,A,0.5071,0.0297,2183,128,4305
ecp,065e5ca3a6e58d7e3822e5d7f5a51e04,car,12.69,A,0.2338,0.0067,36901,1053,157836
ecp,065e5ca3a6e58d7e3822e5d7f5a51e04,pedestrian,11.67,A,0.5121,0.0377,2120,156,4140
ecp,065e5ca3a6e58d7e3822e5d7f5a51e04,pedestrian,9.72,A,0.5392,0.0215,3990,159,7400
ecp,065e5ca3a6e58d7e3822e5d7f5a51e04,pedestrian,9.83,A,0.6244,0.0192,4140,127,6630
ecp,065e5ca3a6e58d7e3822e5d7f5a51e04,pedestrian,9.1,A,0.5876,0.0253,3042,131,5177
ecp,065e5ca3a6e58d7e3822e5d7f5a51e04,bicycle,24.28,B,0.0551,0.0024,669,29,12138
ecp,065e5ca3a6e58d7e3822e5d7f5a51e04,bicycle,13.52,A,0.3802,0.0209,4166,229,10956
ecp,065e5ca3a6e58d7e3822e5d7f5a51e04,pedestrian,10.1,A,0.3548,0.0123,922,32,2599
ecp,065e5ca3a6e58d7e3822e5d7f5a51e04,pedestrian,10.26,A,0.1558,0.0023,1351,20,8671
ecp,065e5ca3a6e58d7e3822e5d7f5a51e04,pedestrian,6.31,A,0.6624,0.0345,3802,198,5740
ecp,065e5ca3a6e58d7e3822e5d7f5a51e04,pedestrian,16.84,B,0.2761,0.0217,840,66,3042
ecp,065e5ca3a6e58d7e3822e5d7f5a51e04,pedestrian,17.6,B,0.1286,0.0114,90,8,700
ecp,065e5ca3a6e58d7e3822e5d7f5a51e04,pedestrian,17.82,B,0.0393,0.0066,65,11,1656
ecp,065e5ca3a6e58d7e3822e5d7f5a51e04,pedestrian,18.28,B,0.0421,0.0031,94,7,2233
ecp,065e5ca3a6e58d7e3822e5d7f5a51e04,pedestrian,22.09,B,0.0902,0.0118,405,53,4488
ecp,065e5ca3a6e58d7e3822e5d7f5a51e04,pedestrian,22.41,B,0.0365,0.0075,63,13,1728
ecp,065e5ca3a6e58d7e3822e5d7f5a51e04,pedestrian,15.92,B,0.3525,0.0171,2714,132,7700
ecp,065e5ca3a6e58d7e3822e5d7f5a51e04,pedestrian,16.51,B,0.1844,0.0009,1015,5,5504
ecp,065e5ca3a6e58d7e3822e5d7f5a51e04,pedestrian,14.42,A,0.3998,0.0197,3048,150,7623
ecp,065e5ca3a6e58d7e3822e5d7f5a51e04,pedestrian,14.46,A,0.0859,0.0139,99,16,1152
ecp,065e5ca3a6e58d7e3822e5d7f5a51e04,pedestrian,13.56,A,0.3837,0.0333,1013,88,2640
ecp,065e5ca3a6e58d7e3822e5d7f5a51e04,pedestrian,14.22,A,0.2415,0.0168,1251,87,5180
ecp,065e5ca3a6e58d7e3822e5d7f5a51e04,pedestrian,15.38,B,0.3463,0.0225,1588,103,4585
ecp,065e5ca3a6e58d7e3822e5d7f5a51e04,pedestrian,15.5,B,0.2687,0.0317,619,73,2304
ecp,065e5ca3a6e58d7e3822e5d7f5a51e04,pedestrian,12.15,A,0.285,0.0156,529,29,1856
ecp,065e5ca3a6e58d7e3822e5d7f5a51e04,pedestrian,13.61,A,0.357,0.0429,483,58,1353
ecp,065e5ca3a6e58d7e3822e5d7f5a51e04,pedestrian,20.68,B,0.0607,0.0206,118,40,1944
ecp,065e5ca3a6e58d7e3822e5d7f5a51e04,bicycle,9.74,A,0.6527,0.011,11400,192,17465
ecp,065e5ca3a6e58d7e3822e5d7f5a51e04,bicycle,21.29,B,0.1632,0.0033,2564,52,15715
ecp,065e5ca3a6e58d7e3822e5d7f5a51e04,pedestrian,6.43,A,0.5161,0.0354,2053,141,3978
ecp,065e5ca3a6e58d7e3822e5d7f5a51e04,pedestrian,8.77,A,0.5608,0.0211,4730,178,8435
ecp,065e5ca3a6e58d7e3822e5d7f5a51e04,pedestrian,23.34,B,0.1233,0.0139,328,37,2660
ecp,065e5ca3a6e58d7e3822e5d7f5a51e04,pedestrian,20.71,B,0.0328,0.0055,144,24,4386
ecp,065e5ca3a6e58d7e3822e5d7f5a51e04,pedestrian,20.36,B,0.0426,0.0094,149,33,3496
ecp,065e5ca3a6e58d7e3822e5d7f5a51e04,pedestrian,14.18,A,0.085,0.0025,101,3,1188
ecp,065e5ca3a6e58d7e3822e5d7f5a51e04,pedestrian,19.86,B,0.0609,0.0102,179,30,2940
ecp,065e5ca3a6e58d7e3822e5d7f5a51e04,pedestrian,20.65,B,0.0311,0.0061,66,13,2124
ecp,065e5ca3a6e58d7e3822e5d7f5a51e04,pedestrian,20.8,B,0.1454,0.0167,565,65,3885
ecp,065e5ca3a6e58d7e3822e5d7f5a51e04,pedestrian,5.39,A,0.6249,0.0298,3696,176,5915
ecp,065e5ca3a6e58d7e3822e5d7f5a51e04,pedestrian,6.44,A,0.4866,0.0143,1092,32,2244
ecp,065e5ca3a6e58d7e3822e5d7f5a51e04,pedestrian,11.13,A,0.3104,0.0182,1470,86,4736
ecp,065e5ca3a6e58d7e3822e5d7f5a51e04,pedestrian,10.41,A,0.5728,0.022,3279,126,5725
ecp,065e5ca3a6e58d7e3822e5d7f5a51e04,bicycle,16.81,B,0.1922,0.0073,688,26,3580
ecp,065e5ca3a6e58d7e3822e5d7f5a51e04,bicycle,11.47,A,0.4468,0.0048,4421,47,9894
ecp,065e5ca3a6e58d7e3822e5d7f5a51e04,pedestrian,21.03,B,0.1494,0.0131,593,52,3968
ecp,065e5ca3a6e58d7e3822e5d7f5a51e04,pedestrian,21.52,B,0.1633,0.0149,601,55,3680
ecp,065e5ca3a6e58d7e3822e5d7f5a51e04,pedestrian,16.1,B,0.1494,0.0055,1292,48,8649
ecp,065e5ca3a6e58d7e3822e5d7f5a51e04,pedestrian,30.04,C,0.0138,0.0033,38,9,2754
ecp,065e5ca3a6e58d7e3822e5d7f5a51e04,pedestrian,20.89,B,0.0571,0.0096,101,17,1768
ecp,065e5ca3a6e58d7e3822e5d7f5a51e04,pedestrian,21.73,B,0.0224,0.0068,43,13,1920
ecp,065e5ca3a6e58d7e3822e5d7f5a51e04,pedestrian,34.26,C,0.0503,0.0041,124,10,2464
ecp,065e5ca3a6e58d7e3822e5d7f5a51e04,pedestrian,29.72,B,0.0327,0.0069,109,23,3333
ecp,065e5ca3a6e58d7e3822e5d7f5a51e04,pedestrian,25.53,B,0.0862,0.0103,350,42,4059
ecp,065e5ca3a6e58d7e3822e5d7f5a51e04,pedestrian,29.04,B,0.0359,0.0032,124,11,3456
ecp,065e5ca3a6e58d7e3822e5d7f5a51e04,pedestrian,31.05,C,0.0518,0.0039,371,28,7168
ecp,065e5ca3a6e58d7e3822e5d7f5a51e04,bicycle,34.12,C,0.0168,0.0018,76,8,4520
ecp,065e5ca3a6e58d7e3822e5d7f5a51e04,pedestrian,20.3,B,0.0673,0.0085,135,17,2006
ecp,065e5ca3a6e58d7e3822e5d7f5a51e04,trailer,41.79,C,0.0008,0.0002,196,58,252852
ecp,658e904597ff0b7be546243e6dcaf824,car,10.47,A,0.1982,0.0068,26265,901,132506
ecp,658e904597ff0b7be546243e6dcaf824,pedestrian,7.89,A,0.5993,0.04,2248,150,3751
ecp,658e904597ff0b7be546243e6dcaf824,pedestrian,5.52,A,0.5526,0.0133,6008,145,10872
ecp,658e904597ff0b7be546243e6dcaf824,pedestrian,6.18,A,0.4198,0.0236,728,41,1734
ecp,658e904597ff0b7be546243e6dcaf824,pedestrian,4.2,A,0.634,0.0403,2720,173,4290
ecp,658e904597ff0b7be546243e6dcaf824,bicycle,23.21,B,0.0841,0.0017,915,18,10880
ecp,658e904597ff0b7be546243e6dcaf824,pedestrian,16.9,B,0.2225,0.014,793,50,3564
ecp,658e904597ff0b7be546243e6dcaf824,pedestrian,21.92,B,0.0738,0.0064,356,31,4824
ecp,658e904597ff0b7be546243e6dcaf824,pedestrian,22.25,B,0.0332,0.0067,79,16,2380
ecp,658e904597ff0b7be546243e6dcaf824,pedestrian,10.39,A,0.6532,0.018,6961,192,10656
ecp,658e904597ff0b7be546243e6dcaf824,pedestrian,11.07,A,0.6094,0.0188,4605,142,7557
ecp,658e904597ff0b7be546243e6dcaf824,pedestrian,12.93,A,0.444,0.0262,3055,180,6880
ecp,658e904597ff0b7be546243e6dcaf824,pedestrian,10.67,A,0.3495,0.0129,1029,38,2944
ecp,658e904597ff0b7be546243e6dcaf824,pedestrian,9.9,A,0.4561,0.0253,1299,72,2848
ecp,658e904597ff0b7be546243e6dcaf824,pedestrian,10.44,A,0.1663,0.0086,483,25,2905
ecp,658e904597ff0b7be546243e6dcaf824,pedestrian,12.92,A,0.4556,0.048,1196,126,2625
ecp,658e904597ff0b7be546243e6dcaf824,pedestrian,12.9,A,0.4495,0.034,1611,122,3584
ecp,658e904597ff0b7be546243e6dcaf824,pedestrian,8.37,A,0.5737,0.0244,1175,50,2048
ecp,658e904597ff0b7be546243e6dcaf824,pedestrian,9.84,A,0.624,0.0372,906,54,1452
ecp,658e904597ff0b7be546243e6dcaf824,pedestrian,15.0,A,0.1409,0.0173,318,39,2257
ecp,658e904597ff0b7be546243e6dcaf824,bicycle,3.11,A,0.5333,0.0143,9718,261,18224
ecp,658e904597ff0b7be546243e6dcaf824,bicycle,13.39,A,0.4359,0.0096,8117,179,18620
ecp,658e904597ff0b7be546243e6dcaf824,pedestrian,22.98,B,0.1129,0.01,328,29,2905
ecp,658e904597ff0b7be546243e6dcaf824,pedestrian,20.45,B,0.1163,0.0083,446,32,3836
ecp,658e904597ff0b7be546243e6dcaf824,pedestrian,20.13,B,0.0787,0.0106,97,13,1232
ecp,658e904597ff0b7be546243e6dcaf824,pedestrian,10.32,A,0.3482,0.0089,663,17,1904
ecp,658e904597ff0b7be546243e6dcaf824,pedestrian,13.4,A,0.4003,0.0292,2069,151,5168
ecp,658e904597ff0b7be546243e6dcaf824,pedestrian,15.12,B,0.1051,0.0257,184,45,1750
ecp,658e904597ff0b7be546243e6dcaf824,pedestrian,15.82,B,0.2803,0.0213,1236,94,4410
ecp,658e904597ff0b7be546243e6dcaf824,pedestrian,7.15,A,0.5174,0.023,2586,115,4998
ecp,658e904597ff0b7be546243e6dcaf824,pedestrian,6.53,A,0.7823,0.0182,6004,140,7675
ecp,658e904597ff0b7be546243e6dcaf824,bicycle,13.34,A,0.289,0.0113,841,33,2910
ecp,658e904597ff0b7be546243e6dcaf824,bicycle,4.73,A,0.5569,0.0135,9166,223,16458
ecp,658e904597ff0b7be546243e6dcaf824,pedestrian,15.73,B,0.184,0.0174,601,57,3267
ecp,658e904597ff0b7be546243e6dcaf824,pedestrian,16.38,B,0.2735,0.014,1480,76,5412
ecp,658e904597ff0b7be546243e6dcaf824,pedestrian,14.33,A,0.313,0.0103,1465,48,4680
ecp,658e904597ff0b7be546243e6dcaf824,pedestrian,15.25,B,0.1649,0.025,508,77,3080
ecp,658e904597ff0b7be546243e6dcaf824,pedestrian,31.94,C,0.0419,0.0014,206,7,4917
ecp,658e904597ff0b7be546243e6dcaf824,pedestrian,23.27,B,0.0324,0.0038,77,9,2376
ecp,658e904597ff0b7be546243e6dcaf824,pedestrian,22.07,B,0.1501,0.01,629,42,4191
ecp,658e904597ff0b7be546243e6dcaf824,pedestrian,26.48,B,0.0804,0.0083,263,27,3270
ecp,658e904597ff0b7be546243e6dcaf824,motorcycle,28.15,B,0.1049,0.0029,1057,29,10080
ecp,658e904597ff0b7be546243e6dcaf824,pedestrian,24.66,B,0.1134,0.0138,247,30,2178
ecp,658e904597ff0b7be546243e6dcaf824,pedestrian,25.77,B,0.0827,0.0051,554,34,6697
ecp,658e904597ff0b7be546243e6dcaf824,pedestrian,27.44,B,0.0453,0.0034,174,13,3840
ecp,658e904597ff0b7be546243e6dcaf824,pedestrian,29.29,B,0.0539,0.0026,245,12,4544
ecp,658e904597ff0b7be546243e6dcaf824,pedestrian,26.25,B,0.0397,0.0051,55,7,1386
ecp,658e904597ff0b7be546243e6dcaf824,car,18.31,B,0.0199,0.0012,1669,103,83680
ecp,658e904597ff0b7be546243e6dcaf824,pedestrian,12.72,A,0.3293,0.0285,820,71,2490
ecp,658e904597ff0b7be546243e6dcaf824,pedestrian,13.27,A,0.3963,0.0253,1883,120,4752
ecp,658e904597ff0b7be546243e6dcaf824,pedestrian,13.28,A,0.2252,0.0291,372,48,1652
ecp,658e904597ff0b7be546243e6dcaf824,pedestrian,13.38,A,0.1016,0.0159,128,20,1260
ecp,658e904597ff0b7be546243e6dcaf824,bicycle,17.88,B,0.0786,0.003,654,25,8320
ecp,658e904597ff0b7be546243e6dcaf824,trailer,37.94,C,0.0007,0.0002,180,58,252738
ecp,0553dd6bf29a4e335e51a98dceec44e7,car,9.94,A,0.1922,0.0062,27535,891,143240
ecp,0553dd6bf29a4e335e51a98dceec44e7,pedestrian,5.97,A,0.6651,0.0522,2103,165,3162
ecp,0553dd6bf29a4e335e51a98dceec44e7,pedestrian,4.37,A,0.6606,0.0462,4019,281,6084
ecp,0553dd6bf29a4e335e51a98dceec44e7,pedestrian,4.9,A,0.6146,0.0574,2215,207,3604
ecp,0553dd6bf29a4e335e51a98dceec44e7,bicycle,23.48,B,0.0302,0.0024,374,30,12376
ecp,0553dd6bf29a4e335e51a98dceec44e7,pedestrian,17.1,B,0.1204,0.0086,393,28,3264
ecp,0553dd6bf29a4e335e51a98dceec44e7,pedestrian,22.19,B,0.0274,0.004,82,12,2992
ecp,0553dd6bf29a4e335e51a98dceec44e7,pedestrian,6.49,A,0.7328,0.0196,11578,309,15799
ecp,0553dd6bf29a4e335e51a98dceec44e7,pedestrian,7.48,A,0.7072,0.0272,4413,170,6240
ecp,0553dd6bf29a4e335e51a98dceec44e7,pedestrian,13.44,A,0.2961,0.0154,1639,85,5536
ecp,0553dd6bf29a4e335e51a98dceec44e7,pedestrian,8.85,A,0.1629,0.0078,271,13,1664
ecp,0553dd6bf29a4e335e51a98dceec44e7,pedestrian,8.01,A,0.2366,0.0089,318,12,1344
ecp,0553dd6bf29a4e335e51a98dceec44e7,pedestrian,8.52,A,0.293,0.0143,777,38,2652
ecp,0553dd6bf29a4e335e51a98dceec44e7,pedestrian,11.73,A,0.5074,0.035,2192,151,4320
ecp,0553dd6bf29a4e335e51a98dceec44e7,pedestrian,11.47,A,0.4432,0.0293,1333,88,3008
ecp,0553dd6bf29a4e335e51a98dceec44e7,pedestrian,6.45,A,0.5857,0.0286,1616,79,2759
ecp,0553dd6bf29a4e335e51a98dceec44e7,pedestrian,7.65,A,0.646,0.0453,1199,84,1856
ecp,0553dd6bf29a4e335e51a98dceec44e7,pedestrian,11.07,A,0.1033,0.0115,260,29,2516
ecp,0553dd6bf29a4e335e51a98dceec44e7,bicycle,6.71,A,0.7986,0.0097,15568,189,19495
ecp,0553dd6bf29a4e335e51a98dceec44e7,bicycle,12.54,A,0.2434,0.0046,1175,22,4828
ecp,0553dd6bf29a4e335e51a98dceec44e7,pedestrian,24.01,B,0.1017,0.0037,299,11,2940
ecp,0553dd6bf29a4e335e51a98dceec44e7,pedestrian,24.62,B,0.0717,0.005,200,14,2788
ecp,0553dd6bf29a4e335e51a98dceec44e7,pedestrian,20.32,B,0.0655,0.0164,152,38,2322
ecp,0553dd6bf29a4e335e51a98dceec44e7,pedestrian,20.33,B,0.0619,0.0136,132,29,2133
ecp,0553dd6bf29a4e335e51a98dceec44e7,pedestrian,8.49,A,0.6296,0.0335,2312,123,3672
ecp,0553dd6bf29a4e335e51a98dceec44e7,pedestrian,8.59,A,0.6694,0.0397,2952,175,4410
ecp,0553dd6bf29a4e335e51a98dceec44e7,pedestrian,11.38,A,0.0341,0.0029,58,5,1700
ecp,0553dd6bf29a4e335e51a98dceec44e7,pedestrian,12.1,A,0.5421,0.0207,4059,155,7488
ecp,0553dd6bf29a4e335e51a98dceec44e7,pedestrian,5.4,A,0.542,0.0315,2893,168,5338
ecp,0553dd6bf29a4e335e51a98dceec44e7,pedestrian,4.92,A,0.7101,0.0288,4953,201,6975
ecp,0553dd6bf29a4e335e51a98dceec44e7,bicycle,11.62,A,0.3509,0.0091,1037,27,2955
ecp,0553dd6bf29a4e335e51a98dceec44e7,pedestrian,12.35,A,0.4995,0.0328,1919,126,3842
ecp,0553dd6bf29a4e335e51a98dceec44e7,pedestrian,13.78,A,0.1569,0.0156,452,45,2880
ecp,0553dd6bf29a4e335e51a98dceec44e7,pedestrian,9.89,A,0.3328,0.0325,1186,116,3564
ecp,0553dd6bf29a4e335e51a98dceec44e7,pedestrian,10.8,A,0.1573,0.0117,538,40,3420
ecp,0553dd6bf29a4e335e51a98dceec44e7,pedestrian,20.22,B,0.1704,0.0146,433,37,2541
ecp,0553dd6bf29a4e335e51a98dceec44e7,pedestrian,23.59,B,0.1511,0.0128,473,40,3131
ecp,0553dd6bf29a4e335e51a98dceec44e7,motorcycle,26.56,B,0.0502,0.0015,434,13,8640
ecp,0553dd6bf29a4e335e51a98dceec44e7,pedestrian,22.76,B,0.1363,0.0145,366,39,2686
ecp,0553dd6bf29a4e335e51a98dceec44e7,pedestrian,26.54,B,0.0906,0.0059,490,32,5408
ecp,0553dd6bf29a4e335e51a98dceec44e7,pedestrian,9.61,A,0.5033,0.0247,2543,125,5053
ecp,0553dd6bf29a4e335e51a98dceec44e7,pedestrian,9.98,A,0.3881,0.0371,1665,159,4290
ecp,0553dd6bf29a4e335e51a98dceec44e7,pedestrian,9.79,A,0.5352,0.0434,1172,95,2190
ecp,0553dd6bf29a4e335e51a98dceec44e7,pedestrian,10.0,A,0.3652,0.0387,1019,108,2790
ecp,0553dd6bf29a4e335e51a98dceec44e7,bicycle,13.29,A,0.5638,0.0109,7703,149,13662
ecp,0553dd6bf29a4e335e51a98dceec44e7,motorcycle,27.67,B,0.0901,0.0035,944,37,10472
ecp,0553dd6bf29a4e335e51a98dceec44e7,motorcycle,28.48,B,0.0723,0.0014,747,14,10332
ecp,0553dd6bf29a4e335e51a98dceec44e7,bicycle,3.36,A,0.5432,0.0077,12692,179,23364
ecp,0553dd6bf29a4e335e51a98dceec44e7,bicycle,14.05,A,0.3667,0.0112,4531,138,12355
ecp,0553dd6bf29a4e335e51a98dceec44e7,pedestrian,16.42,B,0.0542,0.0057,123,13,2268
ecp,0553dd6bf29a4e335e51a98dceec44e7,pedestrian,19.96,B,0.1897,0.0147,478,37,2520
ecp,0553dd6bf29a4e335e51a98dceec44e7,pedestrian,20.51,B,0.0747,0.0077,310,32,4148
ecp,0553dd6bf29a4e335e51a98dceec44e7,pedestrian,17.49,B,0.1571,0.0108,643,44,4092
ecp,0553dd6bf29a4e335e51a98dceec44e7,pedestrian,32.96,C,0.0617,0.0094,79,12,1280
ecp,0553dd6bf29a4e335e51a98dceec44e7,pedestrian,21.71,B,0.1476,0.0068,1104,51,7480
ecp,0553dd6bf29a4e335e51a98dceec44e7,bicycle,28.08,B,0.0464,0.0033,154,11,3320
ecp,0553dd6bf29a4e335e51a98dceec44e7,trailer,35.76,C,0.0017,0.0003,421,76,252738
ecp,cd8353a657649a13b1eff2c17ce70a0a,car,9.89,A,0.2067,0.0069,30251,1007,146329
ecp,cd8353a657649a13b1eff2c17ce70a0a,pedestrian,5.67,A,0.6822,0.0503,2157,159,3162
ecp,cd8353a657649a13b1eff2c17ce70a0a,bicycle,23.65,B,0.0797,0.0016,799,16,10030
ecp,cd8353a657649a13b1eff2c17ce70a0a,pedestrian,17.16,B,0.0959,0.0148,168,26,1752
ecp,cd8353a657649a13b1eff2c17ce70a0a,pedestrian,21.94,B,0.0527,0.0064,172,21,3264
ecp,cd8353a657649a13b1eff2c17ce70a0a,pedestrian,22.16,B,0.0474,0.0069,137,20,2890
ecp,cd8353a657649a13b1eff2c17ce70a0a,pedestrian,3.93,A,0.6096,0.023,6767,255,11100
ecp,cd8353a657649a13b1eff2c17ce70a0a,pedestrian,5.61,A,0.4463,0.0125,2428,68,5440
ecp,cd8353a657649a13b1eff2c17ce70a0a,pedestrian,15.73,B,0.0483,0.0085,102,18,2112
ecp,cd8353a657649a13b1eff2c17ce70a0a,pedestrian,8.36,A,0.1776,0.0071,250,10,1408
ecp,cd8353a657649a13b1eff2c17ce70a0a,pedestrian,7.6,A,0.1914,0.0122,392,25,2048
ecp,cd8353a657649a13b1eff2c17ce70a0a,pedestrian,8.36,A,0.2842,0.0064,715,16,2516
ecp,cd8353a657649a13b1eff2c17ce70a0a,pedestrian,12.71,A,0.4613,0.0359,1694,132,3672
ecp,cd8353a657649a13b1eff2c17ce70a0a,pedestrian,12.49,A,0.4754,0.0551,1208,140,2541
ecp,cd8353a657649a13b1eff2c17ce70a0a,pedestrian,6.09,A,0.5712,0.0357,1806,113,3162
ecp,cd8353a657649a13b1eff2c17ce70a0a,pedestrian,7.11,A,0.562,0.0533,1097,104,1952
ecp,cd8353a657649a13b1eff2c17ce70a0a,pedestrian,9.04,A,0.2223,0.0126,954,54,4292
ecp,cd8353a657649a13b1eff2c17ce70a0a,bicycle,8.01,A,0.7268,0.0133,9811,180,13498
ecp,cd8353a657649a13b1eff2c17ce70a0a,pedestrian,20.33,B,0.0756,0.0168,153,34,2025
ecp,cd8353a657649a13b1eff2c17ce70a0a,pedestrian,20.47,B,0.061,0.0096,177,28,2904
ecp,cd8353a657649a13b1eff2c17ce70a0a,pedestrian,8.12,A,0.3862,0.0301,1038,81,2688
ecp,cd8353a657649a13b1eff2c17ce70a0a,pedestrian,7.22,A,0.3222,0.0184,981,56,3045
ecp,cd8353a657649a13b1eff2c17ce70a0a,pedestrian,9.18,A,0.1938,0.0075,257,10,1326
ecp,cd8353a657649a13b1eff2c17ce70a0a,pedestrian,10.32,A,0.5956,0.0262,3063,135,5143
ecp,cd8353a657649a13b1eff2c17ce70a0a,pedestrian,4.77,A,0.6434,0.0286,5381,239,8364
ecp,cd8353a657649a13b1eff2c17ce70a0a,pedestrian,4.44,A,0.6365,0.0246,4888,189,7680
ecp,cd8353a657649a13b1eff2c17ce70a0a,bicycle,11.33,A,0.3151,0.0093,879,26,2790
ecp,cd8353a657649a13b1eff2c17ce70a0a,pedestrian,10.77,A,0.456,0.0311,1876,128,4114
ecp,cd8353a657649a13b1eff2c17ce70a0a,pedestrian,12.12,A,0.3324,0.0259,1117,87,3360
ecp,cd8353a657649a13b1eff2c17ce70a0a,pedestrian,7.61,A,0.2928,0.0134,875,40,2988
ecp,cd8353a657649a13b1eff2c17ce70a0a,pedestrian,7.85,A,0.4671,0.0347,1900,141,4068
ecp,cd8353a657649a13b1eff2c17ce70a0a,pedestrian,18.75,B,0.1116,0.0099,225,20,2016
ecp,cd8353a657649a13b1eff2c17ce70a0a,pedestrian,21.84,B,0.1763,0.0156,476,42,2700
ecp,cd8353a657649a13b1eff2c17ce70a0a,motorcycle,26.3,B,0.0951,0.0045,884,42,9300
ecp,cd8353a657649a13b1eff2c17ce70a0a,pedestrian,21.4,B,0.0498,0.0065,138,18,2772
ecp,cd8353a657649a13b1eff2c17ce70a0a,pedestrian,21.22,B,0.0784,0.0035,612,27,7807
ecp,cd8353a657649a13b1eff2c17ce70a0a,pedestrian,28.53,B,0.0385,0.0054,85,12,2208
ecp,cd8353a657649a13b1eff2c17ce70a0a,pedestrian,21.93,B,0.0482,0.0082,41,7,851
ecp,cd8353a657649a13b1eff2c17ce70a0a,pedestrian,7.41,A,0.6122,0.0421,1860,128,3038
ecp,cd8353a657649a13b1eff2c17ce70a0a,pedestrian,8.71,A,0.3384,0.0112,2088,69,6171
ecp,cd8353a657649a13b1eff2c17ce70a0a,pedestrian,7.53,A,0.6176,0.0333,2316,125,3750
ecp,cd8353a657649a13b1eff2c17ce70a0a,pedestrian,7.95,A,0.6052,0.0325,2270,122,3751
ecp,cd8353a657649a13b1eff2c17ce70a0a,bicycle,9.13,A,0.6852,0.0099,10831,156,15807
ecp,cd8353a657649a13b1eff2c17ce70a0a,motorcycle,27.34,B,0.0968,0.005,820,42,8475
ecp,cd8353a657649a13b1eff2c17ce70a0a,motorcycle,28.07,B,0.0655,0.0021,535,17,8165
ecp,cd8353a657649a13b1eff2c17ce70a0a,bicycle,5.68,A,0.7388,0.0148,12567,252,17010
ecp,cd8353a657649a13b1eff2c17ce70a0a,bicycle,12.21,A,0.3474,0.011,3568,113,10272
ecp,cd8353a657649a13b1eff2c17ce70a0a,pedestrian,13.43,A,0.2638,0.0177,879,59,3332
ecp,cd8353a657649a13b1eff2c17ce70a0a,pedestrian,18.4,B,0.0966,0.0117,478,58,4950
ecp,cd8353a657649a13b1eff2c17ce70a0a,pedestrian,15.73,B,0.1513,0.0109,920,66,6080
ecp,cd8353a657649a13b1eff2c17ce70a0a,pedestrian,17.59,B,0.1994,0.0176,317,28,1590
ecp,cd8353a657649a13b1eff2c17ce70a0a,pedestrian,18.04,B,0.142,0.0116,294,24,2070
ecp,cd8353a657649a13b1eff2c17ce70a0a,pedestrian,22.0,B,0.0819,0.006,245,18,2992
ecp,cd8353a657649a13b1eff2c17ce70a0a,pedestrian,15.28,B,0.0686,0.0031,134,6,1952
ecp,cd8353a657649a13b1eff2c17ce70a0a,pedestrian,26.58,B,0.0755,0.0054,349,25,4624
ecp,cd8353a657649a13b1eff2c17ce70a0a,bicycle,38.38,C,0.0427,0.0011,984,26,23067
ecp,cd8353a657649a13b1eff2c17ce70a0a,bicycle,31.32,C,0.0531,0.0017,820,26,15435
ecp,cd8353a657649a13b1eff2c17ce70a0a,trailer,35.48,C,0.0012,0.0003,307,81,265506
ecp,d83e711e978231810569d531e27ee679,pedestrian,5.02,A,0.6295,0.0441,2397,168,3808
ecp,d83e711e978231810569d531e27ee679,bicycle,25.52,B,0.0251,0.0021,271,23,10778
ecp,d83e711e978231810569d531e27ee679,pedestrian,17.1,B,0.1433,0.0205,308,44,2150
ecp,d83e711e978231810569d531e27ee679,pedestrian,18.4,B,0.0716,0.0065,111,10,1550
ecp,d83e711e978231810569d531e27ee679,pedestrian,18.88,B,0.0722,0.0089,65,8,900
ecp,d83e711e978231810569d531e27ee679,pedestrian,21.78,B,0.0255,0.0014,143,8,5600
ecp,d83e711e978231810569d531e27ee679,pedestrian,21.93,B,0.0473,0.0056,169,20,3570
ecp,d83e711e978231810569d531e27ee679,pedestrian,17.61,B,0.103,0.0117,300,34,2914
ecp,d83e711e978231810569d531e27ee679,pedestrian,7.65,A,0.3725,0.0256,1049,72,2816
ecp,d83e711e978231810569d531e27ee679,pedestrian,7.03,A,0.514,0.0502,921,90,1792
ecp,d83e711e978231810569d531e27ee679,pedestrian,7.58,A,0.2054,0.0178,427,37,2079
ecp,d83e711e978231810569d531e27ee679,pedestrian,13.58,A,0.3013,0.0158,1719,90,5705
ecp,d83e711e978231810569d531e27ee679,pedestrian,13.1,A,0.4639,0.02,2598,112,5600
ecp,d83e711e978231810569d531e27ee679,pedestrian,5.55,A,0.5327,0.033,2131,132,4000
ecp,d83e711e978231810569d531e27ee679,pedestrian,6.38,A,0.5941,0.0538,1502,136,2528
ecp,d83e711e978231810569d531e27ee679,pedestrian,6.65,A,0.2998,0.0153,1176,60,3922
ecp,d83e711e978231810569d531e27ee679,bicycle,3.34,A,0.5308,0.0067,10509,133,19800
ecp,d83e711e978231810569d531e27ee679,pedestrian,20.19,B,0.0638,0.0084,121,16,1898
ecp,d83e711e978231810569d531e27ee679,pedestrian,20.19,B,0.07,0.0192,102,28,1458
ecp,d83e711e978231810569d531e27ee679,pedestrian,7.21,A,0.1886,0.0028,336,5,1782
ecp,d83e711e978231810569d531e27ee679,pedestrian,5.43,A,0.4996,0.0217,2920,127,5845
ecp,d83e711e978231810569d531e27ee679,pedestrian,6.69,A,0.6612,0.0182,2428,67,3672
ecp,d83e711e978231810569d531e27ee679,pedestrian,8.17,A,0.7069,0.0274,3970,154,5616
ecp,d83e711e978231810569d531e27ee679,pedestrian,4.13,A,0.4533,0.0287,3094,196,6825
ecp,d83e711e978231810569d531e27ee679,pedestrian,8.7,A,0.5548,0.0267,3433,165,6188
ecp,d83e711e978231810569d531e27ee679,pedestrian,9.04,A,0.5586,0.0301,2728,147,4884
ecp,d83e711e978231810569d531e27ee679,pedestrian,5.66,A,0.2656,0.0075,851,24,3204
ecp,d83e711e978231810569d531e27ee679,pedestrian,6.02,A,0.5921,0.041,2643,183,4464
ecp,d83e711e978231810569d531e27ee679,pedestrian,17.74,B,0.0884,0.0105,126,15,1426
ecp,d83e711e978231810569d531e27ee679,pedestrian,19.29,B,0.2469,0.015,1106,67,4480
ecp,d83e711e978231810569d531e27ee679,motorcycle,25.4,B,0.0986,0.0041,1058,44,10725
ecp,d83e711e978231810569d531e27ee679,pedestrian,19.18,B,0.1195,0.0193,359,58,3003
ecp,d83e711e978231810569d531e27ee679,pedestrian,19.7,B,0.168,0.0114,1117,76,6650
ecp,d83e711e978231810569d531e27ee679,pedestrian,30.17,C,0.0246,0.0026,56,6,2272
ecp,d83e711e978231810569d531e27ee679,pedestrian,20.04,B,0.1739,0.0177,304,31,1748
ecp,d83e711e978231810569d531e27ee679,pedestrian,6.66,A,0.5623,0.0212,3347,126,5952
ecp,d83e711e978231810569d531e27ee679,pedestrian,6.88,A,0.321,0.0149,1250,58,3894
ecp,d83e711e978231810569d531e27ee679,pedestrian,6.08,A,0.6925,0.0273,3070,121,4433
ecp,d83e711e978231810569d531e27ee679,pedestrian,6.53,A,0.45,0.0515,918,105,2040
ecp,d83e711e978231810569d531e27ee679,bicycle,3.49,A,0.5543,0.0063,9743,111,17578
ecp,d83e711e978231810569d531e27ee679,motorcycle,26.56,B,0.0876,0.0048,969,53,11060
ecp,d83e711e978231810569d531e27ee679,motorcycle,27.12,B,0.0859,0.0032,666,25,7751
ecp,d83e711e978231810569d531e27ee679,bicycle,8.69,A,0.5622,0.0087,9110,141,16205
ecp,d83e711e978231810569d531e27ee679,bicycle,12.0,A,0.4273,0.0153,5237,187,12256
ecp,d83e711e978231810569d531e27ee679,pedestrian,10.08,A,0.5562,0.027,2572,125,4624
ecp,d83e711e978231810569d531e27ee679,pedestrian,15.21,B,0.2975,0.0341,288,33,968
ecp,d83e711e978231810569d531e27ee679,pedestrian,15.59,B,0.0188,0.0015,64,5,3400
ecp,d83e711e978231810569d531e27ee679,pedestrian,13.5,A,0.2626,0.0151,731,42,2784
ecp,d83e711e978231810569d531e27ee679,pedestrian,17.46,B,0.1594,0.0089,251,14,1575
ecp,d83e711e978231810569d531e27ee679,pedestrian,18.02,B,0.1217,0.0063,292,15,2400
ecp,d83e711e978231810569d531e27ee679,pedestrian,19.84,B,0.1286,0.0112,675,59,5247
ecp,d83e711e978231810569d531e27ee679,pedestrian,11.56,A,0.224,0.0076,853,29,3808
ecp,d83e711e978231810569d531e27ee679,pedestrian,23.2,B,0.0456,0.0041,121,11,2652
ecp,d83e711e978231810569d531e27ee679,bicycle,30.09,C,0.076,0.0023,1614,49,21245
ecp,d83e711e978231810569d531e27ee679,bicycle,13.75,A,0.3254,0.0055,4182,71,12852
ecp,d83e711e978231810569d531e27ee679,pedestrian,18.3,B,0.1296,0.01,415,32,3201
ecp,d83e711e978231810569d531e27ee679,pedestrian,18.6,B,0.0657,0.0141,154,33,2343
ecp,d83e711e978231810569d531e27ee679,pedestrian,32.06,C,0.0461,0.0045,102,10,2211
ecp,d83e711e978231810569d531e27ee679,pedestrian,31.8,C,0.0578,0.0095,104,17,1798
ecp,d83e711e978231810569d531e27ee679,bicycle,26.81,B,0.0741,0.0033,338,15,4560
ecp,d83e711e978231810569d531e27ee679,pedestrian,14.99,A,0.2153,0.0167,1302,101,6048
ecp,d83e711e978231810569d531e27ee679,trailer,34.43,C,0.0024,0.0004,657,107,270222
ecp,5b45223aae0b9a5765425d5b8b6057fd,pedestrian,16.62,B,0.1525,0.0225,305,45,2000
ecp,5b45223aae0b9a5765425d5b8b6057fd,pedestrian,18.46,B,0.0257,0.0048,27,5,1050
ecp,5b45223aae0b9a5765425d5b8b6057fd,pedestrian,20.85,B,0.0689,0.0072,239,25,3468
ecp,5b45223aae0b9a5765425d5b8b6057fd,pedestrian,21.01,B,0.1352,0.0106,497,39,3675
ecp,5b45223aae0b9a5765425d5b8b6057fd,pedestrian,18.13,B,0.1672,0.0114,482,33,2883
ecp,5b45223aae0b9a5765425d5b8b6057fd,pedestrian,12.74,A,0.3407,0.0256,1395,105,4095
ecp,5b45223aae0b9a5765425d5b8b6057fd,pedestrian,12.35,A,0.5262,0.0315,2189,131,4160
ecp,5b45223aae0b9a5765425d5b8b6057fd,pedestrian,19.58,B,0.0558,0.006,74,8,1326
ecp,5b45223aae0b9a5765425d5b8b6057fd,pedestrian,19.53,B,0.0751,0.0147,82,16,1092
ecp,5b45223aae0b9a5765425d5b8b6057fd,pedestrian,6.18,A,0.2938,0.018,376,23,1280
ecp,5b45223aae0b9a5765425d5b8b6057fd,pedestrian,4.43,A,0.4753,0.0276,2173,126,4572
ecp,5b45223aae0b9a5765425d5b8b6057fd,pedestrian,5.04,A,0.4741,0.0353,1999,149,4216
ecp,5b45223aae0b9a5765425d5b8b6057fd,pedestrian,5.38,A,0.6603,0.0286,4554,197,6897
ecp,5b45223aae0b9a5765425d5b8b6057fd,pedestrian,15.09,B,0.1059,0.0146,269,37,2541
ecp,5b45223aae0b9a5765425d5b8b6057fd,pedestrian,15.1,B,0.368,0.0185,1928,97,5239
ecp,5b45223aae0b9a5765425d5b8b6057fd,motorcycle,22.74,B,0.1088,0.0043,1659,65,15250
ecp,5b45223aae0b9a5765425d5b8b6057fd,pedestrian,16.3,B,0.2219,0.0196,963,85,4340
ecp,5b45223aae0b9a5765425d5b8b6057fd,pedestrian,15.57,B,0.3586,0.0273,1486,113,4144
ecp,5b45223aae0b9a5765425d5b8b6057fd,pedestrian,16.0,B,0.3203,0.0217,663,45,2070
ecp,5b45223aae0b9a5765425d5b8b6057fd,motorcycle,23.89,B,0.1155,0.0061,1372,73,11880
ecp,5b45223aae0b9a5765425d5b8b6057fd,motorcycle,24.62,B,0.1158,0.0032,1358,37,11732
ecp,5b45223aae0b9a5765425d5b8b6057fd,bicycle,9.77,A,0.5087,0.0097,7050,134,13860
ecp,5b45223aae0b9a5765425d5b8b6057fd,pedestrian,6.03,A,0.7082,0.0327,3594,166,5075
ecp,5b45223aae0b9a5765425d5b8b6057fd,pedestrian,10.37,A,0.5988,0.0348,964,56,1610
ecp,5b45223aae0b9a5765425d5b8b6057fd,pedestrian,10.8,A,0.2622,0.0288,838,92,3196
ecp,5b45223aae0b9a5765425d5b8b6057fd,pedestrian,9.69,A,0.338,0.0291,1082,93,3201
ecp,5b45223aae0b9a5765425d5b8b6057fd,pedestrian,18.27,B,0.0182,0.0021,60,7,3296
ecp,5b45223aae0b9a5765425d5b8b6057fd,pedestrian,6.72,A,0.5376,0.0284,3200,169,5952
ecp,5b45223aae0b9a5765425d5b8b6057fd,pedestrian,18.14,B,0.0784,0.0133,206,35,2628
ecp,5b45223aae0b9a5765425d5b8b6057fd,bicycle,7.9,A,0.6964,0.0139,10179,203,14616
ecp,5b45223aae0b9a5765425d5b8b6057fd,pedestrian,13.34,A,0.0585,0.0022,131,5,2240
ecp,5b45223aae0b9a5765425d5b8b6057fd,pedestrian,13.71,A,0.2455,0.0153,433,27,1764
ecp,5b45223aae0b9a5765425d5b8b6057fd,pedestrian,31.49,C,0.0282,0.0062,41,9,1452
ecp,5b45223aae0b9a5765425d5b8b6057fd,bicycle,24.24,B,0.0675,0.0018,305,8,4520
ecp,5b45223aae0b9a5765425d5b8b6057fd,pedestrian,16.64,B,0.1024,0.0132,456,59,4455
ecp,5b45223aae0b9a5765425d5b8b6057fd,bicycle,12.71,A,0.4504,0.0075,5405,90,12000
ecp,5b45223aae0b9a5765425d5b8b6057fd,motorcycle,26.08,B,0.0915,0.0066,634,46,6930
ecp,5b45223aae0b9a5765425d5b8b6057fd,pedestrian,37.09,C,0.056,0.0037,255,17,4556
ecp,5b45223aae0b9a5765425d5b8b6057fd,pedestrian,30.25,C,0.0298,0.0072,70,17,2346
ecp,5b45223aae0b9a5765425d5b8b6057fd,trailer,32.04,C,0.0021,0.0007,570,174,265563
ecp,57fd5261eb4cacd5b8744ed2dbe4d862,bicycle,24.73,B,0.1024,0.004,996,39,9730
ecp,57fd5261eb4cacd5b8744ed2dbe4d862,pedestrian,16.28,B,0.0759,0.0041,150,8,1975
ecp,57fd5261eb4cacd5b8744ed2dbe4d862,pedestrian,17.98,B,0.058,0.0084,104,15,1794
ecp,57fd5261eb4cacd5b8744ed2dbe4d862,pedestrian,18.97,B,0.0852,0.0085,249,25,2924
ecp,57fd5261eb4cacd5b8744ed2dbe4d862,pedestrian,18.88,B,0.1645,0.0095,727,42,4420
ecp,57fd5261eb4cacd5b8744ed2dbe4d862,pedestrian,17.73,B,0.0704,0.0083,178,21,2528
ecp,57fd5261eb4cacd5b8744ed2dbe4d862,pedestrian,10.68,A,0.247,0.0297,657,79,2660
ecp,57fd5261eb4cacd5b8744ed2dbe4d862,pedestrian,10.74,A,0.3808,0.0301,987,78,2592
ecp,57fd5261eb4cacd5b8744ed2dbe4d862,pedestrian,18.33,B,0.0404,0.0049,41,5,1014
ecp,57fd5261eb4cacd5b8744ed2dbe4d862,pedestrian,18.51,B,0.0246,0.0138,16,9,650
ecp,57fd5261eb4cacd5b8744ed2dbe4d862,pedestrian,8.53,A,0.5911,0.036,1346,82,2277
ecp,57fd5261eb4cacd5b8744ed2dbe4d862,pedestrian,6.69,A,0.6126,0.0424,2184,151,3565
ecp,57fd5261eb4cacd5b8744ed2dbe4d862,motorcycle,15.92,B,0.2726,0.0107,3707,146,13600
ecp,57fd5261eb4cacd5b8744ed2dbe4d862,pedestrian,9.54,A,0.4081,0.026,1614,103,3955
ecp,57fd5261eb4cacd5b8744ed2dbe4d862,pedestrian,9.1,A,0.6074,0.0156,5838,150,9612
ecp,57fd5261eb4cacd5b8744ed2dbe4d862,pedestrian,30.46,C,0.0408,0.0066,154,25,3776
ecp,57fd5261eb4cacd5b8744ed2dbe4d862,pedestrian,9.72,A,0.0987,0.0036,193,7,1955
ecp,57fd5261eb4cacd5b8744ed2dbe4d862,motorcycle,17.3,B,0.2351,0.0091,3547,137,15090
ecp,57fd5261eb4cacd5b8744ed2dbe4d862,motorcycle,18.03,B,0.2009,0.0056,2994,83,14906
ecp,57fd5261eb4cacd5b8744ed2dbe4d862,bicycle,10.68,A,0.4921,0.0132,6425,172,13055
ecp,57fd5261eb4cacd5b8744ed2dbe4d862,pedestrian,9.68,A,0.5466,0.0178,4388,143,8028
ecp,57fd5261eb4cacd5b8744ed2dbe4d862,bicycle,21.01,B,0.1439,0.0027,4438,82,30835
ecp,57fd5261eb4cacd5b8744ed2dbe4d862,pedestrian,6.48,A,0.6937,0.0261,3909,147,5635
ecp,57fd5261eb4cacd5b8744ed2dbe4d862,pedestrian,6.52,A,0.7461,0.0211,5479,155,7344
ecp,57fd5261eb4cacd5b8744ed2dbe4d862,pedestrian,26.61,B,0.0831,0.0097,351,41,4224
ecp,57fd5261eb4cacd5b8744ed2dbe4d862,bicycle,18.57,B,0.079,0.0044,362,20,4580
ecp,57fd5261eb4cacd5b8744ed2dbe4d862,pedestrian,18.61,B,0.1337,0.012,622,56,4653
ecp,57fd5261eb4cacd5b8744ed2dbe4d862,motorcycle,19.6,B,0.153,0.0102,1387,92,9064
ecp,57fd5261eb4cacd5b8744ed2dbe4d862,pedestrian,33.17,C,0.0474,0.0045,219,21,4624
ecp,57fd5261eb4cacd5b8744ed2dbe4d862,bicycle,11.37,A,0.4829,0.0097,3729,75,7722
ecp,57fd5261eb4cacd5b8744ed2dbe4d862,pedestrian,19.15,B,0.0441,0.0038,198,17,4488
ecp,57fd5261eb4cacd5b8744ed2dbe4d862,pedestrian,14.95,A,0.3853,0.0207,1788,96,4640
ecp,57fd5261eb4cacd5b8744ed2dbe4d862,pedestrian,14.77,A,0.4274,0.0339,630,50,1474
ecp,57fd5261eb4cacd5b8744ed2dbe4d862,pedestrian,29.58,B,0.0671,0.0105,102,16,1519
ecp,57fd5261eb4cacd5b8744ed2dbe4d862,pedestrian,29.2,B,0.0691,0.0122,130,23,1881
ecp,57fd5261eb4cacd5b8744ed2dbe4d862,pedestrian,28.77,B,0.0354,0.0032,121,11,3420
ecp,57fd5261eb4cacd5b8744ed2dbe4d862,pedestrian,29.7,B,0.0547,0.0049,123,11,2250
ecp,57fd5261eb4cacd5b8744ed2dbe4d862,pedestrian,36.15,C,0.0544,0.003,256,14,4704
ecp,57fd5261eb4cacd5b8744ed2dbe4d862,pedestrian,24.51,B,0.1545,0.0063,1152,47,7456
ecp,57fd5261eb4cacd5b8744ed2dbe4d862,motorcycle,21.1,B,0.1476,0.0075,750,38,5082
ecp,57fd5261eb4cacd5b8744ed2dbe4d862,motorcycle,22.94,B,0.1526,0.0063,1904,78,12480
ecp,57fd5261eb4cacd5b8744ed2dbe4d862,motorcycle,23.88,B,0.1188,0.0046,1585,62,13340
ecp,57fd5261eb4cacd5b8744ed2dbe4d862,motorcycle,25.0,B,0.0611,0.0026,631,27,10320
ecp,57fd5261eb4cacd5b8744ed2dbe4d862,motorcycle,26.01,B,0.0321,0.0012,453,17,14112
ecp,57fd5261eb4cacd5b8744ed2dbe4d862,motorcycle,27.26,B,0.0539,0.0019,349,12,6480
ecp,57fd5261eb4cacd5b8744ed2dbe4d862,car,21.87,B,0.0625,0.0019,5209,156,83288
ecp,57fd5261eb4cacd5b8744ed2dbe4d862,pedestrian,18.51,B,0.0227,0.0081,14,5,616
ecp,57fd5261eb4cacd5b8744ed2dbe4d862,trailer,27.15,B,0.008,0.0007,2317,208,288920
