dataset,sample_token,category,gt_regime,gt_range_m,pred_range_m,range_delta_m,spatial_delta_m,gt_bev_area,pred_bev_area,bev_area_ratio,n_total_gt,n_free_gt,n_total_pred,n_free_pred,absolute_diff,relative_excess
ecp,e30ec07f3273d002b3f93bc39aaa75e4,bicycle,A,11.12,10.87,0.25,0.26,0.362,1.388,3.83,2320,1427,18348,11296,9869,6.915907498248073
ecp,e30ec07f3273d002b3f93bc39aaa75e4,bicycle,B,18.48,18.13,0.35,0.39,0.134,0.754,5.61,1008,175,9900,2397,2222,12.697142857142858
ecp,e30ec07f3273d002b3f93bc39aaa75e4,car,A,14.32,14.53,0.21,0.46,5.849,7.491,1.28,67889,11153,101932,8549,-2604,-0.23347978122478258
ecp,e30ec07f3273d002b3f93bc39aaa75e4,car,B,24.67,24.39,0.28,0.6,6.117,7.112,1.16,68516,1709,102492,70,-1639,-0.9590403744880047
ecp,e30ec07f3273d002b3f93bc39aaa75e4,car,B,18.68,18.16,0.52,0.6,6.142,5.608,0.91,68796,3606,71744,26,-3580,-0.992789794786467
ecp,e30ec07f3273d002b3f93bc39aaa75e4,pedestrian,B,17.67,17.7,0.03,0.03,0.129,0.271,2.11,1855,370,3564,632,262,0.7081081081081081
ecp,e30ec07f3273d002b3f93bc39aaa75e4,pedestrian,B,15.93,15.96,0.03,0.06,0.188,0.237,1.26,2550,607,3102,452,-155,-0.2553542009884679
ecp,e30ec07f3273d002b3f93bc39aaa75e4,pedestrian,B,18.05,18.09,0.04,0.06,0.162,0.213,1.31,2205,445,2805,412,-33,-0.07415730337078652
ecp,e30ec07f3273d002b3f93bc39aaa75e4,pedestrian,A,10.77,10.78,0.01,0.11,0.203,0.273,1.34,2592,1468,3488,1999,531,0.361716621253406
ecp,e30ec07f3273d002b3f93bc39aaa75e4,pedestrian,B,26.24,26.37,0.13,0.13,0.403,0.201,0.5,4860,443,2640,166,-277,-0.6252821670428894
ecp,9a2b2317e196f7464aa89424b95bf245,bicycle,A,9.57,9.55,0.03,0.03,0.211,1.097,5.2,1653,913,14892,8778,7865,8.614457831325302
ecp,9a2b2317e196f7464aa89424b95bf245,bicycle,A,12.31,12.48,0.17,0.36,0.366,1.682,4.59,2584,1464,16750,3461,1997,1.364071038251366
ecp,9a2b2317e196f7464aa89424b95bf245,bicycle,A,3.79,4.29,0.5,0.77,0.67,2.22,3.31,5607,3829,34671,19168,15339,4.00600679028467
ecp,9a2b2317e196f7464aa89424b95bf245,car,B,21.66,21.51,0.15,0.18,5.716,5.814,1.02,66294,2300,76758,2595,295,0.1282608695652174
ecp,9a2b2317e196f7464aa89424b95bf245,car,A,6.15,6.28,0.13,0.31,5.341,8.598,1.61,61944,16990,123768,24938,7948,0.4678045909358446
ecp,9a2b2317e196f7464aa89424b95bf245,car,B,16.22,16.0,0.22,0.38,5.507,6.924,1.26,63800,5934,88320,7335,1401,0.23609706774519718
ecp,9a2b2317e196f7464aa89424b95bf245,pedestrian,B,24.76,24.76,0.0,0.07,0.219,0.367,1.67,3096,300,4896,519,219,0.73
ecp,9a2b2317e196f7464aa89424b95bf245,pedestrian,B,20.32,20.21,0.1,0.11,0.378,0.252,0.67,4736,774,3234,514,-260,-0.3359173126614987
ecp,9a2b2317e196f7464aa89424b95bf245,pedestrian,A,12.53,12.41,0.13,0.13,0.132,0.251,1.89,1166,423,3434,1235,812,1.9196217494089836
ecp,9a2b2317e196f7464aa89424b95bf245,pedestrian,A,6.82,6.72,0.1,0.14,0.259,0.42,1.62,3502,2261,5544,3031,770,0.34055727554179566
ecp,9a2b2317e196f7464aa89424b95bf245,pedestrian,B,21.48,21.47,0.01,0.26,0.207,0.481,2.32,2214,322,5238,795,473,1.468944099378882
ecp,fa61074dc2801efc68c2b47d6bb30a3f,bicycle,A,4.5,4.95,0.45,0.45,0.29,0.973,3.36,2124,1122,8901,3161,2039,1.8172905525846703
ecp,fa61074dc2801efc68c2b47d6bb30a3f,bicycle,A,3.26,4.19,0.92,0.99,0.46,3.95,8.58,4026,1735,72680,22976,21241,12.24265129682997
ecp,fa61074dc2801efc68c2b47d6bb30a3f,car,A,8.01,8.06,0.05,0.06,6.188,6.38,1.03,71862,17907,81664,16064,-1843,-0.10292064555760318
ecp,fa61074dc2801efc68c2b47d6bb30a3f,car,A,13.34,13.58,0.24,0.34,6.171,8.242,1.34,73890,12282,105408,12502,220,0.017912392118547466
ecp,fa61074dc2801efc68c2b47d6bb30a3f,car,B,25.04,25.33,0.29,0.38,5.693,7.48,1.31,68340,3122,99792,3828,706,0.22613709160794362
ecp,fa61074dc2801efc68c2b47d6bb30a3f,car,A,3.05,6.27,3.22,3.59,5.692,41.249,7.25,66033,18699,1385916,191090,172391,9.21926306219584
ecp,fa61074dc2801efc68c2b47d6bb30a3f,pedestrian,A,5.88,5.87,0.01,0.04,0.258,0.274,1.06,3535,2093,3597,2194,101,0.0482560917343526
ecp,fa61074dc2801efc68c2b47d6bb30a3f,pedestrian,A,13.41,13.46,0.05,0.05,0.296,0.34,1.15,4248,1801,4624,1704,-97,-0.05385896724042199
ecp,fa61074dc2801efc68c2b47d6bb30a3f,pedestrian,B,24.39,24.44,0.05,0.08,0.312,0.197,0.63,4356,496,2765,223,-273,-0.5504032258064516
ecp,fa61074dc2801efc68c2b47d6bb30a3f,pedestrian,B,25.9,26.01,0.11,0.13,0.156,0.237,1.52,2135,186,3040,150,-36,-0.1935483870967742
ecp,fa61074dc2801efc68c2b47d6bb30a3f,pedestrian,B,25.45,25.59,0.15,0.15,0.182,0.265,1.46,2380,238,3465,208,-30,-0.12605042016806722
ecp,fa61074dc2801efc68c2b47d6bb30a3f,pedestrian,A,14.3,14.47,0.17,0.17,0.35,0.247,0.71,4653,1764,3234,688,-1076,-0.6099773242630385
ecp,fa61074dc2801efc68c2b47d6bb30a3f,pedestrian,A,13.05,13.21,0.15,0.26,0.348,0.456,1.31,3220,1403,4224,1135,-268,-0.1910192444761226
ecp,0a3d83e1bc3f4d1a3bc7ec7a1373b9b7,car,B,17.7,17.63,0.08,0.16,5.887,6.667,1.13,68237,7701,85408,10280,2579,0.33489157252304896
ecp,0a3d83e1bc3f4d1a3bc7ec7a1373b9b7,car,A,6.27,5.92,0.35,0.5,6.909,7.326,1.06,82140,23464,99620,26749,3285,0.1400017047391749
ecp,0a3d83e1bc3f4d1a3bc7ec7a1373b9b7,car,B,22.8,23.36,0.57,0.6,5.204,4.839,0.93,58296,1229,58140,1371,142,0.11554109031733116
ecp,0a3d83e1bc3f4d1a3bc7ec7a1373b9b7,car,A,2.63,6.28,3.65,3.71,6.077,9.486,1.56,75361,24160,144210,1159,-23001,-0.9520281456953642
ecp,0a3d83e1bc3f4d1a3bc7ec7a1373b9b7,pedestrian,B,20.45,20.42,0.03,0.03,0.172,0.198,1.15,2448,363,2541,304,-59,-0.162534435261708
ecp,0a3d83e1bc3f4d1a3bc7ec7a1373b9b7,pedestrian,A,9.44,9.48,0.05,0.05,0.337,0.26,0.77,4416,2702,3400,1573,-1129,-0.41783863804589194
ecp,0a3d83e1bc3f4d1a3bc7ec7a1373b9b7,pedestrian,A,14.99,14.94,0.05,0.05,0.182,0.328,1.81,2368,661,4257,1031,370,0.5597579425113465
ecp,0a3d83e1bc3f4d1a3bc7ec7a1373b9b7,pedestrian,B,20.65,20.68,0.03,0.06,0.149,0.254,1.71,2100,336,3300,406,70,0.20833333333333334
ecp,0a3d83e1bc3f4d1a3bc7ec7a1373b9b7,pedestrian,B,21.68,21.6,0.08,0.08,0.146,0.307,2.1,2196,297,4026,472,175,0.5892255892255892
ecp,0a3d83e1bc3f4d1a3bc7ec7a1373b9b7,pedestrian,A,3.71,3.54,0.16,0.16,0.308,0.285,0.93,4182,2089,3990,2098,9,0.00430828147438966
ecp,0a3d83e1bc3f4d1a3bc7ec7a1373b9b7,pedestrian,A,5.97,6.02,0.05,0.2,0.483,0.456,0.94,4290,2618,3910,2024,-594,-0.226890756302521
ecp,3fd5fd50dd271baf041aac7e8ae632c3,bicycle,B,16.76,16.96,0.2,0.28,1.083,1.741,1.61,9936,3062,16728,5045,1983,0.6476159372958851
ecp,3fd5fd50dd271baf041aac7e8ae632c3,car,A,11.34,10.89,0.46,0.46,6.404,6.455,1.01,81920,15080,80011,15175,95,0.0062997347480106105
ecp,3fd5fd50dd271baf041aac7e8ae632c3,car,A,6.92,8.18,1.26,1.35,6.487,15.378,2.37,80321,19509,301399,43728,24219,1.2414270336767645
ecp,3fd5fd50dd271baf041aac7e8ae632c3,pedestrian,B,23.56,23.58,0.02,0.02,0.302,0.267,0.89,4148,351,3672,310,-41,-0.1168091168091168
ecp,3fd5fd50dd271baf041aac7e8ae632c3,pedestrian,A,14.53,14.58,0.05,0.07,0.2,0.218,1.09,2988,431,2838,343,-88,-0.20417633410672853
ecp,3fd5fd50dd271baf041aac7e8ae632c3,pedestrian,B,23.65,23.57,0.08,0.08,0.307,0.349,1.13,4059,465,4576,522,57,0.12258064516129032
ecp,3fd5fd50dd271baf041aac7e8ae632c3,pedestrian,A,13.45,13.49,0.04,0.09,0.26,0.219,0.84,3708,701,2904,418,-283,-0.4037089871611983
ecp,3fd5fd50dd271baf041aac7e8ae632c3,pedestrian,B,22.48,22.37,0.11,0.12,0.424,0.382,0.9,5985,696,5236,590,-106,-0.15229885057471265
ecp,3fd5fd50dd271baf041aac7e8ae632c3,pedestrian,B,21.52,21.4,0.12,0.12,0.248,0.262,1.05,3430,324,3348,351,27,0.08333333333333333
ecp,3fd5fd50dd271baf041aac7e8ae632c3,pedestrian,B,22.55,22.48,0.07,0.12,0.496,0.262,0.53,6965,624,3360,221,-403,-0.6458333333333334
ecp,3fd5fd50dd271baf041aac7e8ae632c3,pedestrian,B,29.04,28.89,0.15,0.16,0.078,0.199,2.56,990,27,2370,154,127,4.703703703703703
ecp,3fd5fd50dd271baf041aac7e8ae632c3,pedestrian,B,29.34,28.38,0.96,0.99,0.156,0.141,0.91,1860,99,1792,114,15,0.15151515151515152
ecp,c2df9a1b7fd0679b9d1c434e410fe6c5,bicycle,B,21.7,21.59,0.11,0.12,0.481,2.203,4.58,3880,662,23679,4681,4019,6.070996978851964
ecp,c2df9a1b7fd0679b9d1c434e410fe6c5,bicycle,A,8.07,7.59,0.48,0.58,1.4,1.112,0.79,12880,9101,12069,9490,389,0.04274255576310296
ecp,c2df9a1b7fd0679b9d1c434e410fe6c5,bicycle,A,9.35,9.97,0.62,0.64,0.796,2.335,2.93,7512,4997,26208,14945,9948,1.9907944766860115
ecp,c2df9a1b7fd0679b9d1c434e410fe6c5,bicycle,A,10.22,8.94,1.28,1.68,1.216,1.298,1.07,10714,3000,19203,11674,8674,2.8913333333333333
ecp,c2df9a1b7fd0679b9d1c434e410fe6c5,car,B,29.59,29.42,0.17,0.18,6.33,4.334,0.68,71064,734,48580,1650,916,1.2479564032697548
ecp,c2df9a1b7fd0679b9d1c434e410fe6c5,car,A,4.34,8.47,4.13,4.17,6.795,110.223,16.22,87104,19378,4628715,405973,386595,19.950201259159872
ecp,c2df9a1b7fd0679b9d1c434e410fe6c5,pedestrian,A,12.84,12.83,0.01,0.02,0.284,0.299,1.05,4410,2467,4114,1998,-469,-0.19010944466963925
ecp,c2df9a1b7fd0679b9d1c434e410fe6c5,pedestrian,A,14.04,14.08,0.04,0.04,0.1,0.247,2.48,1320,174,3162,280,106,0.6091954022988506
ecp,c2df9a1b7fd0679b9d1c434e410fe6c5,pedestrian,A,12.31,12.37,0.06,0.07,0.204,0.281,1.38,2652,1098,3565,1019,-79,-0.07194899817850638
ecp,c2df9a1b7fd0679b9d1c434e410fe6c5,pedestrian,A,13.06,12.99,0.07,0.08,0.224,0.194,0.86,3060,1212,2508,1173,-39,-0.03217821782178218
ecp,c2df9a1b7fd0679b9d1c434e410fe6c5,pedestrian,B,19.85,19.86,0.01,0.09,0.072,0.247,3.41,792,43,2871,158,115,2.6744186046511627
ecp,c2df9a1b7fd0679b9d1c434e410fe6c5,pedestrian,B,29.29,29.39,0.09,0.1,0.125,0.263,2.11,1870,96,3604,143,47,0.4895833333333333
ecp,c2df9a1b7fd0679b9d1c434e410fe6c5,pedestrian,B,23.59,23.7,0.11,0.14,0.232,0.287,1.24,2992,297,3564,173,-124,-0.4175084175084175
ecp,c2df9a1b7fd0679b9d1c434e410fe6c5,pedestrian,B,16.43,16.6,0.17,0.17,0.393,0.259,0.66,5616,1846,3535,683,-1163,-0.6300108342361863
ecp,c2df9a1b7fd0679b9d1c434e410fe6c5,pedestrian,A,14.48,14.64,0.17,0.18,0.217,0.374,1.72,3096,1220,5202,1423,203,0.16639344262295083
ecp,c2df9a1b7fd0679b9d1c434e410fe6c5,pedestrian,B,23.67,23.85,0.18,0.22,0.14,0.306,2.19,1650,179,3872,192,13,0.07262569832402235
ecp,c2df9a1b7fd0679b9d1c434e410fe6c5,pedestrian,A,14.39,13.13,1.26,2.74,0.159,0.324,2.04,2046,409,4352,1592,1183,2.8924205378973107
ecp,03085f1d3f50ce3eda14caab85e41eee,bicycle,A,11.13,11.31,0.17,0.19,0.294,1.709,5.81,2250,851,16392,7548,6697,7.869565217391305
ecp,03085f1d3f50ce3eda14caab85e41eee,bicycle,A,14.9,15.27,0.37,0.48,0.501,1.554,3.1,3366,1126,16198,5029,3903,3.4662522202486676
ecp,03085f1d3f50ce3eda14caab85e41eee,bicycle,A,5.03,5.92,0.89,0.92,0.319,6.898,21.6,2580,1387,136367,51900,50513,36.41888968997837
ecp,03085f1d3f50ce3eda14caab85e41eee,bicycle,A,2.84,4.33,1.49,1.59,0.751,9.112,12.13,7296,2331,193079,48299,45968,19.72029172029172
ecp,03085f1d3f50ce3eda14caab85e41eee,car,B,22.44,22.59,0.15,0.24,6.964,7.282,1.05,83520,2951,99076,3890,939,0.3181972212809217
ecp,03085f1d3f50ce3eda14caab85e41eee,pedestrian,A,6.24,6.23,0.02,0.02,0.149,0.209,1.4,1815,1007,2904,1825,818,0.8123138033763655
ecp,03085f1d3f50ce3eda14caab85e41eee,pedestrian,A,6.24,6.23,0.0,0.03,0.183,0.382,2.09,2482,1776,5148,3833,2057,1.1582207207207207
ecp,03085f1d3f50ce3eda14caab85e41eee,pedestrian,A,4.13,4.1,0.03,0.03,0.248,0.475,1.92,3332,1844,6720,4223,2379,1.2901301518438177
ecp,03085f1d3f50ce3eda14caab85e41eee,pedestrian,B,18.82,18.86,0.04,0.04,0.255,0.274,1.08,3744,456,3520,306,-150,-0.32894736842105265
ecp,03085f1d3f50ce3eda14caab85e41eee,pedestrian,B,21.23,21.27,0.05,0.05,0.223,0.314,1.41,3026,360,4000,457,97,0.26944444444444443
ecp,03085f1d3f50ce3eda14caab85e41eee,pedestrian,A,4.82,4.81,0.01,0.06,0.267,0.252,0.94,3745,2785,3675,2706,-79,-0.02836624775583483
ecp,03085f1d3f50ce3eda14caab85e41eee,pedestrian,B,28.03,28.09,0.06,0.06,0.264,0.312,1.18,3232,277,4182,325,48,0.17328519855595667
ecp,03085f1d3f50ce3eda14caab85e41eee,pedestrian,B,16.6,16.65,0.05,0.07,0.16,0.395,2.46,2079,548,5148,1327,779,1.4215328467153285
ecp,03085f1d3f50ce3eda14caab85e41eee,pedestrian,A,6.53,6.59,0.06,0.08,0.247,0.308,1.25,3366,1600,4305,2146,546,0.34125
ecp,03085f1d3f50ce3eda14caab85e41eee,pedestrian,B,20.08,20.19,0.1,0.1,0.33,0.343,1.04,3904,849,4192,676,-173,-0.2037691401648999
ecp,03085f1d3f50ce3eda14caab85e41eee,pedestrian,A,5.7,5.59,0.11,0.11,0.229,0.287,1.25,3230,1753,3534,2202,449,0.25613234455219624
ecp,03085f1d3f50ce3eda14caab85e41eee,pedestrian,B,27.86,27.97,0.11,0.12,0.195,0.47,2.41,2618,209,6580,441,232,1.1100478468899522
ecp,03085f1d3f50ce3eda14caab85e41eee,pedestrian,B,16.54,16.68,0.15,0.15,0.144,0.419,2.91,1980,508,5644,1176,668,1.31496062992126
ecp,03085f1d3f50ce3eda14caab85e41eee,pedestrian,A,5.16,5.05,0.11,0.17,0.159,0.254,1.6,1980,1258,3232,1237,-21,-0.016693163751987282
ecp,03085f1d3f50ce3eda14caab85e41eee,pedestrian,A,11.62,11.8,0.18,0.19,0.429,0.283,0.66,6364,3561,3876,1274,-2287,-0.6422353271552934
ecp,03085f1d3f50ce3eda14caab85e41eee,pedestrian,B,18.69,18.93,0.24,0.28,0.168,0.339,2.02,1860,455,4320,568,113,0.24835164835164836
ecp,03085f1d3f50ce3eda14caab85e41eee,pedestrian,A,3.69,4.88,1.19,1.41,0.254,0.319,1.26,3584,2346,4352,2477,131,0.05583972719522592
ecp,03e001ab374631dd46fb04d23958d74b,bicycle,A,8.6,8.52,0.08,0.11,0.738,1.589,2.15,6854,4212,16484,9239,5027,1.1934947768281101
ecp,03e001ab374631dd46fb04d23958d74b,bicycle,A,9.42,9.65,0.24,0.4,0.759,2.598,3.42,6969,3212,29092,12324,9112,2.8368617683686175
ecp,03e001ab374631dd46fb04d23958d74b,bicycle,A,5.19,6.12,0.93,0.96,0.732,2.7,3.69,5256,4633,31291,15471,10838,2.3393049859702137
ecp,03e001ab374631dd46fb04d23958d74b,bicycle,A,5.07,6.97,1.9,1.94,0.636,4.317,6.78,6350,4320,69200,4912,592,0.13703703703703704
ecp,03e001ab374631dd46fb04d23958d74b,car,B,15.75,16.05,0.3,0.52,6.628,9.37,1.41,79500,6705,142272,5717,-988,-0.14735272184936615
ecp,03e001ab374631dd46fb04d23958d74b,car,B,25.27,24.56,0.71,0.81,6.61,7.691,1.16,76705,1631,110736,678,-953,-0.5843041079092581
ecp,03e001ab374631dd46fb04d23958d74b,pedestrian,A,8.33,8.34,0.01,0.05,0.219,0.38,1.73,2940,1653,5250,3139,1486,0.8989715668481548
ecp,03e001ab374631dd46fb04d23958d74b,pedestrian,A,8.22,8.17,0.05,0.05,0.161,0.268,1.67,2176,1470,3638,2517,1047,0.7122448979591837
ecp,03e001ab374631dd46fb04d23958d74b,pedestrian,A,4.58,4.5,0.08,0.09,0.167,0.39,2.34,2077,1210,5495,4029,2819,2.3297520661157023
ecp,03e001ab374631dd46fb04d23958d74b,pedestrian,A,11.19,11.33,0.14,0.14,0.439,0.363,0.83,5600,3281,4719,1794,-1487,-0.4532154830844255
ecp,03e001ab374631dd46fb04d23958d74b,pedestrian,A,14.25,14.39,0.14,0.17,0.22,0.344,1.57,3045,487,4620,604,117,0.2402464065708419
ecp,03e001ab374631dd46fb04d23958d74b,pedestrian,A,12.59,12.76,0.18,0.18,0.228,0.288,1.26,3185,1249,3712,979,-270,-0.21617293835068055
ecp,03e001ab374631dd46fb04d23958d74b,pedestrian,A,14.11,14.28,0.17,0.18,0.278,0.238,0.85,3584,1208,2940,498,-710,-0.5877483443708609
ecp,03e001ab374631dd46fb04d23958d74b,pedestrian,A,7.17,7.43,0.27,0.28,0.337,0.359,1.06,4420,2773,5005,2301,-472,-0.1702127659574468
ecp,c0de9f17c7a0e13aead147f599211274,bicycle,B,20.09,19.87,0.22,0.22,0.751,1.158,1.54,4816,975,10672,1921,946,0.9702564102564103
ecp,c0de9f17c7a0e13aead147f599211274,bicycle,A,4.36,4.48,0.12,0.5,0.846,3.051,3.61,8112,5886,40194,24716,18830,3.199116547740401
ecp,c0de9f17c7a0e13aead147f599211274,bicycle,A,13.1,12.61,0.49,0.54,0.471,1.937,4.11,3024,1592,20254,5965,4373,2.746859296482412
ecp,c0de9f17c7a0e13aead147f599211274,bicycle,A,4.21,4.46,0.25,1.7,0.639,7.552,11.82,5865,3455,138920,42713,39258,11.362662807525325
ecp,c0de9f17c7a0e13aead147f599211274,bicycle,A,3.48,6.18,2.71,2.76,0.548,16.539,30.19,4620,2954,516048,104574,101620,34.400812457684495
ecp,c0de9f17c7a0e13aead147f599211274,car,A,13.65,13.59,0.06,0.07,5.932,5.591,0.94,66444,6778,69254,6201,-577,-0.08512835644732959
ecp,c0de9f17c7a0e13aead147f599211274,car,A,8.44,8.31,0.13,0.14,6.193,6.171,1.0,74400,17140,78976,17722,582,0.03395565927654609
ecp,c0de9f17c7a0e13aead147f599211274,car,B,17.86,17.83,0.03,0.17,6.445,5.588,0.87,74762,4488,69161,4830,342,0.07620320855614973
ecp,c0de9f17c7a0e13aead147f599211274,car,B,27.37,26.83,0.54,0.54,6.359,5.685,0.89,76260,1137,70494,599,-538,-0.4731750219876869
ecp,c0de9f17c7a0e13aead147f599211274,pedestrian,A,9.54,9.53,0.02,0.02,0.266,0.236,0.89,3710,1960,3135,1428,-532,-0.2714285714285714
ecp,c0de9f17c7a0e13aead147f599211274,pedestrian,A,9.09,9.06,0.02,0.03,0.519,0.442,0.85,7280,4562,6018,3238,-1324,-0.290223586146427
ecp,c0de9f17c7a0e13aead147f599211274,pedestrian,A,6.0,6.03,0.03,0.04,0.466,0.259,0.56,6545,4633,3536,2070,-2563,-0.55320526656594
ecp,c0de9f17c7a0e13aead147f599211274,pedestrian,A,3.54,3.65,0.11,0.15,0.326,0.289,0.89,4585,2064,3944,1411,-653,-0.31637596899224807
ecp,93142fff67950636d7295865ee95eb80,bicycle,A,12.49,12.63,0.13,0.2,0.721,1.7,2.36,6006,3605,17628,5830,2225,0.6171983356449375
ecp,93142fff67950636d7295865ee95eb80,bicycle,A,5.73,5.93,0.2,0.2,0.75,1.551,2.07,6877,5796,15550,8378,2582,0.44547964113181504
ecp,93142fff67950636d7295865ee95eb80,car,A,14.92,14.93,0.0,0.35,5.453,7.693,1.41,63249,5761,107695,2493,-3268,-0.5672626280159695
ecp,93142fff67950636d7295865ee95eb80,car,B,19.45,18.65,0.81,0.86,6.31,6.204,0.98,78089,4288,86835,1174,-3114,-0.7262126865671642
ecp,93142fff67950636d7295865ee95eb80,car,A,10.02,10.44,0.41,2.37,6.094,30.356,4.98,70586,12694,850080,112194,99500,7.838348826217111
ecp,93142fff67950636d7295865ee95eb80,car,A,2.52,6.72,4.19,4.26,6.822,13.684,2.01,87040,25497,301180,6762,-18735,-0.7347923285092364
ecp,93142fff67950636d7295865ee95eb80,pedestrian,B,27.42,27.51,0.09,0.09,0.156,0.219,1.4,1891,102,2958,115,13,0.12745098039215685
ecp,93142fff67950636d7295865ee95eb80,pedestrian,A,5.16,5.3,0.14,0.14,0.42,0.414,0.99,5880,3957,5775,3466,-491,-0.12408390194591863
ecp,93142fff67950636d7295865ee95eb80,pedestrian,B,27.12,27.23,0.11,0.14,0.097,0.365,3.76,858,57,4851,349,292,5.12280701754386
ecp,93142fff67950636d7295865ee95eb80,pedestrian,B,26.56,26.71,0.15,0.18,0.157,0.238,1.52,1953,151,3230,236,85,0.5629139072847682
ecp,93142fff67950636d7295865ee95eb80,pedestrian,B,26.95,27.12,0.18,0.18,0.205,0.204,0.99,2706,239,2870,170,-69,-0.28870292887029286
ecp,93142fff67950636d7295865ee95eb80,pedestrian,B,26.77,27.0,0.22,0.23,0.364,0.297,0.82,5148,562,4248,279,-283,-0.50355871886121
ecp,93142fff67950636d7295865ee95eb80,pedestrian,A,5.48,5.69,0.21,0.23,0.344,0.504,1.47,4140,2621,6464,2665,44,0.016787485692483783
ecp,451a8d1bdc7556807ec82d807f516acf,bicycle,A,4.85,4.9,0.05,0.16,0.65,1.701,2.62,5610,4666,17025,7519,2853,0.6114444920702957
ecp,451a8d1bdc7556807ec82d807f516acf,car,B,16.63,16.51,0.13,0.32,5.18,4.98,0.96,55971,4915,63264,945,-3970,-0.8077314343845371
ecp,451a8d1bdc7556807ec82d807f516acf,car,A,11.48,11.28,0.2,0.44,6.275,6.876,1.1,75270,11304,93534,8625,-2679,-0.23699575371549894
ecp,451a8d1bdc7556807ec82d807f516acf,car,A,7.08,6.62,0.46,0.54,6.321,6.944,1.1,73312,17275,91641,19508,2233,0.12926193921852389
ecp,451a8d1bdc7556807ec82d807f516acf,car,A,3.16,7.58,4.42,4.73,7.145,96.283,13.48,85650,21861,3812688,217548,195687,8.951420337587484
ecp,451a8d1bdc7556807ec82d807f516acf,pedestrian,B,19.39,19.42,0.03,0.06,0.196,0.218,1.11,2686,378,2871,303,-75,-0.1984126984126984
ecp,451a8d1bdc7556807ec82d807f516acf,pedestrian,B,18.98,19.07,0.09,0.11,0.236,0.278,1.18,3230,658,3774,478,-180,-0.2735562310030395
ecp,451a8d1bdc7556807ec82d807f516acf,pedestrian,B,21.55,21.7,0.15,0.15,0.364,0.265,0.73,5439,601,3498,273,-328,-0.5457570715474209
ecp,451a8d1bdc7556807ec82d807f516acf,pedestrian,B,19.15,19.17,0.02,0.15,0.158,0.314,1.98,1449,225,3750,648,423,1.88
ecp,451a8d1bdc7556807ec82d807f516acf,pedestrian,B,18.5,18.69,0.19,0.19,0.173,0.213,1.23,2277,514,2772,277,-237,-0.46108949416342415
ecp,fd7c9c67dfc490de7bbbf55d19a4c17e,pedestrian,B,16.82,16.86,0.04,0.08,0.3,0.201,0.67,4160,586,2788,392,-194,-0.3310580204778157
ecp,fd7c9c67dfc490de7bbbf55d19a4c17e,pedestrian,A,10.93,10.93,0.0,0.08,0.148,0.269,1.82,1440,657,3210,1762,1105,1.6818873668188736
ecp,fd7c9c67dfc490de7bbbf55d19a4c17e,pedestrian,B,29.67,29.7,0.03,0.08,0.235,0.203,0.86,3290,154,2754,69,-85,-0.551948051948052
ecp,fd7c9c67dfc490de7bbbf55d19a4c17e,pedestrian,A,11.2,11.29,0.09,0.09,0.198,0.26,1.31,2686,1211,3360,1052,-159,-0.13129644921552436
ecp,fd7c9c67dfc490de7bbbf55d19a4c17e,pedestrian,A,10.95,11.0,0.05,0.09,0.28,0.334,1.19,3570,1660,4191,1302,-358,-0.21566265060240963
ecp,fd7c9c67dfc490de7bbbf55d19a4c17e,pedestrian,B,16.62,16.7,0.08,0.1,0.449,0.257,0.57,6623,1907,3468,655,-1252,-0.6565285789197692
ecp,fd7c9c67dfc490de7bbbf55d19a4c17e,pedestrian,B,28.95,29.03,0.07,0.15,0.286,0.251,0.88,4104,273,3333,194,-79,-0.2893772893772894
ecp,fd7c9c67dfc490de7bbbf55d19a4c17e,pedestrian,A,11.45,11.61,0.15,0.19,0.263,0.208,0.79,3848,724,2856,508,-216,-0.2983425414364641
ecp,fd7c9c67dfc490de7bbbf55d19a4c17e,pedestrian,A,10.32,10.57,0.24,0.24,0.23,0.231,1.01,3036,1883,3036,944,-939,-0.498672331386086
ecp,fd7c9c67dfc490de7bbbf55d19a4c17e,car,B,25.05,25.16,0.11,0.21,6.204,6.847,1.1,69440,2851,76608,2980,129,0.045247281655559454
ecp,fd7c9c67dfc490de7bbbf55d19a4c17e,car,A,8.86,7.83,1.03,1.08,6.631,4.976,0.75,71604,17584,59730,13787,-3797,-0.21593494085532303
ecp,fd7c9c67dfc490de7bbbf55d19a4c17e,car,A,3.92,7.86,3.94,4.16,6.648,104.576,15.73,88473,29202,4978484,335376,306174,10.48469282925827
ecp,67c800bf8a99f303719733be99b7799e,pedestrian,A,8.91,8.92,0.01,0.07,0.253,0.364,1.44,3234,2200,4672,2898,698,0.31727272727272726
ecp,67c800bf8a99f303719733be99b7799e,pedestrian,B,22.21,22.28,0.07,0.08,0.214,0.217,1.01,2838,240,2992,178,-62,-0.25833333333333336
ecp,67c800bf8a99f303719733be99b7799e,pedestrian,B,19.69,19.79,0.1,0.14,0.226,0.245,1.09,2848,481,3332,440,-41,-0.08523908523908524
ecp,67c800bf8a99f303719733be99b7799e,pedestrian,B,21.9,22.04,0.14,0.16,0.431,0.242,0.56,5408,776,3201,261,-515,-0.663659793814433
ecp,67c800bf8a99f303719733be99b7799e,pedestrian,B,19.62,19.82,0.21,0.24,0.386,0.344,0.89,4928,1118,4247,634,-484,-0.4329159212880143
ecp,67c800bf8a99f303719733be99b7799e,pedestrian,A,5.21,6.52,1.31,1.32,0.488,0.571,1.17,6045,4246,7656,3359,-887,-0.2089024964672633
ecp,5b71e8ddee3c167f0e3634807875dcd8,pedestrian,B,19.32,19.41,0.09,0.09,0.529,0.428,0.81,7350,1529,5868,1024,-505,-0.3302812295618051
ecp,5b71e8ddee3c167f0e3634807875dcd8,pedestrian,B,25.94,26.04,0.09,0.09,0.309,0.215,0.69,4095,322,2890,191,-131,-0.40683229813664595
ecp,5b71e8ddee3c167f0e3634807875dcd8,pedestrian,A,14.32,14.42,0.1,0.1,0.23,0.236,1.03,3196,1205,2976,723,-482,-0.4
ecp,5b71e8ddee3c167f0e3634807875dcd8,pedestrian,A,14.38,14.52,0.15,0.15,0.369,0.264,0.72,4672,1791,3392,957,-834,-0.4656616415410385
ecp,5b71e8ddee3c167f0e3634807875dcd8,pedestrian,B,17.16,17.32,0.16,0.16,0.431,0.327,0.76,5208,1145,4323,659,-486,-0.4244541484716157
ecp,5b71e8ddee3c167f0e3634807875dcd8,pedestrian,B,17.37,17.56,0.19,0.22,0.319,0.296,0.93,4522,910,3861,526,-384,-0.421978021978022
ecp,5b71e8ddee3c167f0e3634807875dcd8,pedestrian,B,25.94,26.16,0.21,0.23,0.627,0.44,0.7,8432,890,6195,438,-452,-0.5078651685393258
ecp,5b71e8ddee3c167f0e3634807875dcd8,bicycle,B,22.34,22.26,0.08,0.13,0.539,1.346,2.5,4515,461,10700,778,317,0.6876355748373102
ecp,d9954041eb03adaae8c25205f3713ad6,pedestrian,B,16.02,16.05,0.03,0.04,0.294,0.247,0.84,3816,1109,3094,680,-429,-0.38683498647430115
ecp,d9954041eb03adaae8c25205f3713ad6,pedestrian,A,10.1,10.15,0.05,0.06,0.473,0.286,0.61,6435,4160,3762,1773,-2387,-0.5737980769230769
ecp,d9954041eb03adaae8c25205f3713ad6,pedestrian,A,10.26,10.32,0.06,0.07,0.449,0.278,0.62,5642,3450,3472,1664,-1786,-0.5176811594202898
ecp,d9954041eb03adaae8c25205f3713ad6,pedestrian,B,22.19,22.27,0.08,0.08,0.376,0.338,0.9,5032,777,4624,544,-233,-0.29987129987129985
ecp,d9954041eb03adaae8c25205f3713ad6,pedestrian,B,29.6,29.62,0.02,0.1,0.335,0.266,0.79,4725,204,3498,167,-37,-0.18137254901960784
ecp,d9954041eb03adaae8c25205f3713ad6,pedestrian,A,13.44,13.56,0.12,0.12,0.422,0.287,0.68,5376,2154,3861,992,-1162,-0.5394614670380687
ecp,d9954041eb03adaae8c25205f3713ad6,pedestrian,B,22.04,22.14,0.1,0.14,0.627,0.47,0.75,9000,1406,6545,906,-500,-0.35561877667140823
ecp,d9954041eb03adaae8c25205f3713ad6,pedestrian,A,13.65,13.8,0.15,0.17,0.461,0.323,0.7,6290,2478,4224,1172,-1306,-0.5270379338175948
ecp,e04ae9ceabce9d08af2df36c9432a811,pedestrian,B,22.39,22.38,0.01,0.04,0.354,0.273,0.77,4970,431,3740,354,-77,-0.17865429234338748
ecp,e04ae9ceabce9d08af2df36c9432a811,pedestrian,B,23.35,23.31,0.03,0.04,0.411,0.256,0.62,5024,542,3333,327,-215,-0.3966789667896679
ecp,e04ae9ceabce9d08af2df36c9432a811,pedestrian,B,19.82,19.82,0.0,0.05,0.299,0.198,0.66,4284,730,2607,411,-319,-0.436986301369863
ecp,e04ae9ceabce9d08af2df36c9432a811,pedestrian,B,23.14,23.09,0.05,0.05,0.47,0.389,0.83,6528,621,5270,533,-88,-0.14170692431561996
ecp,e04ae9ceabce9d08af2df36c9432a811,pedestrian,A,11.03,11.13,0.1,0.1,0.34,0.229,0.67,4488,2500,3162,1166,-1334,-0.5336
ecp,e04ae9ceabce9d08af2df36c9432a811,pedestrian,A,11.23,11.32,0.09,0.1,0.282,0.264,0.94,3876,2039,3536,1328,-711,-0.34870034330554195
ecp,e04ae9ceabce9d08af2df36c9432a811,pedestrian,A,13.9,14.02,0.13,0.13,0.433,0.22,0.51,6480,3199,3026,859,-2340,-0.7314785870584558
ecp,e04ae9ceabce9d08af2df36c9432a811,pedestrian,A,7.13,7.27,0.14,0.15,0.463,0.4,0.86,5824,4085,5610,3398,-687,-0.16817625458996327
ecp,e04ae9ceabce9d08af2df36c9432a811,pedestrian,B,21.56,21.7,0.15,0.15,0.085,0.17,2.01,1292,39,2376,14,-25,-0.6410256410256411
ecp,e04ae9ceabce9d08af2df36c9432a811,pedestrian,A,7.39,7.57,0.18,0.18,0.254,0.392,1.54,3069,2062,5214,2828,766,0.37148399612027155
ecp,e04ae9ceabce9d08af2df36c9432a811,pedestrian,B,29.12,33.32,4.21,4.24,0.168,0.322,1.92,2345,100,4096,205,105,1.05
ecp,e04ae9ceabce9d08af2df36c9432a811,bicycle,B,26.38,26.26,0.12,0.28,0.483,1.244,2.58,4074,407,10000,778,371,0.9115479115479116
ecp,e04ae9ceabce9d08af2df36c9432a811,bicycle,A,11.27,11.6,0.33,0.5,0.81,0.434,0.54,6804,1048,3325,1482,434,0.41412213740458015
ecp,4f5872f933570badd754f23005b51455,pedestrian,B,16.98,16.98,0.01,0.01,0.339,0.4,1.18,4420,1050,5313,1271,221,0.21047619047619048
ecp,4f5872f933570badd754f23005b51455,pedestrian,B,18.54,18.57,0.03,0.03,0.259,0.233,0.9,3960,503,3128,309,-194,-0.3856858846918489
ecp,4f5872f933570badd754f23005b51455,pedestrian,B,25.97,25.94,0.04,0.04,0.376,0.266,0.71,5145,435,3780,324,-111,-0.25517241379310346
ecp,4f5872f933570badd754f23005b51455,pedestrian,B,16.76,16.73,0.04,0.04,0.443,0.319,0.72,6264,1436,4191,1038,-398,-0.27715877437325903
ecp,4f5872f933570badd754f23005b51455,pedestrian,B,15.83,15.87,0.04,0.04,0.316,0.289,0.91,4536,1186,3944,977,-209,-0.17622259696458684
ecp,4f5872f933570badd754f23005b51455,pedestrian,A,9.67,9.75,0.07,0.08,0.42,0.296,0.7,5712,3503,3960,1857,-1646,-0.46988295746502995
ecp,4f5872f933570badd754f23005b51455,pedestrian,A,9.5,9.64,0.14,0.14,0.289,0.243,0.84,3861,2513,3102,1280,-1233,-0.49064862713887786
ecp,4f5872f933570badd754f23005b51455,pedestrian,A,12.89,13.06,0.17,0.17,0.664,0.356,0.54,9380,5016,5005,1680,-3336,-0.6650717703349283
ecp,4f5872f933570badd754f23005b51455,bicycle,B,22.13,21.81,0.32,0.33,0.41,1.251,3.05,3192,406,10500,1841,1435,3.5344827586206895
ecp,4f5872f933570badd754f23005b51455,bicycle,A,6.75,5.44,1.3,1.35,0.626,0.54,0.86,6225,2393,7062,4399,2006,0.8382783117425825
ecp,a7544bef0606514fb76bde8552ac2d9b,bicycle,A,4.39,4.56,0.17,0.19,0.578,2.314,4.0,5775,4158,39689,20075,15917,3.828042328042328
ecp,a7544bef0606514fb76bde8552ac2d9b,bicycle,A,4.36,4.77,0.41,0.51,0.604,0.954,1.58,4820,2450,14023,3904,1454,0.593469387755102
ecp,a7544bef0606514fb76bde8552ac2d9b,pedestrian,B,23.43,23.44,0.01,0.04,0.246,0.29,1.18,3366,407,3944,464,57,0.14004914004914004
ecp,a7544bef0606514fb76bde8552ac2d9b,pedestrian,A,11.05,11.04,0.01,0.05,0.312,0.347,1.11,4752,1885,4794,2157,272,0.1442970822281167
ecp,a7544bef0606514fb76bde8552ac2d9b,pedestrian,B,23.29,23.24,0.04,0.07,0.414,0.306,0.74,4920,593,3904,525,-68,-0.11467116357504216
ecp,a7544bef0606514fb76bde8552ac2d9b,pedestrian,A,11.21,11.28,0.07,0.07,0.375,0.351,0.94,4818,2980,4653,2422,-558,-0.187248322147651
ecp,a7544bef0606514fb76bde8552ac2d9b,pedestrian,B,17.35,17.43,0.08,0.08,0.465,0.319,0.68,6882,1911,4191,985,-926,-0.4845630559916274
ecp,a7544bef0606514fb76bde8552ac2d9b,pedestrian,B,23.29,23.2,0.09,0.1,0.253,0.22,0.87,3366,352,2958,378,26,0.07386363636363637
ecp,a7544bef0606514fb76bde8552ac2d9b,pedestrian,A,9.97,9.86,0.11,0.12,0.413,0.237,0.58,6156,3251,3230,1728,-1523,-0.4684712396185789
ecp,a7544bef0606514fb76bde8552ac2d9b,pedestrian,A,8.54,8.67,0.13,0.13,0.517,0.323,0.62,6864,4447,4386,1049,-3398,-0.7641106363840792
ecp,a7544bef0606514fb76bde8552ac2d9b,pedestrian,A,12.22,12.32,0.1,0.14,0.354,0.31,0.88,4788,1942,4216,977,-965,-0.49691040164778577
ecp,a7544bef0606514fb76bde8552ac2d9b,pedestrian,A,8.51,8.69,0.17,0.18,0.492,0.287,0.58,6600,4441,3795,705,-3736,-0.8412519702769646
ecp,295edbafd5a0690504f1827fc9fa53cd,pedestrian,B,17.42,17.46,0.03,0.04,0.375,0.32,0.85,4650,1312,3968,999,-313,-0.2385670731707317
ecp,295edbafd5a0690504f1827fc9fa53cd,pedestrian,A,7.89,7.9,0.01,0.04,0.566,0.368,0.65,7480,4984,4964,1916,-3068,-0.615569823434992
ecp,295edbafd5a0690504f1827fc9fa53cd,pedestrian,B,17.28,17.26,0.01,0.05,0.278,0.255,0.92,3885,679,3366,608,-71,-0.10456553755522828
ecp,295edbafd5a0690504f1827fc9fa53cd,pedestrian,B,18.18,18.23,0.05,0.06,0.39,0.211,0.54,5425,1022,2940,507,-515,-0.5039138943248532
ecp,295edbafd5a0690504f1827fc9fa53cd,pedestrian,B,25.0,25.01,0.01,0.06,0.129,0.215,1.67,1632,75,2805,150,75,1.0
ecp,295edbafd5a0690504f1827fc9fa53cd,pedestrian,A,11.85,11.92,0.07,0.09,0.408,0.331,0.81,5775,3220,4522,1910,-1310,-0.40683229813664595
ecp,295edbafd5a0690504f1827fc9fa53cd,pedestrian,A,4.85,4.77,0.08,0.1,0.376,0.296,0.79,5256,3596,4046,3120,-476,-0.13236929922135707
ecp,295edbafd5a0690504f1827fc9fa53cd,pedestrian,A,13.56,13.5,0.06,0.1,0.259,0.279,1.08,3710,1035,3630,1201,166,0.1603864734299517
ecp,295edbafd5a0690504f1827fc9fa53cd,pedestrian,A,5.99,5.93,0.05,0.1,0.374,0.333,0.89,5180,3421,4389,2692,-729,-0.2130955860859398
ecp,295edbafd5a0690504f1827fc9fa53cd,pedestrian,B,17.51,17.55,0.03,0.11,0.17,0.201,1.18,2244,363,2560,491,128,0.3526170798898072
ecp,295edbafd5a0690504f1827fc9fa53cd,pedestrian,B,16.92,17.02,0.1,0.12,0.514,0.308,0.6,7140,1894,4270,760,-1134,-0.5987328405491025
ecp,295edbafd5a0690504f1827fc9fa53cd,pedestrian,A,6.11,6.15,0.04,0.13,0.489,0.353,0.72,6464,3967,4686,2871,-1096,-0.2762793042601462
ecp,295edbafd5a0690504f1827fc9fa53cd,pedestrian,B,17.6,17.75,0.14,0.16,0.296,0.377,1.27,3894,1167,5134,1131,-36,-0.030848329048843187
ecp,295edbafd5a0690504f1827fc9fa53cd,pedestrian,A,8.04,8.21,0.17,0.19,0.488,0.367,0.75,6045,3882,4851,1162,-2720,-0.7006697578567749
ecp,295edbafd5a0690504f1827fc9fa53cd,bicycle,B,15.49,15.62,0.13,0.14,0.653,1.518,2.33,5481,2102,14544,4301,2199,1.0461465271170314
ecp,22f7ff72ace6fadd5aa2ad7c9f6088bc,bicycle,A,13.26,13.1,0.16,0.32,0.765,2.748,3.59,6864,3059,38465,17468,14409,4.710362863680942
ecp,22f7ff72ace6fadd5aa2ad7c9f6088bc,car,A,13.17,13.0,0.17,0.2,7.319,8.081,1.1,96129,15415,116568,20080,4665,0.3026273110606552
ecp,22f7ff72ace6fadd5aa2ad7c9f6088bc,car,B,21.41,21.4,0.01,0.29,5.134,5.88,1.15,59537,2706,75328,3256,550,0.2032520325203252
ecp,22f7ff72ace6fadd5aa2ad7c9f6088bc,pedestrian,A,12.51,12.51,0.0,0.0,0.468,0.283,0.6,6650,3237,3876,1567,-1670,-0.5159097930182267
ecp,22f7ff72ace6fadd5aa2ad7c9f6088bc,pedestrian,A,12.59,12.61,0.01,0.03,0.397,0.338,0.85,4774,2388,4320,2106,-282,-0.11809045226130653
ecp,22f7ff72ace6fadd5aa2ad7c9f6088bc,pedestrian,A,8.41,8.45,0.03,0.03,0.319,0.266,0.83,4572,3259,3815,2459,-800,-0.245474071801166
ecp,22f7ff72ace6fadd5aa2ad7c9f6088bc,pedestrian,A,8.74,8.71,0.03,0.04,0.489,0.395,0.81,7092,4956,5214,3583,-1373,-0.27703793381759484
ecp,22f7ff72ace6fadd5aa2ad7c9f6088bc,pedestrian,B,18.75,18.79,0.05,0.05,0.514,0.278,0.54,7070,1271,4248,676,-595,-0.46813532651455547
ecp,22f7ff72ace6fadd5aa2ad7c9f6088bc,pedestrian,A,8.19,8.25,0.06,0.06,0.265,0.203,0.77,3392,2097,2706,782,-1315,-0.6270863137815927
ecp,22f7ff72ace6fadd5aa2ad7c9f6088bc,pedestrian,A,7.94,8.03,0.08,0.09,0.308,0.208,0.68,4182,2870,2838,937,-1933,-0.6735191637630662
ecp,22f7ff72ace6fadd5aa2ad7c9f6088bc,pedestrian,B,17.65,17.74,0.08,0.09,0.587,0.284,0.48,8225,2031,3774,703,-1328,-0.653865091088134
ecp,22f7ff72ace6fadd5aa2ad7c9f6088bc,pedestrian,A,11.91,12.07,0.16,0.17,0.513,0.296,0.58,6965,3636,3927,1898,-1738,-0.47799779977997797
ecp,22f7ff72ace6fadd5aa2ad7c9f6088bc,pedestrian,B,17.82,17.91,0.08,0.19,0.258,0.231,0.89,3570,754,3069,661,-93,-0.123342175066313
ecp,9b606a045521d97affccc4a33baf2446,bicycle,A,10.54,11.02,0.48,0.52,0.618,2.793,4.52,5456,2761,33540,7129,4368,1.582035494386092
ecp,9b606a045521d97affccc4a33baf2446,car,A,11.98,11.7,0.28,0.3,7.283,7.966,1.09,96129,16362,117845,27944,11582,0.7078596748563746
ecp,9b606a045521d97affccc4a33baf2446,pedestrian,A,8.08,8.06,0.02,0.03,0.319,0.289,0.91,4224,2833,4080,1405,-1428,-0.5040593010942463
ecp,9b606a045521d97affccc4a33baf2446,pedestrian,A,8.12,8.18,0.06,0.06,0.425,0.556,1.31,5270,3903,7104,1807,-2096,-0.5370228029720727
ecp,9b606a045521d97affccc4a33baf2446,pedestrian,A,8.2,8.21,0.01,0.06,0.378,0.219,0.58,4983,3470,2871,1093,-2377,-0.685014409221902
ecp,9b606a045521d97affccc4a33baf2446,pedestrian,A,9.8,9.78,0.01,0.06,0.249,0.252,1.01,3300,1731,3400,105,-1626,-0.9393414211438474
ecp,9b606a045521d97affccc4a33baf2446,pedestrian,A,12.89,12.85,0.04,0.07,0.592,0.315,0.53,8568,4430,4500,1011,-3419,-0.771783295711061
ecp,9b606a045521d97affccc4a33baf2446,pedestrian,B,15.32,15.4,0.08,0.1,0.402,0.235,0.58,5440,2292,3325,940,-1352,-0.5898778359511344
ecp,9b606a045521d97affccc4a33baf2446,pedestrian,B,17.96,17.93,0.04,0.1,0.239,0.274,1.14,3264,839,3850,938,99,0.11799761620977355
ecp,9b606a045521d97affccc4a33baf2446,pedestrian,B,18.48,18.42,0.06,0.11,0.289,0.221,0.76,3978,690,2958,626,-64,-0.0927536231884058
ecp,9b606a045521d97affccc4a33baf2446,pedestrian,B,18.04,17.95,0.09,0.15,0.573,0.334,0.58,8473,2565,4788,1182,-1383,-0.5391812865497077
ecp,9b606a045521d97affccc4a33baf2446,pedestrian,B,25.8,25.71,0.09,0.25,0.268,0.179,0.67,3564,480,2414,346,-134,-0.2791666666666667
ecp,9b606a045521d97affccc4a33baf2446,pedestrian,A,6.85,9.94,3.09,3.23,0.837,0.526,0.63,11424,8152,6963,4455,-3697,-0.45350834151128555
ecp,9b606a045521d97affccc4a33baf2446,pedestrian,B,15.33,18.08,2.75,3.94,0.141,0.226,1.6,1938,352,3115,684,332,0.9431818181818182
ecp,9b606a045521d97affccc4a33baf2446,pedestrian,A,13.22,13.0,0.22,4.77,0.196,0.337,1.72,2652,362,4655,1767,1405,3.8812154696132595
ecp,9b606a045521d97affccc4a33baf2446,pedestrian,A,8.74,13.08,4.34,4.89,0.517,0.15,0.29,7038,3951,1920,999,-2952,-0.7471526195899773
ecp,e7123641f3e281821a20c2a7bf5978f3,car,B,20.54,20.71,0.16,0.41,4.661,6.486,1.39,48490,1515,88162,726,-789,-0.5207920792079208
ecp,e7123641f3e281821a20c2a7bf5978f3,car,B,15.77,16.32,0.54,0.57,4.675,5.525,1.18,52360,5900,77490,3611,-2289,-0.38796610169491524
ecp,e7123641f3e281821a20c2a7bf5978f3,car,A,7.29,10.65,3.36,3.39,6.787,27.784,4.09,84165,19046,744705,97176,78130,4.102173684763205
ecp,e7123641f3e281821a20c2a7bf5978f3,pedestrian,A,5.41,5.48,0.07,0.1,0.42,0.421,1.0,5511,4072,5445,3886,-186,-0.04567779960707269
ecp,ac25e3e2c8dbadc34a922ebdd84451df,bicycle,B,15.8,15.13,0.67,0.67,0.596,0.975,1.63,5451,1760,7372,2913,1153,0.6551136363636364
ecp,ac25e3e2c8dbadc34a922ebdd84451df,car,A,6.52,9.21,2.7,2.72,5.04,20.228,4.01,56476,15137,449185,112155,97018,6.4093281363546275
ecp,ac25e3e2c8dbadc34a922ebdd84451df,pedestrian,B,28.52,28.58,0.06,0.09,0.278,0.442,1.59,3990,330,5696,446,116,0.3515151515151515
ecp,363306f556720194c5980d5bd166f265,bicycle,A,11.27,11.32,0.06,0.09,1.251,1.544,1.23,17102,9957,17835,10142,185,0.018579893542231597
ecp,363306f556720194c5980d5bd166f265,bicycle,A,12.8,12.93,0.14,0.14,1.238,1.524,1.23,17604,8089,20163,7455,-634,-0.07837804425763382
ecp,363306f556720194c5980d5bd166f265,bicycle,B,29.86,30.01,0.15,0.29,0.86,1.209,1.41,11319,866,10101,556,-310,-0.3579676674364896
ecp,363306f556720194c5980d5bd166f265,car,A,12.61,12.76,0.15,0.2,8.668,11.038,1.27,117878,19214,159192,30834,11620,0.6047673571354221
ecp,363306f556720194c5980d5bd166f265,car,B,24.35,24.67,0.32,0.58,8.836,6.378,0.72,123760,6661,94276,2612,-4049,-0.6078666866836812
ecp,363306f556720194c5980d5bd166f265,pedestrian,B,19.18,19.2,0.02,0.02,0.386,0.425,1.1,5082,1175,5408,1124,-51,-0.04340425531914894
ecp,363306f556720194c5980d5bd166f265,pedestrian,B,16.02,16.03,0.01,0.03,0.223,0.244,1.09,2912,1016,3136,1039,23,0.022637795275590553
ecp,363306f556720194c5980d5bd166f265,pedestrian,B,28.63,28.66,0.03,0.05,0.266,0.267,1.0,3604,262,3710,231,-31,-0.1183206106870229
ecp,363306f556720194c5980d5bd166f265,pedestrian,B,15.64,15.7,0.06,0.07,0.192,0.219,1.14,2128,628,2790,846,218,0.3471337579617834
ecp,363306f556720194c5980d5bd166f265,pedestrian,A,14.31,14.27,0.04,0.08,0.3,0.434,1.45,3808,1588,5882,2509,921,0.5799748110831234
ecp,363306f556720194c5980d5bd166f265,pedestrian,B,28.4,28.36,0.04,0.08,0.162,0.266,1.65,2176,157,3456,256,99,0.6305732484076433
ecp,363306f556720194c5980d5bd166f265,pedestrian,A,7.4,7.4,0.01,0.09,0.503,0.52,1.03,6666,4349,6860,4436,87,0.02000459875833525
ecp,363306f556720194c5980d5bd166f265,pedestrian,B,19.62,19.54,0.08,0.09,0.212,0.274,1.29,2975,679,3630,855,176,0.25920471281296026
ecp,363306f556720194c5980d5bd166f265,pedestrian,B,28.28,28.33,0.05,0.09,0.062,0.22,3.55,792,38,2992,90,52,1.368421052631579
ecp,363306f556720194c5980d5bd166f265,pedestrian,A,8.99,9.05,0.06,0.09,0.263,0.541,2.06,3604,1656,7630,2754,1098,0.6630434782608695
ecp,363306f556720194c5980d5bd166f265,pedestrian,B,23.27,23.19,0.08,0.13,0.223,0.276,1.24,2376,286,2331,308,22,0.07692307692307693
ecp,363306f556720194c5980d5bd166f265,pedestrian,B,25.03,24.99,0.04,0.14,0.667,0.172,0.26,7980,791,2001,162,-629,-0.7951959544879899
ecp,363306f556720194c5980d5bd166f265,pedestrian,A,13.51,13.42,0.1,0.15,0.332,0.323,0.97,3900,1402,4375,2014,612,0.43651925820256776
ecp,363306f556720194c5980d5bd166f265,pedestrian,B,26.45,26.52,0.07,0.15,0.441,0.242,0.55,5950,569,3605,253,-316,-0.5553602811950791
ecp,363306f556720194c5980d5bd166f265,pedestrian,B,25.44,25.6,0.16,0.17,0.309,0.237,0.77,3937,413,3162,240,-173,-0.4188861985472155
ecp,363306f556720194c5980d5bd166f265,pedestrian,B,17.95,17.77,0.19,0.21,0.834,0.254,0.3,10292,2593,3045,537,-2056,-0.7929039722329349
ecp,363306f556720194c5980d5bd166f265,pedestrian,B,27.07,27.22,0.16,0.21,0.303,0.285,0.94,3993,212,3420,120,-92,-0.4339622641509434
ecp,363306f556720194c5980d5bd166f265,pedestrian,B,23.06,22.95,0.11,0.27,0.235,0.287,1.22,2470,478,2760,569,91,0.1903765690376569
ecp,363306f556720194c5980d5bd166f265,pedestrian,B,23.57,23.9,0.33,0.35,0.19,0.349,1.84,1875,7,3525,0,-7,-1.0
ecp,363306f556720194c5980d5bd166f265,pedestrian,B,26.9,26.54,0.36,0.36,0.195,0.21,1.08,2480,122,2856,231,109,0.8934426229508197
ecp,363306f556720194c5980d5bd166f265,pedestrian,B,15.99,15.88,0.1,0.4,1.155,0.337,0.29,16704,6201,4590,1762,-4439,-0.7158522818900177
ecp,363306f556720194c5980d5bd166f265,pedestrian,B,17.28,17.95,0.67,0.7,0.308,0.433,1.41,2706,1025,5676,1200,175,0.17073170731707318
ecp,363306f556720194c5980d5bd166f265,pedestrian,A,12.9,13.38,0.47,1.02,0.17,0.278,1.63,2139,104,3850,1869,1765,16.971153846153847
ecp,363306f556720194c5980d5bd166f265,pedestrian,B,23.14,24.0,0.86,1.78,0.18,0.276,1.53,1420,160,3630,0,-160,-1.0
ecp,363306f556720194c5980d5bd166f265,pedestrian,B,27.83,26.34,1.49,1.79,0.176,0.345,1.97,2170,33,3325,0,-33,-1.0
ecp,363306f556720194c5980d5bd166f265,pedestrian,A,9.2,7.4,1.8,1.82,0.195,0.331,1.7,2640,1172,4522,3494,2322,1.9812286689419796
ecp,363306f556720194c5980d5bd166f265,pedestrian,B,27.56,29.43,1.88,3.4,0.228,0.353,1.55,2912,154,4371,178,24,0.15584415584415584
ecp,363306f556720194c5980d5bd166f265,pedestrian,B,28.05,31.02,2.98,3.64,0.081,0.226,2.79,961,18,3060,195,177,9.833333333333334
ecp,363306f556720194c5980d5bd166f265,pedestrian,B,22.7,18.63,4.08,4.14,0.296,0.169,0.57,3042,341,1474,300,-41,-0.12023460410557185
ecp,363306f556720194c5980d5bd166f265,pedestrian,B,17.99,16.05,1.94,4.17,0.108,0.253,2.34,1540,78,3399,1155,1077,13.807692307692308
ecp,363306f556720194c5980d5bd166f265,pedestrian,A,3.29,6.91,3.62,4.3,0.574,0.377,0.66,7689,4180,5250,3519,-661,-0.15813397129186602
ecp,363306f556720194c5980d5bd166f265,pedestrian,B,19.32,15.71,3.61,4.78,0.258,0.234,0.91,3332,441,2976,952,511,1.1587301587301588
ecp,ba638306bd269a0ba0a87703c2681523,bicycle,B,24.8,24.88,0.08,0.09,1.084,1.26,1.16,14322,1665,13581,1457,-208,-0.12492492492492492
ecp,ba638306bd269a0ba0a87703c2681523,bicycle,B,19.72,19.64,0.08,0.1,1.047,0.828,0.79,14280,2643,8606,1423,-1220,-0.46159667045024594
ecp,ba638306bd269a0ba0a87703c2681523,bicycle,A,6.95,7.21,0.27,0.27,1.285,1.812,1.41,17955,13452,24616,15721,2269,0.16867380315194766
ecp,ba638306bd269a0ba0a87703c2681523,car,A,6.51,6.62,0.11,0.41,8.504,11.001,1.29,115600,31028,171522,17330,-13698,-0.44147221864122727
ecp,ba638306bd269a0ba0a87703c2681523,pedestrian,A,10.54,10.55,0.01,0.01,0.13,0.197,1.51,1458,630,2480,1245,615,0.9761904761904762
ecp,ba638306bd269a0ba0a87703c2681523,pedestrian,B,20.68,20.72,0.04,0.04,0.42,0.263,0.63,5950,1186,3710,604,-582,-0.49072512647554806
ecp,ba638306bd269a0ba0a87703c2681523,pedestrian,B,26.66,26.71,0.05,0.05,0.439,0.27,0.62,6125,460,3597,215,-245,-0.532608695652174
ecp,ba638306bd269a0ba0a87703c2681523,pedestrian,B,19.29,19.31,0.02,0.08,0.321,0.27,0.84,3900,796,3531,629,-167,-0.20979899497487436
ecp,ba638306bd269a0ba0a87703c2681523,pedestrian,B,24.43,24.35,0.07,0.08,0.148,0.323,2.19,2006,132,4454,222,90,0.6818181818181818
ecp,ba638306bd269a0ba0a87703c2681523,pedestrian,B,20.6,20.51,0.1,0.1,0.387,0.346,0.89,5460,986,4726,858,-128,-0.12981744421906694
ecp,ba638306bd269a0ba0a87703c2681523,pedestrian,A,8.17,8.06,0.12,0.12,0.201,0.312,1.55,2054,1150,3844,2624,1474,1.2817391304347827
ecp,ba638306bd269a0ba0a87703c2681523,pedestrian,B,29.66,29.77,0.11,0.13,0.267,0.292,1.09,3424,284,3861,257,-27,-0.09507042253521127
ecp,ba638306bd269a0ba0a87703c2681523,pedestrian,B,21.17,21.3,0.13,0.13,0.223,0.151,0.68,2880,327,1920,169,-158,-0.4831804281345566
ecp,ba638306bd269a0ba0a87703c2681523,pedestrian,A,12.16,12.02,0.14,0.14,0.307,0.255,0.83,3936,1932,3296,1730,-202,-0.10455486542443064
ecp,ba638306bd269a0ba0a87703c2681523,pedestrian,B,21.86,21.73,0.13,0.14,0.435,0.23,0.53,5874,967,2970,481,-486,-0.5025853154084798
ecp,ba638306bd269a0ba0a87703c2681523,pedestrian,B,21.2,21.08,0.12,0.14,0.151,0.207,1.37,2048,228,2822,286,58,0.2543859649122807
ecp,ba638306bd269a0ba0a87703c2681523,pedestrian,A,10.42,10.34,0.09,0.16,0.429,0.31,0.72,5504,3076,4092,2433,-643,-0.20903771131339402
ecp,ba638306bd269a0ba0a87703c2681523,pedestrian,A,8.51,8.39,0.12,0.17,0.277,0.334,1.21,3552,1730,4455,2811,1081,0.6248554913294798
ecp,ba638306bd269a0ba0a87703c2681523,pedestrian,B,22.1,22.0,0.1,0.17,0.085,0.224,2.62,1085,175,3094,305,130,0.7428571428571429
ecp,ba638306bd269a0ba0a87703c2681523,pedestrian,A,8.72,8.55,0.18,0.2,0.33,0.317,0.96,3960,2004,4125,2620,616,0.3073852295409182
ecp,ba638306bd269a0ba0a87703c2681523,pedestrian,B,20.55,20.42,0.13,0.2,0.479,0.345,0.72,6303,1278,4830,880,-398,-0.3114241001564945
ecp,ba638306bd269a0ba0a87703c2681523,pedestrian,B,18.06,17.97,0.09,0.22,0.273,0.258,0.95,3888,1020,3468,1057,37,0.03627450980392157
ecp,ba638306bd269a0ba0a87703c2681523,pedestrian,A,14.21,14.03,0.18,0.25,0.299,0.326,1.09,4165,1812,4590,2336,524,0.2891832229580574
ecp,ba638306bd269a0ba0a87703c2681523,pedestrian,A,13.37,13.19,0.18,0.42,0.986,0.287,0.29,11850,3178,3828,854,-2324,-0.7312775330396476
ecp,ba638306bd269a0ba0a87703c2681523,pedestrian,A,11.32,10.91,0.41,0.51,1.281,0.362,0.28,18944,11015,4896,3166,-7849,-0.7125737630503859
ecp,ba638306bd269a0ba0a87703c2681523,pedestrian,B,24.19,24.4,0.21,0.83,0.255,0.184,0.72,3366,295,2555,75,-220,-0.7457627118644068
ecp,ba638306bd269a0ba0a87703c2681523,pedestrian,B,19.89,17.83,2.05,2.12,0.128,0.279,2.18,686,136,2760,1027,891,6.551470588235294
ecp,ba638306bd269a0ba0a87703c2681523,pedestrian,A,12.75,13.97,1.22,2.51,0.154,0.32,2.07,1440,562,2794,1543,981,1.7455516014234875
ecp,eab4f6731fc8298ef78f7c3a57c67392,bicycle,B,17.3,17.41,0.11,0.11,1.231,1.065,0.86,17115,4834,12586,2882,-1952,-0.4038063715349607
ecp,eab4f6731fc8298ef78f7c3a57c67392,bicycle,B,19.52,19.66,0.14,0.15,0.918,1.739,1.89,12375,2632,21576,4148,1516,0.5759878419452887
ecp,eab4f6731fc8298ef78f7c3a57c67392,bicycle,A,14.48,14.29,0.19,0.19,1.152,1.201,1.04,15246,6629,14370,7054,425,0.06411223412279378
ecp,eab4f6731fc8298ef78f7c3a57c67392,bicycle,A,3.78,3.42,0.36,0.38,1.265,1.843,1.46,18685,11210,27306,16842,5632,0.5024085637823372
ecp,eab4f6731fc8298ef78f7c3a57c67392,bicycle,B,25.49,27.99,2.5,2.83,0.974,0.818,0.84,12870,1325,13200,766,-559,-0.4218867924528302
ecp,eab4f6731fc8298ef78f7c3a57c67392,car,B,15.25,14.23,1.02,1.34,9.694,6.895,0.71,158957,27910,102083,24341,-3569,-0.12787531350770334
ecp,eab4f6731fc8298ef78f7c3a57c67392,pedestrian,B,16.94,16.93,0.01,0.02,0.428,0.265,0.62,5882,1116,3424,616,-500,-0.44802867383512546
ecp,eab4f6731fc8298ef78f7c3a57c67392,pedestrian,A,14.76,14.77,0.01,0.02,0.407,0.351,0.86,5508,2208,4480,1713,-495,-0.22418478260869565
ecp,eab4f6731fc8298ef78f7c3a57c67392,pedestrian,A,14.95,14.93,0.02,0.02,0.389,0.293,0.75,5115,1975,3828,1521,-454,-0.22987341772151898
ecp,eab4f6731fc8298ef78f7c3a57c67392,pedestrian,B,21.88,21.89,0.01,0.02,0.435,0.404,0.93,5504,896,5508,917,21,0.0234375
ecp,eab4f6731fc8298ef78f7c3a57c67392,pedestrian,A,8.67,8.65,0.02,0.03,0.25,0.225,0.9,3710,1203,2848,937,-266,-0.22111388196176227
ecp,eab4f6731fc8298ef78f7c3a57c67392,pedestrian,B,17.77,17.76,0.01,0.04,0.256,0.248,0.97,3640,811,3300,602,-209,-0.25770653514180025
ecp,eab4f6731fc8298ef78f7c3a57c67392,pedestrian,A,14.74,14.7,0.04,0.06,0.331,0.343,1.04,4810,2013,4692,2065,52,0.025832091405861898
ecp,eab4f6731fc8298ef78f7c3a57c67392,pedestrian,B,26.58,26.5,0.08,0.08,0.333,0.358,1.07,4620,303,5040,400,97,0.3201320132013201
ecp,eab4f6731fc8298ef78f7c3a57c67392,pedestrian,B,17.36,17.28,0.08,0.08,0.188,0.201,1.07,2516,501,2656,515,14,0.027944111776447105
ecp,eab4f6731fc8298ef78f7c3a57c67392,pedestrian,B,17.99,17.97,0.01,0.08,0.255,0.183,0.72,3468,433,2414,388,-45,-0.10392609699769054
ecp,eab4f6731fc8298ef78f7c3a57c67392,pedestrian,B,26.48,26.39,0.09,0.09,0.242,0.293,1.21,3104,246,3540,345,99,0.4024390243902439
ecp,eab4f6731fc8298ef78f7c3a57c67392,pedestrian,B,15.33,15.33,0.0,0.1,0.253,0.28,1.11,3000,934,3584,1182,248,0.26552462526766596
ecp,eab4f6731fc8298ef78f7c3a57c67392,pedestrian,A,8.44,8.4,0.05,0.11,0.328,0.196,0.6,4655,2208,2387,1237,-971,-0.43976449275362317
ecp,eab4f6731fc8298ef78f7c3a57c67392,pedestrian,B,15.79,15.68,0.11,0.12,0.356,0.267,0.75,4862,1280,2860,568,-712,-0.55625
ecp,eab4f6731fc8298ef78f7c3a57c67392,pedestrian,B,17.49,17.58,0.09,0.12,0.37,0.351,0.95,5328,1361,4900,1138,-223,-0.16385011021307863
ecp,eab4f6731fc8298ef78f7c3a57c67392,pedestrian,B,21.13,21.24,0.11,0.12,0.868,0.41,0.47,12839,2869,5346,793,-2076,-0.7235970721505751
ecp,eab4f6731fc8298ef78f7c3a57c67392,pedestrian,B,18.11,18.08,0.02,0.13,0.086,0.175,2.03,1152,64,2170,98,34,0.53125
ecp,eab4f6731fc8298ef78f7c3a57c67392,pedestrian,A,9.01,8.87,0.13,0.14,0.296,0.258,0.87,4046,1282,2987,1008,-274,-0.21372854914196568
ecp,eab4f6731fc8298ef78f7c3a57c67392,pedestrian,B,17.23,17.18,0.04,0.15,0.14,0.236,1.69,1792,362,3135,981,619,1.7099447513812154
ecp,eab4f6731fc8298ef78f7c3a57c67392,pedestrian,A,10.46,10.41,0.04,0.16,0.199,0.317,1.6,1817,739,4191,2500,1761,2.3829499323410013
ecp,eab4f6731fc8298ef78f7c3a57c67392,pedestrian,A,8.45,8.31,0.14,0.19,0.371,0.29,0.78,4884,2728,3840,2509,-219,-0.08027859237536657
ecp,eab4f6731fc8298ef78f7c3a57c67392,pedestrian,A,8.52,8.45,0.06,0.48,0.126,0.62,4.91,1428,107,7410,22,-85,-0.794392523364486
ecp,065e5ca3a6e58d7e3822e5d7f5a51e04,bicycle,B,21.29,21.2,0.09,0.09,1.121,1.498,1.34,15715,2564,20366,1782,-782,-0.3049921996879875
ecp,065e5ca3a6e58d7e3822e5d7f5a51e04,bicycle,A,13.52,13.34,0.19,0.25,0.832,1.748,2.1,10956,4166,23698,8987,4821,1.157225156024964
ecp,065e5ca3a6e58d7e3822e5d7f5a51e04,bicycle,A,9.74,10.48,0.73,0.75,1.25,2.159,1.73,17465,11400,28479,10494,-906,-0.07947368421052632
ecp,065e5ca3a6e58d7e3822e5d7f5a51e04,bicycle,B,16.81,17.63,0.82,0.82,0.452,1.206,2.67,3580,688,10122,1162,474,0.688953488372093
ecp,065e5ca3a6e58d7e3822e5d7f5a51e04,bicycle,B,24.28,20.31,3.97,4.61,0.895,1.209,1.35,12138,669,15972,2606,1937,2.8953662182361732
ecp,065e5ca3a6e58d7e3822e5d7f5a51e04,car,A,12.69,12.49,0.2,0.28,9.397,10.414,1.11,157836,36901,149976,46213,9312,0.25235088479986995
ecp,065e5ca3a6e58d7e3822e5d7f5a51e04,pedestrian,B,21.73,21.7,0.03,0.04,0.146,0.139,0.95,1920,43,1824,16,-27,-0.627906976744186
ecp,065e5ca3a6e58d7e3822e5d7f5a51e04,pedestrian,A,14.46,14.41,0.05,0.05,0.089,0.2,2.24,1152,99,2788,187,88,0.8888888888888888
ecp,065e5ca3a6e58d7e3822e5d7f5a51e04,pedestrian,A,14.42,14.44,0.02,0.05,0.58,0.315,0.54,7623,3048,4064,894,-2154,-0.7066929133858267
ecp,065e5ca3a6e58d7e3822e5d7f5a51e04,pedestrian,A,13.61,13.6,0.01,0.05,0.105,0.243,2.32,1353,483,3036,629,146,0.3022774327122153
ecp,065e5ca3a6e58d7e3822e5d7f5a51e04,pedestrian,B,21.52,21.47,0.05,0.06,0.292,0.318,1.09,3680,601,3937,412,-189,-0.3144758735440932
ecp,065e5ca3a6e58d7e3822e5d7f5a51e04,pedestrian,A,14.22,14.14,0.09,0.09,0.369,0.287,0.78,5180,1251,3729,602,-649,-0.518784972022382
ecp,065e5ca3a6e58d7e3822e5d7f5a51e04,pedestrian,B,20.68,20.59,0.08,0.09,0.135,0.26,1.93,1944,118,3366,218,100,0.847457627118644
ecp,065e5ca3a6e58d7e3822e5d7f5a51e04,pedestrian,A,13.56,13.59,0.03,0.09,0.196,0.283,1.44,2640,1013,3795,1331,318,0.3139190523198421
ecp,065e5ca3a6e58d7e3822e5d7f5a51e04,pedestrian,B,15.38,15.48,0.11,0.11,0.326,0.319,0.98,4585,1588,4386,913,-675,-0.4250629722921914
ecp,065e5ca3a6e58d7e3822e5d7f5a51e04,pedestrian,A,6.24,6.15,0.08,0.11,0.304,0.295,0.97,4305,2183,4012,2121,-62,-0.028401282638570773
ecp,065e5ca3a6e58d7e3822e5d7f5a51e04,pedestrian,A,6.31,6.34,0.03,0.11,0.409,0.288,0.7,5740,3802,3616,2139,-1663,-0.4374013677012099
ecp,065e5ca3a6e58d7e3822e5d7f5a51e04,pedestrian,B,25.53,25.42,0.11,0.11,0.308,0.261,0.85,4059,350,3328,178,-172,-0.49142857142857144
ecp,065e5ca3a6e58d7e3822e5d7f5a51e04,pedestrian,B,15.92,15.83,0.08,0.11,0.55,0.287,0.52,7700,2714,3944,1478,-1236,-0.45541635961680177
ecp,065e5ca3a6e58d7e3822e5d7f5a51e04,pedestrian,A,9.1,8.98,0.11,0.12,0.416,0.295,0.71,5177,3042,3894,2254,-788,-0.2590401051939514
ecp,065e5ca3a6e58d7e3822e5d7f5a51e04,pedestrian,A,6.43,6.33,0.1,0.12,0.288,0.213,0.74,3978,2053,2805,1584,-469,-0.22844617632732586
ecp,065e5ca3a6e58d7e3822e5d7f5a51e04,pedestrian,A,6.95,6.9,0.04,0.13,0.509,0.379,0.74,6528,3815,4983,2916,-899,-0.23564875491480997
ecp,065e5ca3a6e58d7e3822e5d7f5a51e04,pedestrian,B,15.5,15.57,0.07,0.13,0.178,0.273,1.53,2304,619,3597,544,-75,-0.12116316639741519
ecp,065e5ca3a6e58d7e3822e5d7f5a51e04,pedestrian,B,20.3,20.33,0.04,0.14,0.146,0.299,2.05,2006,135,3872,371,236,1.7481481481481482
ecp,065e5ca3a6e58d7e3822e5d7f5a51e04,pedestrian,B,20.71,20.68,0.03,0.14,0.322,0.299,0.93,4386,144,3720,78,-66,-0.4583333333333333
ecp,065e5ca3a6e58d7e3822e5d7f5a51e04,pedestrian,A,11.67,11.68,0.01,0.16,0.345,0.289,0.84,4140,2120,3680,1267,-853,-0.40235849056603773
ecp,065e5ca3a6e58d7e3822e5d7f5a51e04,pedestrian,A,10.41,10.29,0.12,0.17,0.574,0.357,0.62,5725,3279,3124,1919,-1360,-0.4147605977432144
ecp,065e5ca3a6e58d7e3822e5d7f5a51e04,pedestrian,B,17.6,17.79,0.19,0.19,0.128,0.16,1.25,700,90,1984,222,132,1.4666666666666666
ecp,065e5ca3a6e58d7e3822e5d7f5a51e04,pedestrian,A,11.13,10.95,0.18,0.19,0.366,0.346,0.94,4736,1470,3892,952,-518,-0.3523809523809524
ecp,065e5ca3a6e58d7e3822e5d7f5a51e04,pedestrian,A,9.72,9.52,0.2,0.2,0.503,0.468,0.93,7400,3990,6358,4112,122,0.030576441102756893
ecp,065e5ca3a6e58d7e3822e5d7f5a51e04,pedestrian,A,9.83,9.6,0.24,0.24,0.493,0.251,0.51,6630,4140,3200,2414,-1726,-0.41690821256038646
ecp,065e5ca3a6e58d7e3822e5d7f5a51e04,pedestrian,B,22.09,22.14,0.05,0.26,0.33,0.219,0.66,4488,405,2490,156,-249,-0.6148148148148148
ecp,065e5ca3a6e58d7e3822e5d7f5a51e04,pedestrian,B,16.1,15.98,0.11,0.35,0.696,0.47,0.68,8649,1292,4224,172,-1120,-0.8668730650154799
ecp,065e5ca3a6e58d7e3822e5d7f5a51e04,pedestrian,B,18.28,18.22,0.07,0.39,0.191,0.364,1.9,2233,94,3335,13,-81,-0.8617021276595744
ecp,065e5ca3a6e58d7e3822e5d7f5a51e04,pedestrian,B,16.84,16.74,0.09,0.43,0.291,0.402,1.38,3042,840,3381,987,147,0.175
ecp,065e5ca3a6e58d7e3822e5d7f5a51e04,pedestrian,B,20.36,20.7,0.34,0.76,0.382,0.161,0.42,3496,149,2016,85,-64,-0.42953020134228187
ecp,065e5ca3a6e58d7e3822e5d7f5a51e04,pedestrian,B,16.51,15.88,0.62,0.79,0.435,0.34,0.78,5504,1015,4624,1245,230,0.22660098522167488
ecp,065e5ca3a6e58d7e3822e5d7f5a51e04,pedestrian,B,23.34,23.81,0.47,0.85,0.193,0.355,1.84,2660,328,4512,436,108,0.32926829268292684
ecp,065e5ca3a6e58d7e3822e5d7f5a51e04,pedestrian,A,6.44,8.56,2.12,2.26,0.162,0.209,1.29,2244,1092,2870,386,-706,-0.6465201465201466
ecp,065e5ca3a6e58d7e3822e5d7f5a51e04,pedestrian,B,29.04,30.78,1.74,2.4,0.27,0.172,0.64,3456,124,2244,177,53,0.4274193548387097
ecp,065e5ca3a6e58d7e3822e5d7f5a51e04,pedestrian,A,8.77,6.12,2.65,2.89,0.606,0.316,0.52,8435,4730,4284,3300,-1430,-0.3023255813953488
ecp,065e5ca3a6e58d7e3822e5d7f5a51e04,pedestrian,B,21.03,24.11,3.08,3.42,0.307,0.316,1.03,3968,593,4064,200,-393,-0.6627318718381113
ecp,065e5ca3a6e58d7e3822e5d7f5a51e04,pedestrian,B,29.72,34.35,4.63,4.71,0.249,0.202,0.81,3333,109,2706,73,-36,-0.3302752293577982
ecp,658e904597ff0b7be546243e6dcaf824,bicycle,A,3.11,3.12,0.01,0.09,1.338,0.741,0.55,18224,9718,8850,4027,-5691,-0.585614323934966
ecp,658e904597ff0b7be546243e6dcaf824,bicycle,A,13.39,13.28,0.11,0.13,1.33,1.398,1.05,18620,8117,16240,7480,-637,-0.07847726992731305
ecp,658e904597ff0b7be546243e6dcaf824,bicycle,A,4.73,5.07,0.34,0.35,1.055,2.466,2.34,16458,9166,38532,17053,7887,0.8604625790966616
ecp,658e904597ff0b7be546243e6dcaf824,bicycle,A,13.34,12.85,0.5,0.52,0.483,0.872,1.81,2910,841,5600,2374,1533,1.8228299643281807
ecp,658e904597ff0b7be546243e6dcaf824,car,B,18.31,18.0,0.31,0.33,6.542,8.443,1.29,83680,1669,141876,3845,2176,1.3037747153984423
ecp,658e904597ff0b7be546243e6dcaf824,car,A,10.47,10.15,0.32,0.42,8.724,10.16,1.16,132506,26265,154432,42878,16613,0.6325147534742053
ecp,658e904597ff0b7be546243e6dcaf824,pedestrian,B,15.25,15.26,0.02,0.02,0.221,0.265,1.2,3080,508,3672,550,42,0.08267716535433071
ecp,658e904597ff0b7be546243e6dcaf824,pedestrian,A,12.72,12.69,0.03,0.03,0.207,0.222,1.07,2490,820,2790,980,160,0.1951219512195122
ecp,658e904597ff0b7be546243e6dcaf824,pedestrian,B,15.73,15.7,0.03,0.03,0.25,0.212,0.85,3267,601,2542,323,-278,-0.46256239600665555
ecp,658e904597ff0b7be546243e6dcaf824,pedestrian,A,11.07,11.05,0.03,0.05,0.569,0.589,1.04,7557,4605,7788,4703,98,0.021281216069489683
ecp,658e904597ff0b7be546243e6dcaf824,pedestrian,A,6.53,6.54,0.01,0.05,0.767,0.531,0.69,7675,6004,4899,3466,-2538,-0.4227181878747502
ecp,658e904597ff0b7be546243e6dcaf824,pedestrian,A,10.39,10.36,0.03,0.06,0.725,0.42,0.58,10656,6961,5678,3453,-3508,-0.5039505818129579
ecp,658e904597ff0b7be546243e6dcaf824,pedestrian,A,12.92,12.98,0.06,0.06,0.19,0.255,1.34,2625,1196,3640,1362,166,0.13879598662207357
ecp,658e904597ff0b7be546243e6dcaf824,pedestrian,B,15.12,15.14,0.03,0.06,0.126,0.215,1.71,1750,184,2924,309,125,0.6793478260869565
ecp,658e904597ff0b7be546243e6dcaf824,pedestrian,B,25.77,25.72,0.06,0.07,0.449,0.246,0.55,6697,554,3234,223,-331,-0.5974729241877257
ecp,658e904597ff0b7be546243e6dcaf824,pedestrian,A,12.93,13.01,0.07,0.07,0.534,0.311,0.58,6880,3055,4158,1286,-1769,-0.579050736497545
ecp,658e904597ff0b7be546243e6dcaf824,pedestrian,B,27.44,27.47,0.03,0.07,0.297,0.244,0.82,3840,174,3168,90,-84,-0.4827586206896552
ecp,658e904597ff0b7be546243e6dcaf824,pedestrian,A,10.44,10.44,0.01,0.08,0.213,0.304,1.43,2905,483,4092,610,127,0.2629399585921325
ecp,658e904597ff0b7be546243e6dcaf824,pedestrian,A,10.67,10.67,0.0,0.09,0.226,0.19,0.84,2944,1029,2660,1261,232,0.22546161321671526
ecp,658e904597ff0b7be546243e6dcaf824,pedestrian,B,15.82,15.73,0.09,0.1,0.318,0.308,0.97,4410,1236,4148,1259,23,0.0186084142394822
ecp,658e904597ff0b7be546243e6dcaf824,pedestrian,A,7.15,7.1,0.05,0.1,0.366,0.38,1.04,4998,2586,5168,2314,-272,-0.10518174787316319
ecp,658e904597ff0b7be546243e6dcaf824,pedestrian,A,9.9,9.83,0.06,0.1,0.211,0.246,1.16,2848,1299,3201,1421,122,0.0939183987682833
ecp,658e904597ff0b7be546243e6dcaf824,pedestrian,A,7.89,7.91,0.02,0.1,0.3,0.295,0.98,3751,2248,3894,2179,-69,-0.03069395017793594
ecp,658e904597ff0b7be546243e6dcaf824,pedestrian,A,13.4,13.3,0.1,0.11,0.388,0.412,1.06,5168,2069,5712,2407,338,0.16336394393426776
ecp,658e904597ff0b7be546243e6dcaf824,pedestrian,A,13.27,13.19,0.08,0.11,0.359,0.422,1.18,4752,1883,5544,2345,462,0.24535315985130113
ecp,658e904597ff0b7be546243e6dcaf824,pedestrian,A,4.2,4.19,0.01,0.11,0.356,0.403,1.13,4290,2720,5372,3672,952,0.35
ecp,658e904597ff0b7be546243e6dcaf824,pedestrian,A,12.9,12.9,0.0,0.12,0.277,0.276,0.99,3584,1611,3597,1267,-344,-0.21353196772191185
ecp,658e904597ff0b7be546243e6dcaf824,pedestrian,A,15.0,14.88,0.12,0.13,0.154,0.242,1.58,2257,318,3201,623,305,0.9591194968553459
ecp,658e904597ff0b7be546243e6dcaf824,pedestrian,A,8.37,8.27,0.1,0.13,0.159,0.376,2.37,2048,1175,5168,3443,2268,1.9302127659574468
ecp,658e904597ff0b7be546243e6dcaf824,pedestrian,A,14.33,14.47,0.14,0.14,0.329,0.277,0.84,4680,1465,3808,943,-522,-0.3563139931740614
ecp,658e904597ff0b7be546243e6dcaf824,pedestrian,B,16.38,16.24,0.14,0.16,0.41,0.277,0.68,5412,1480,3597,1014,-466,-0.31486486486486487
ecp,658e904597ff0b7be546243e6dcaf824,pedestrian,A,9.84,9.75,0.09,0.19,0.105,0.261,2.49,1452,906,3360,1674,768,0.847682119205298
ecp,658e904597ff0b7be546243e6dcaf824,pedestrian,B,24.66,24.5,0.15,0.23,0.168,0.21,1.25,2178,247,2924,574,327,1.3238866396761133
ecp,658e904597ff0b7be546243e6dcaf824,pedestrian,A,10.32,9.82,0.5,0.55,0.143,0.134,0.94,1904,663,1782,470,-193,-0.2911010558069382
ecp,658e904597ff0b7be546243e6dcaf824,pedestrian,B,26.25,25.57,0.68,0.96,0.158,0.099,0.63,1386,55,1147,127,72,1.309090909090909
ecp,658e904597ff0b7be546243e6dcaf824,pedestrian,B,29.29,28.73,0.56,2.55,0.355,0.153,0.43,4544,245,1888,30,-215,-0.8775510204081632
ecp,0553dd6bf29a4e335e51a98dceec44e7,bicycle,A,6.71,7.06,0.35,0.35,1.392,2.153,1.55,19495,15568,24911,13244,-2324,-0.14928057553956833
ecp,0553dd6bf29a4e335e51a98dceec44e7,bicycle,A,13.29,12.68,0.6,0.67,1.037,2.605,2.51,13662,7703,36435,16646,8943,1.160976243022199
ecp,0553dd6bf29a4e335e51a98dceec44e7,bicycle,B,28.08,29.09,1.01,1.02,0.419,1.968,4.7,3320,154,18816,324,170,1.103896103896104
ecp,0553dd6bf29a4e335e51a98dceec44e7,bicycle,A,3.36,4.71,1.35,1.88,1.61,8.451,5.25,23364,12692,175812,33042,20350,1.6033722029624962
ecp,0553dd6bf29a4e335e51a98dceec44e7,car,A,9.94,9.69,0.25,0.5,8.953,7.787,0.87,143240,27535,140040,42870,15335,0.5569275467586707
ecp,0553dd6bf29a4e335e51a98dceec44e7,pedestrian,A,12.35,12.37,0.01,0.02,0.285,0.261,0.92,3842,1919,3498,981,-938,-0.4887962480458572
ecp,0553dd6bf29a4e335e51a98dceec44e7,pedestrian,B,20.22,20.23,0.01,0.02,0.191,0.306,1.61,2541,433,3993,504,71,0.16397228637413394
ecp,0553dd6bf29a4e335e51a98dceec44e7,pedestrian,B,26.54,26.55,0.01,0.03,0.422,0.397,0.94,5408,490,5088,394,-96,-0.19591836734693877
ecp,0553dd6bf29a4e335e51a98dceec44e7,pedestrian,A,8.59,8.62,0.03,0.03,0.321,0.495,1.54,4410,2952,6965,1567,-1385,-0.46917344173441733
ecp,0553dd6bf29a4e335e51a98dceec44e7,pedestrian,A,8.49,8.48,0.0,0.04,0.265,0.323,1.22,3672,2312,4420,978,-1334,-0.5769896193771626
ecp,0553dd6bf29a4e335e51a98dceec44e7,pedestrian,A,11.07,11.1,0.03,0.06,0.17,0.199,1.17,2516,260,2765,100,-160,-0.6153846153846154
ecp,0553dd6bf29a4e335e51a98dceec44e7,pedestrian,A,7.65,7.6,0.05,0.06,0.143,0.229,1.6,1856,1199,3036,837,-362,-0.3019182652210175
ecp,0553dd6bf29a4e335e51a98dceec44e7,pedestrian,A,9.79,9.79,0.0,0.06,0.182,0.278,1.53,2190,1172,3663,2022,850,0.7252559726962458
ecp,0553dd6bf29a4e335e51a98dceec44e7,pedestrian,A,7.48,7.49,0.01,0.08,0.485,0.547,1.13,6240,4413,7227,2594,-1819,-0.41219125311579424
ecp,0553dd6bf29a4e335e51a98dceec44e7,pedestrian,A,11.73,11.8,0.07,0.09,0.305,0.269,0.88,4320,2192,3672,725,-1467,-0.6692518248175182
ecp,0553dd6bf29a4e335e51a98dceec44e7,pedestrian,B,20.51,20.42,0.09,0.09,0.313,0.225,0.72,4148,310,2700,136,-174,-0.5612903225806452
ecp,0553dd6bf29a4e335e51a98dceec44e7,pedestrian,B,19.96,20.06,0.11,0.11,0.262,0.293,1.12,2520,478,3451,620,142,0.29707112970711297
ecp,0553dd6bf29a4e335e51a98dceec44e7,pedestrian,A,6.45,6.38,0.07,0.13,0.224,0.331,1.47,2759,1616,4585,1704,88,0.054455445544554455
ecp,0553dd6bf29a4e335e51a98dceec44e7,pedestrian,A,6.49,6.6,0.11,0.13,1.073,0.388,0.36,15799,11578,5270,1826,-9752,-0.8422870962169632
ecp,0553dd6bf29a4e335e51a98dceec44e7,pedestrian,A,10.8,10.67,0.12,0.13,0.237,0.202,0.85,3420,538,2856,29,-509,-0.9460966542750929
ecp,0553dd6bf29a4e335e51a98dceec44e7,pedestrian,A,5.97,5.95,0.02,0.13,0.253,0.248,0.98,3162,2103,3234,1067,-1036,-0.4926295767950547
ecp,0553dd6bf29a4e335e51a98dceec44e7,pedestrian,A,4.9,4.79,0.11,0.14,0.251,0.308,1.23,3604,2215,4114,2443,228,0.10293453724604966
ecp,0553dd6bf29a4e335e51a98dceec44e7,pedestrian,B,17.49,17.36,0.13,0.16,0.31,0.289,0.93,4092,643,3910,483,-160,-0.24883359253499224
ecp,0553dd6bf29a4e335e51a98dceec44e7,pedestrian,A,9.98,9.83,0.15,0.17,0.322,0.297,0.92,4290,1665,4046,2175,510,0.3063063063063063
ecp,0553dd6bf29a4e335e51a98dceec44e7,pedestrian,A,4.37,4.41,0.04,0.2,0.427,0.196,0.46,6084,4019,2765,1495,-2524,-0.6280169196317492
ecp,0553dd6bf29a4e335e51a98dceec44e7,pedestrian,A,11.47,11.68,0.2,0.22,0.239,0.218,0.91,3008,1333,2871,399,-934,-0.700675168792198
ecp,0553dd6bf29a4e335e51a98dceec44e7,pedestrian,A,9.61,9.39,0.22,0.24,0.407,0.254,0.63,5053,2543,3264,2145,-398,-0.15650806134486828
ecp,0553dd6bf29a4e335e51a98dceec44e7,pedestrian,A,8.52,8.52,0.0,0.75,0.195,0.29,1.49,2652,777,4060,1010,233,0.29987129987129985
ecp,0553dd6bf29a4e335e51a98dceec44e7,pedestrian,A,4.92,3.64,1.28,2.37,0.695,0.431,0.62,6975,4953,5536,1672,-3281,-0.6624268120331113
ecp,cd8353a657649a13b1eff2c17ce70a0a,bicycle,A,9.13,9.34,0.21,0.23,1.195,1.468,1.23,15807,10831,19404,11457,626,0.05779706398301172
ecp,cd8353a657649a13b1eff2c17ce70a0a,bicycle,A,5.68,5.91,0.23,0.28,1.216,1.054,0.87,17010,12567,14382,8363,-4204,-0.33452693562504976
ecp,cd8353a657649a13b1eff2c17ce70a0a,bicycle,A,8.01,8.44,0.43,0.43,0.994,1.528,1.54,13498,9811,25620,8074,-1737,-0.17704617266333708
ecp,cd8353a657649a13b1eff2c17ce70a0a,pedestrian,B,28.53,28.56,0.03,0.03,0.173,0.166,0.96,2208,85,1809,45,-40,-0.47058823529411764
ecp,cd8353a657649a13b1eff2c17ce70a0a,pedestrian,B,15.28,15.32,0.04,0.05,0.153,0.24,1.56,1952,134,3430,175,41,0.30597014925373134
ecp,cd8353a657649a13b1eff2c17ce70a0a,pedestrian,A,12.71,12.76,0.05,0.05,0.249,0.255,1.02,3672,1694,3502,1229,-465,-0.2744982290436836
ecp,cd8353a657649a13b1eff2c17ce70a0a,pedestrian,A,9.04,9.09,0.05,0.05,0.289,0.195,0.68,4292,954,2652,283,-671,-0.7033542976939203
ecp,cd8353a657649a13b1eff2c17ce70a0a,pedestrian,A,7.11,7.16,0.06,0.06,0.152,0.218,1.43,1952,1097,2838,1527,430,0.3919781221513218
ecp,cd8353a657649a13b1eff2c17ce70a0a,pedestrian,B,26.58,26.66,0.07,0.07,0.339,0.257,0.76,4624,349,3366,197,-152,-0.4355300859598854
ecp,cd8353a657649a13b1eff2c17ce70a0a,pedestrian,A,10.32,10.24,0.08,0.08,0.348,0.247,0.71,5143,3063,3298,516,-2547,-0.8315377081292851
ecp,cd8353a657649a13b1eff2c17ce70a0a,pedestrian,A,5.67,5.7,0.03,0.09,0.252,0.252,1.0,3162,2157,3333,2174,17,0.007881316643486324
ecp,cd8353a657649a13b1eff2c17ce70a0a,pedestrian,A,10.77,10.85,0.08,0.1,0.304,0.288,0.95,4114,1876,3648,830,-1046,-0.5575692963752665
ecp,cd8353a657649a13b1eff2c17ce70a0a,pedestrian,A,13.43,13.34,0.09,0.11,0.244,0.334,1.37,3332,879,4416,1604,725,0.8248009101251422
ecp,cd8353a657649a13b1eff2c17ce70a0a,pedestrian,A,7.85,7.9,0.05,0.11,0.297,0.3,1.01,4068,1900,4046,1182,-718,-0.3778947368421053
ecp,cd8353a657649a13b1eff2c17ce70a0a,pedestrian,A,12.49,12.58,0.09,0.12,0.2,0.225,1.13,2541,1208,2904,842,-366,-0.3029801324503311
ecp,cd8353a657649a13b1eff2c17ce70a0a,pedestrian,A,7.53,7.42,0.11,0.12,0.311,0.435,1.4,3750,2316,5742,4353,2037,0.8795336787564767
ecp,cd8353a657649a13b1eff2c17ce70a0a,pedestrian,B,18.4,18.36,0.04,0.13,0.369,0.208,0.56,4950,478,2624,335,-143,-0.29916317991631797
ecp,cd8353a657649a13b1eff2c17ce70a0a,pedestrian,A,12.12,12.0,0.12,0.13,0.267,0.397,1.49,3360,1117,4830,1934,817,0.7314234556848702
ecp,cd8353a657649a13b1eff2c17ce70a0a,pedestrian,A,7.41,7.33,0.08,0.13,0.243,0.297,1.23,3038,1860,4046,2904,1044,0.5612903225806452
ecp,cd8353a657649a13b1eff2c17ce70a0a,pedestrian,A,8.12,7.99,0.13,0.15,0.208,0.275,1.32,2688,1038,3219,1048,10,0.009633911368015413
ecp,cd8353a657649a13b1eff2c17ce70a0a,pedestrian,B,21.4,21.52,0.12,0.17,0.213,0.186,0.87,2772,138,2263,62,-76,-0.5507246376811594
ecp,cd8353a657649a13b1eff2c17ce70a0a,pedestrian,B,15.73,15.84,0.11,0.17,0.478,0.17,0.36,6080,920,2112,188,-732,-0.7956521739130434
ecp,cd8353a657649a13b1eff2c17ce70a0a,pedestrian,A,7.95,7.85,0.09,0.17,0.305,0.308,1.01,3751,2270,3968,2805,535,0.2356828193832599
ecp,cd8353a657649a13b1eff2c17ce70a0a,pedestrian,B,21.84,21.76,0.08,0.18,0.227,0.288,1.27,2700,476,3680,773,297,0.6239495798319328
ecp,cd8353a657649a13b1eff2c17ce70a0a,pedestrian,A,7.6,7.56,0.04,0.21,0.157,0.306,1.95,2048,392,4488,1274,882,2.25
ecp,cd8353a657649a13b1eff2c17ce70a0a,pedestrian,A,6.09,5.98,0.1,0.23,0.255,0.308,1.21,3162,1806,3774,3225,1419,0.7857142857142857
ecp,cd8353a657649a13b1eff2c17ce70a0a,pedestrian,A,8.71,8.45,0.26,0.27,0.476,0.434,0.91,6171,2088,5676,2443,355,0.1700191570881226
ecp,cd8353a657649a13b1eff2c17ce70a0a,pedestrian,A,5.61,5.8,0.19,0.28,0.401,0.18,0.45,5440,2428,2409,375,-2053,-0.8455518945634267
ecp,cd8353a657649a13b1eff2c17ce70a0a,pedestrian,A,4.77,4.58,0.19,0.3,0.61,0.456,0.75,8364,5381,6370,3924,-1457,-0.2707675153317227
ecp,cd8353a657649a13b1eff2c17ce70a0a,pedestrian,A,4.44,4.39,0.04,0.36,0.801,0.493,0.62,7680,4888,4508,3426,-1462,-0.2990998363338789
ecp,cd8353a657649a13b1eff2c17ce70a0a,motorcycle,B,26.3,25.83,0.47,0.47,0.93,2.372,2.55,9300,884,26600,1656,772,0.8733031674208145
ecp,cd8353a657649a13b1eff2c17ce70a0a,motorcycle,B,28.07,28.5,0.43,0.49,0.887,1.087,1.22,8165,535,12586,894,359,0.6710280373831776
ecp,cd8353a657649a13b1eff2c17ce70a0a,motorcycle,B,27.34,26.81,0.53,0.59,0.847,2.013,2.38,8475,820,23374,2686,1866,2.2756097560975608
ecp,cd8353a657649a13b1eff2c17ce70a0a,car,A,9.89,9.18,0.71,1.06,8.921,8.547,0.96,146329,30251,174369,69234,38983,1.2886516148226506
ecp,d83e711e978231810569d531e27ee679,bicycle,A,13.75,13.7,0.06,0.2,0.876,1.604,1.83,12852,4182,19871,2731,-1451,-0.3469631755141081
ecp,d83e711e978231810569d531e27ee679,bicycle,B,26.81,26.54,0.27,0.3,0.567,1.132,2.0,4560,338,8702,931,593,1.7544378698224852
ecp,d83e711e978231810569d531e27ee679,bicycle,A,8.69,8.32,0.37,0.73,1.157,4.0,3.46,16205,9110,65682,24616,15506,1.7020856201975851
ecp,d83e711e978231810569d531e27ee679,bicycle,A,3.49,4.72,1.23,1.55,1.291,5.637,4.36,17578,9743,106032,26424,16681,1.712100995586575
ecp,d83e711e978231810569d531e27ee679,bicycle,A,3.34,4.82,1.49,2.13,1.377,9.459,6.87,19800,10509,268451,76917,66408,6.3191550099914355
ecp,d83e711e978231810569d531e27ee679,pedestrian,A,7.03,7.04,0.01,0.02,0.138,0.123,0.89,1792,921,1617,736,-185,-0.2008686210640608
ecp,d83e711e978231810569d531e27ee679,pedestrian,B,19.29,19.28,0.02,0.03,0.348,0.298,0.86,4480,1106,3808,888,-218,-0.19710669077757687
ecp,d83e711e978231810569d531e27ee679,pedestrian,A,13.5,13.47,0.02,0.04,0.232,0.379,1.63,2784,731,5016,1138,407,0.5567715458276333
ecp,d83e711e978231810569d531e27ee679,pedestrian,B,19.18,19.14,0.04,0.05,0.235,0.315,1.34,3003,359,3968,703,344,0.958217270194986
ecp,d83e711e978231810569d531e27ee679,pedestrian,A,6.38,6.4,0.03,0.05,0.197,0.217,1.11,2528,1502,2871,1592,90,0.05992010652463382
ecp,d83e711e978231810569d531e27ee679,pedestrian,B,20.04,19.98,0.05,0.07,0.191,0.394,2.07,1748,304,4710,872,568,1.868421052631579
ecp,d83e711e978231810569d531e27ee679,pedestrian,B,15.21,15.25,0.04,0.08,0.109,0.217,2.0,968,288,2550,757,469,1.6284722222222223
ecp,d83e711e978231810569d531e27ee679,pedestrian,A,7.65,7.57,0.08,0.1,0.22,0.161,0.73,2816,1049,2080,935,-114,-0.10867492850333652
ecp,d83e711e978231810569d531e27ee679,pedestrian,A,10.08,9.98,0.1,0.1,0.339,0.313,0.92,4624,2572,3968,2401,-171,-0.06648522550544324
ecp,d83e711e978231810569d531e27ee679,pedestrian,A,13.1,13.17,0.07,0.1,0.438,0.313,0.71,5600,2598,4000,1555,-1043,-0.4014626635873749
ecp,d83e711e978231810569d531e27ee679,pedestrian,A,6.65,6.69,0.04,0.11,0.262,0.242,0.92,3922,1176,2976,459,-717,-0.6096938775510204
ecp,d83e711e978231810569d531e27ee679,pedestrian,B,19.7,19.69,0.01,0.12,0.432,0.317,0.73,6650,1117,4158,688,-429,-0.38406445837063563
ecp,d83e711e978231810569d531e27ee679,pedestrian,A,6.69,6.59,0.11,0.13,0.269,0.34,1.26,3672,2428,4830,3670,1242,0.5115321252059308
ecp,d83e711e978231810569d531e27ee679,pedestrian,A,6.02,5.98,0.04,0.15,0.311,0.271,0.87,4464,2643,3745,2647,4,0.001513431706394249
ecp,d83e711e978231810569d531e27ee679,pedestrian,A,6.08,5.94,0.14,0.17,0.354,0.42,1.19,4433,3070,5478,4426,1356,0.44169381107491856
ecp,d83e711e978231810569d531e27ee679,pedestrian,A,6.66,6.44,0.22,0.23,0.483,0.327,0.68,5952,3347,4420,2930,-417,-0.12458918434418882
ecp,d83e711e978231810569d531e27ee679,pedestrian,A,14.99,15.02,0.03,0.26,0.469,0.308,0.66,6048,1302,2952,786,-516,-0.39631336405529954
ecp,d83e711e978231810569d531e27ee679,pedestrian,A,6.88,6.79,0.09,0.33,0.292,0.233,0.8,3894,1250,3168,768,-482,-0.3856
ecp,d83e711e978231810569d531e27ee679,pedestrian,A,13.58,13.18,0.41,0.61,0.407,0.209,0.51,5705,1719,2656,888,-831,-0.48342059336823734
ecp,d83e711e978231810569d531e27ee679,pedestrian,A,11.56,13.19,1.63,2.21,0.298,0.181,0.61,3808,853,2448,895,42,0.0492379835873388
ecp,d83e711e978231810569d531e27ee679,pedestrian,A,5.43,3.19,2.25,2.42,0.424,0.573,1.35,5845,2920,7140,3296,376,0.12876712328767123
ecp,d83e711e978231810569d531e27ee679,pedestrian,B,17.74,19.2,1.45,4.7,0.156,0.199,1.27,1426,126,2541,690,564,4.476190476190476
ecp,d83e711e978231810569d531e27ee679,motorcycle,B,26.56,26.35,0.21,0.24,0.983,2.318,2.36,11060,969,26796,2877,1908,1.9690402476780187
ecp,d83e711e978231810569d531e27ee679,motorcycle,B,25.4,25.13,0.27,0.46,1.067,2.039,1.91,10725,1058,19584,2859,1801,1.7022684310018903
ecp,d83e711e978231810569d531e27ee679,motorcycle,B,27.12,25.92,1.2,1.43,0.836,2.516,3.01,7751,666,27270,3489,2823,4.238738738738738
ecp,5b45223aae0b9a5765425d5b8b6057fd,bicycle,A,9.77,9.68,0.09,0.09,0.988,1.42,1.44,13860,7050,18711,5005,-2045,-0.2900709219858156
ecp,5b45223aae0b9a5765425d5b8b6057fd,bicycle,A,12.71,12.51,0.21,0.3,0.942,3.168,3.36,12000,5405,44345,11158,5753,1.0643848288621647
ecp,5b45223aae0b9a5765425d5b8b6057fd,bicycle,B,24.24,24.0,0.23,0.31,0.567,0.682,1.2,4520,305,4095,155,-150,-0.4918032786885246
ecp,5b45223aae0b9a5765425d5b8b6057fd,bicycle,A,7.9,8.22,0.32,0.4,1.011,2.204,2.18,14616,10179,27342,12478,2299,0.22585715689163965
ecp,5b45223aae0b9a5765425d5b8b6057fd,pedestrian,B,16.0,16.05,0.04,0.05,0.219,0.309,1.41,2070,663,4092,960,297,0.4479638009049774
ecp,5b45223aae0b9a5765425d5b8b6057fd,pedestrian,A,10.37,10.32,0.05,0.05,0.171,0.5,2.93,1610,964,5600,2012,1048,1.0871369294605808
ecp,5b45223aae0b9a5765425d5b8b6057fd,pedestrian,B,15.1,15.09,0.01,0.07,0.424,0.361,0.85,5239,1928,4608,931,-997,-0.5171161825726142
ecp,5b45223aae0b9a5765425d5b8b6057fd,pedestrian,A,5.38,5.32,0.05,0.07,0.524,0.547,1.04,6897,4554,7194,3766,-788,-0.17303469477382522
ecp,5b45223aae0b9a5765425d5b8b6057fd,pedestrian,B,15.57,15.51,0.06,0.08,0.312,0.282,0.9,4144,1486,3696,1070,-416,-0.27994616419919244
ecp,5b45223aae0b9a5765425d5b8b6057fd,pedestrian,A,6.03,5.92,0.1,0.1,0.365,0.282,0.77,5075,3594,3808,2159,-1435,-0.399276572064552
ecp,5b45223aae0b9a5765425d5b8b6057fd,pedestrian,A,4.43,4.45,0.02,0.11,0.317,0.303,0.96,4572,2173,4392,1934,-239,-0.10998619420156466
ecp,5b45223aae0b9a5765425d5b8b6057fd,pedestrian,A,6.18,6.18,0.01,0.14,0.1,0.256,2.56,1280,376,3366,196,-180,-0.4787234042553192
ecp,5b45223aae0b9a5765425d5b8b6057fd,pedestrian,B,16.3,16.15,0.15,0.16,0.309,0.283,0.92,4340,963,3876,769,-194,-0.20145379023883697
ecp,5b45223aae0b9a5765425d5b8b6057fd,pedestrian,A,5.04,4.9,0.15,0.16,0.304,0.298,0.98,4216,1999,4114,2156,157,0.0785392696348174
ecp,5b45223aae0b9a5765425d5b8b6057fd,pedestrian,A,10.8,10.64,0.17,0.17,0.233,0.328,1.41,3196,838,4323,569,-269,-0.32100238663484487
ecp,5b45223aae0b9a5765425d5b8b6057fd,pedestrian,B,18.27,18.34,0.07,0.19,0.253,0.306,1.21,3296,60,3509,43,-17,-0.2833333333333333
ecp,5b45223aae0b9a5765425d5b8b6057fd,pedestrian,A,6.72,6.52,0.2,0.26,0.461,0.269,0.58,5952,3200,3536,1879,-1321,-0.4128125
ecp,5b45223aae0b9a5765425d5b8b6057fd,pedestrian,B,18.13,18.28,0.15,0.3,0.225,0.266,1.18,2883,482,3392,19,-463,-0.9605809128630706
ecp,5b45223aae0b9a5765425d5b8b6057fd,pedestrian,B,15.09,14.77,0.31,0.46,0.304,0.59,1.94,2541,269,4029,58,-211,-0.7843866171003717
ecp,5b45223aae0b9a5765425d5b8b6057fd,pedestrian,A,13.71,15.49,1.78,2.03,0.126,0.307,2.44,1764,433,4059,1200,767,1.7713625866050808
ecp,5b45223aae0b9a5765425d5b8b6057fd,pedestrian,A,13.34,16.03,2.69,3.02,0.161,0.316,1.96,2240,131,3906,842,711,5.427480916030534
ecp,5b45223aae0b9a5765425d5b8b6057fd,motorcycle,B,22.74,22.49,0.25,0.26,1.526,1.515,0.99,15250,1659,13915,2120,461,0.27787823990355637
ecp,5b45223aae0b9a5765425d5b8b6057fd,motorcycle,B,23.89,23.49,0.4,0.4,0.995,1.837,1.85,11880,1372,20580,3455,2083,1.5182215743440233
ecp,5b45223aae0b9a5765425d5b8b6057fd,motorcycle,B,26.08,26.7,0.63,1.08,0.827,3.032,3.67,6930,634,15769,380,-254,-0.40063091482649843
ecp,5b45223aae0b9a5765425d5b8b6057fd,motorcycle,B,24.62,23.57,1.04,1.25,1.048,3.161,3.02,11732,1358,39091,5100,3742,2.755522827687776
ecp,57fd5261eb4cacd5b8744ed2dbe4d862,bicycle,A,11.37,11.04,0.33,0.57,1.068,1.192,1.12,7722,3729,17172,5173,1444,0.3872351836953607
ecp,57fd5261eb4cacd5b8744ed2dbe4d862,bicycle,B,24.73,24.16,0.57,0.7,0.696,1.197,1.72,9730,996,14340,2196,1200,1.2048192771084338
ecp,57fd5261eb4cacd5b8744ed2dbe4d862,bicycle,A,10.68,14.7,4.02,4.3,0.932,2.906,3.12,13055,6425,37216,5923,-502,-0.07813229571984436
ecp,57fd5261eb4cacd5b8744ed2dbe4d862,pedestrian,B,24.51,24.5,0.0,0.01,0.581,0.295,0.51,7456,1152,2950,344,-808,-0.7013888888888888
ecp,57fd5261eb4cacd5b8744ed2dbe4d862,pedestrian,A,6.48,6.46,0.01,0.02,0.397,0.252,0.64,5635,3909,3640,2446,-1463,-0.3742645177794832
ecp,57fd5261eb4cacd5b8744ed2dbe4d862,pedestrian,B,26.61,26.68,0.06,0.08,0.327,0.204,0.62,4224,351,2542,195,-156,-0.4444444444444444
ecp,57fd5261eb4cacd5b8744ed2dbe4d862,pedestrian,A,8.53,8.44,0.08,0.09,0.173,0.249,1.44,2277,1346,3232,2179,833,0.6188707280832095
ecp,57fd5261eb4cacd5b8744ed2dbe4d862,pedestrian,A,6.52,6.45,0.07,0.11,0.509,0.479,0.94,7344,5479,6755,5031,-448,-0.08176674575652491
ecp,57fd5261eb4cacd5b8744ed2dbe4d862,pedestrian,A,6.69,6.54,0.14,0.14,0.285,0.291,1.02,3565,2184,3927,1592,-592,-0.27106227106227104
ecp,57fd5261eb4cacd5b8744ed2dbe4d862,pedestrian,A,9.54,9.43,0.11,0.16,0.28,0.308,1.1,3955,1614,4148,2309,695,0.4306071871127633
ecp,57fd5261eb4cacd5b8744ed2dbe4d862,pedestrian,A,14.95,14.84,0.11,0.17,0.363,0.356,0.98,4640,1788,4230,1676,-112,-0.06263982102908278
ecp,57fd5261eb4cacd5b8744ed2dbe4d862,pedestrian,A,9.1,8.92,0.18,0.22,0.67,0.328,0.49,9612,5838,4454,2545,-3293,-0.5640630352860568
ecp,57fd5261eb4cacd5b8744ed2dbe4d862,pedestrian,A,14.77,14.72,0.05,0.25,0.168,0.215,1.28,1474,630,2408,1205,575,0.9126984126984127
ecp,57fd5261eb4cacd5b8744ed2dbe4d862,pedestrian,A,9.68,9.44,0.24,0.26,0.555,0.309,0.56,8028,4388,4182,2438,-1950,-0.44439380127620787
ecp,57fd5261eb4cacd5b8744ed2dbe4d862,pedestrian,B,17.73,17.96,0.23,0.36,0.194,0.296,1.53,2528,178,3627,8,-170,-0.9550561797752809
ecp,57fd5261eb4cacd5b8744ed2dbe4d862,pedestrian,B,19.15,18.73,0.42,0.51,0.332,0.209,0.63,4488,198,2490,16,-182,-0.9191919191919192
ecp,57fd5261eb4cacd5b8744ed2dbe4d862,pedestrian,B,29.7,29.18,0.52,0.62,0.185,0.177,0.96,2250,123,2240,184,61,0.4959349593495935
ecp,57fd5261eb4cacd5b8744ed2dbe4d862,pedestrian,A,9.72,8.86,0.87,0.88,0.213,0.127,0.6,1955,193,1550,1082,889,4.606217616580311
ecp,57fd5261eb4cacd5b8744ed2dbe4d862,pedestrian,A,10.74,10.62,0.12,2.03,0.198,0.507,2.56,2592,987,5025,2301,1314,1.331306990881459
ecp,57fd5261eb4cacd5b8744ed2dbe4d862,pedestrian,A,10.68,15.2,4.52,4.86,0.191,0.223,1.17,2660,657,3036,460,-197,-0.2998477929984779
ecp,57fd5261eb4cacd5b8744ed2dbe4d862,motorcycle,B,21.1,20.92,0.18,0.2,0.578,1.483,2.57,5082,750,13068,2380,1630,2.1733333333333333
ecp,57fd5261eb4cacd5b8744ed2dbe4d862,motorcycle,B,22.94,22.66,0.28,0.32,1.302,1.831,1.41,12480,1904,19818,4203,2299,1.2074579831932772
ecp,57fd5261eb4cacd5b8744ed2dbe4d862,motorcycle,B,19.6,19.53,0.07,0.41,1.038,1.746,1.68,9064,1387,18819,3496,2109,1.5205479452054795
ecp,57fd5261eb4cacd5b8744ed2dbe4d862,motorcycle,B,17.3,16.88,0.42,0.43,1.258,1.564,1.24,15090,3547,15024,4985,1438,0.40541302509162674
ecp,57fd5261eb4cacd5b8744ed2dbe4d862,motorcycle,B,18.03,17.43,0.6,0.6,1.282,3.171,2.47,14906,2994,39370,8222,5228,1.7461589846359384
ecp,57fd5261eb4cacd5b8744ed2dbe4d862,car,B,21.87,21.54,0.34,0.34,7.176,5.18,0.72,83288,5209,53846,7243,2034,0.39047801881359184
