dataset,sample_token,category,score,range_m,regime,frac_free,frac_occ,n_free,n_occupied,n_total,flagged
ecp,e30ec07f3273d002b3f93bc39aaa75e4,pedestrian,1.0,45.4,C,0.3542,0.125,17,6,48,True
ecp,e30ec07f3273d002b3f93bc39aaa75e4,pedestrian,1.0,30.24,C,0.5065,0.0909,39,7,77,True
ecp,e30ec07f3273d002b3f93bc39aaa75e4,pedestrian,1.0,17.7,B,0.6458,0.125,31,6,48,True
ecp,e30ec07f3273d002b3f93bc39aaa75e4,pedestrian,1.0,15.96,B,0.3571,0.1607,20,9,56,True
ecp,e30ec07f3273d002b3f93bc39aaa75e4,pedestrian,1.0,26.37,B,0.4062,0.1875,13,6,32,True
ecp,e30ec07f3273d002b3f93bc39aaa75e4,pedestrian,1.0,18.09,B,0.475,0.3,19,12,40,True
ecp,e30ec07f3273d002b3f93bc39aaa75e4,car,0.921951174736023,14.53,A,0.2318,0.0438,386,73,1665,True
ecp,e30ec07f3273d002b3f93bc39aaa75e4,car,0.8012422323226929,24.39,B,0.0082,0.0019,13,3,1593,False
ecp,e30ec07f3273d002b3f93bc39aaa75e4,car,0.8518518805503845,18.16,B,0.0107,0.0009,12,1,1120,False
ecp,e30ec07f3273d002b3f93bc39aaa75e4,bicycle,0.8865247964859009,10.87,A,0.8607,0.0929,241,26,280,True
ecp,e30ec07f3273d002b3f93bc39aaa75e4,bicycle,0.5276752710342407,38.66,C,0.4659,0.0438,287,27,616,True
ecp,e30ec07f3273d002b3f93bc39aaa75e4,bicycle,0.5540069937705994,18.13,B,0.6937,0.15,111,24,160,True
ecp,e30ec07f3273d002b3f93bc39aaa75e4,pedestrian,1.0,10.78,A,0.6458,0.3125,31,15,48,True
ecp,9a2b2317e196f7464aa89424b95bf245,pedestrian,1.0,12.41,A,0.5,0.1852,27,10,54,True
ecp,9a2b2317e196f7464aa89424b95bf245,pedestrian,1.0,32.03,C,0.375,0.3125,12,10,32,True
ecp,9a2b2317e196f7464aa89424b95bf245,pedestrian,1.0,43.18,C,0.2222,0.0889,10,4,45,True
ecp,9a2b2317e196f7464aa89424b95bf245,pedestrian,1.0,32.23,C,0.4286,0.1786,24,10,56,True
ecp,9a2b2317e196f7464aa89424b95bf245,pedestrian,1.0,24.76,B,0.5432,0.1975,44,16,81,True
ecp,9a2b2317e196f7464aa89424b95bf245,pedestrian,1.0,21.47,B,0.5816,0.2041,57,20,98,True
ecp,9a2b2317e196f7464aa89424b95bf245,pedestrian,1.0,20.21,B,0.6042,0.2292,29,11,48,True
ecp,9a2b2317e196f7464aa89424b95bf245,car,0.8672199249267578,21.51,B,0.2578,0.02,297,23,1152,True
ecp,9a2b2317e196f7464aa89424b95bf245,car,0.8439024686813354,33.07,C,0.1356,0.0057,358,15,2640,True
ecp,9a2b2317e196f7464aa89424b95bf245,car,0.9139785170555115,16.0,B,0.2858,0.0421,407,60,1424,True
ecp,9a2b2317e196f7464aa89424b95bf245,bicycle,0.6995305418968201,12.48,A,0.3114,0.1099,85,30,273,True
ecp,9a2b2317e196f7464aa89424b95bf245,bicycle,0.7852349281311035,9.55,A,0.8173,0.125,170,26,208,True
ecp,9a2b2317e196f7464aa89424b95bf245,pedestrian,1.0,6.72,A,0.75,0.1944,54,14,72,True
ecp,9a2b2317e196f7464aa89424b95bf245,car,0.9532163739204407,6.28,A,0.339,0.0837,656,162,1935,True
ecp,9a2b2317e196f7464aa89424b95bf245,bicycle,0.7852349281311035,4.29,A,0.6982,0.0655,384,36,550,True
ecp,fa61074dc2801efc68c2b47d6bb30a3f,bicycle,0.8439024686813354,4.19,A,0.4056,0.0748,477,88,1176,True
ecp,fa61074dc2801efc68c2b47d6bb30a3f,bicycle,0.8439024686813354,4.95,A,0.4058,0.2899,56,40,138,True
ecp,fa61074dc2801efc68c2b47d6bb30a3f,pedestrian,1.0,17.98,B,0.25,0.0714,14,4,56,True
ecp,fa61074dc2801efc68c2b47d6bb30a3f,pedestrian,1.0,25.59,B,0.2917,0.25,14,12,48,True
ecp,fa61074dc2801efc68c2b47d6bb30a3f,pedestrian,1.0,24.44,B,0.3111,0.3333,14,15,45,True
ecp,fa61074dc2801efc68c2b47d6bb30a3f,pedestrian,1.0,13.46,A,0.5833,0.3194,42,23,72,True
ecp,fa61074dc2801efc68c2b47d6bb30a3f,pedestrian,1.0,26.01,B,0.3125,0.2083,15,10,48,True
ecp,fa61074dc2801efc68c2b47d6bb30a3f,pedestrian,1.0,14.47,A,0.575,0.225,23,9,40,True
ecp,fa61074dc2801efc68c2b47d6bb30a3f,pedestrian,1.0,13.21,A,0.4722,0.2639,34,19,72,True
ecp,fa61074dc2801efc68c2b47d6bb30a3f,car,0.9024390578269958,25.33,B,0.2493,0.0375,379,57,1520,True
ecp,fa61074dc2801efc68c2b47d6bb30a3f,car,0.9452055096626282,8.06,A,0.2611,0.0926,330,117,1264,True
ecp,fa61074dc2801efc68c2b47d6bb30a3f,car,0.921951174736023,13.58,A,0.253,0.0296,419,49,1656,True
ecp,fa61074dc2801efc68c2b47d6bb30a3f,pedestrian,1.0,5.87,A,0.7222,0.2083,52,15,72,True
ecp,fa61074dc2801efc68c2b47d6bb30a3f,car,0.949367105960846,6.27,A,0.2138,0.0237,4625,513,21630,True
ecp,0a3d83e1bc3f4d1a3bc7ec7a1373b9b7,pedestrian,1.0,6.02,A,0.4028,0.4583,29,33,72,True
ecp,0a3d83e1bc3f4d1a3bc7ec7a1373b9b7,pedestrian,1.0,3.54,A,0.6458,0.2292,31,11,48,True
ecp,0a3d83e1bc3f4d1a3bc7ec7a1373b9b7,pedestrian,1.0,5.88,A,0.8704,0.1296,47,7,54,True
ecp,0a3d83e1bc3f4d1a3bc7ec7a1373b9b7,pedestrian,1.0,14.94,A,0.6406,0.2344,41,15,64,True
ecp,0a3d83e1bc3f4d1a3bc7ec7a1373b9b7,pedestrian,1.0,20.73,B,0.0625,0.0625,3,3,48,False
ecp,0a3d83e1bc3f4d1a3bc7ec7a1373b9b7,pedestrian,1.0,9.48,A,0.5625,0.3333,27,16,48,True
ecp,0a3d83e1bc3f4d1a3bc7ec7a1373b9b7,pedestrian,1.0,21.6,B,0.5556,0.1389,40,10,72,True
ecp,0a3d83e1bc3f4d1a3bc7ec7a1373b9b7,pedestrian,1.0,20.68,B,0.4375,0.2083,21,10,48,True
ecp,0a3d83e1bc3f4d1a3bc7ec7a1373b9b7,pedestrian,1.0,20.42,B,0.25,0.4688,8,15,32,True
ecp,0a3d83e1bc3f4d1a3bc7ec7a1373b9b7,car,0.7037037014961243,23.36,B,0.1317,0.0033,118,3,896,True
ecp,0a3d83e1bc3f4d1a3bc7ec7a1373b9b7,car,0.9064327478408813,17.63,B,0.3542,0.0729,476,98,1344,True
ecp,0a3d83e1bc3f4d1a3bc7ec7a1373b9b7,bicycle,0.5114504098892212,43.69,C,0.4846,0.0615,63,8,130,True
ecp,0a3d83e1bc3f4d1a3bc7ec7a1373b9b7,car,0.941605806350708,6.28,A,0.0359,0.008,85,19,2370,False
ecp,0a3d83e1bc3f4d1a3bc7ec7a1373b9b7,car,0.949367105960846,5.92,A,0.4217,0.0755,687,123,1629,True
ecp,3fd5fd50dd271baf041aac7e8ae632c3,car,0.9532163739204407,8.18,A,0.2444,0.0375,1220,187,4992,True
ecp,3fd5fd50dd271baf041aac7e8ae632c3,pedestrian,1.0,22.37,B,0.5093,0.1667,55,18,108,True
ecp,3fd5fd50dd271baf041aac7e8ae632c3,pedestrian,1.0,44.84,C,0.325,0.0,13,0,40,True
ecp,3fd5fd50dd271baf041aac7e8ae632c3,pedestrian,1.0,49.67,C,0.1667,0.0625,8,3,48,True
ecp,3fd5fd50dd271baf041aac7e8ae632c3,pedestrian,1.0,28.89,B,0.3958,0.1042,19,5,48,True
ecp,3fd5fd50dd271baf041aac7e8ae632c3,pedestrian,1.0,13.49,A,0.3125,0.1667,15,8,48,True
ecp,3fd5fd50dd271baf041aac7e8ae632c3,pedestrian,1.0,22.48,B,0.1875,0.2708,9,13,48,True
ecp,3fd5fd50dd271baf041aac7e8ae632c3,pedestrian,1.0,23.57,B,0.5694,0.2083,41,15,72,True
ecp,3fd5fd50dd271baf041aac7e8ae632c3,pedestrian,1.0,34.82,C,0.075,0.1,3,4,40,False
ecp,3fd5fd50dd271baf041aac7e8ae632c3,pedestrian,1.0,21.4,B,0.3472,0.1528,25,11,72,True
ecp,3fd5fd50dd271baf041aac7e8ae632c3,pedestrian,1.0,14.58,A,0.2917,0.1042,14,5,48,True
ecp,3fd5fd50dd271baf041aac7e8ae632c3,pedestrian,1.0,23.58,B,0.2708,0.2708,13,13,48,True
ecp,3fd5fd50dd271baf041aac7e8ae632c3,pedestrian,1.0,28.38,B,0.4167,0.2917,10,7,24,True
ecp,3fd5fd50dd271baf041aac7e8ae632c3,car,0.949367105960846,10.89,A,0.3242,0.0672,415,86,1280,True
ecp,3fd5fd50dd271baf041aac7e8ae632c3,car,0.8128654956817627,36.85,C,0.163,0.0141,150,13,920,True
ecp,3fd5fd50dd271baf041aac7e8ae632c3,bicycle,0.7538461089134216,16.96,B,0.9264,0.0233,239,6,258,True
ecp,3fd5fd50dd271baf041aac7e8ae632c3,motorcycle,0.5816993117332458,29.64,B,0.4518,0.0746,206,34,456,True
ecp,3fd5fd50dd271baf041aac7e8ae632c3,motorcycle,0.6012461185455322,14.63,A,0.65,0.0222,117,4,180,True
ecp,c2df9a1b7fd0679b9d1c434e410fe6c5,pedestrian,1.0,12.99,A,0.5417,0.2708,26,13,48,True
ecp,c2df9a1b7fd0679b9d1c434e410fe6c5,car,0.9259259104728699,8.47,A,0.155,0.0119,11114,853,71682,True
ecp,c2df9a1b7fd0679b9d1c434e410fe6c5,pedestrian,1.0,12.83,A,0.6562,0.2344,42,15,64,True
ecp,c2df9a1b7fd0679b9d1c434e410fe6c5,pedestrian,1.0,13.13,A,0.5079,0.254,32,16,63,True
ecp,c2df9a1b7fd0679b9d1c434e410fe6c5,pedestrian,1.0,16.6,B,0.4792,0.3333,23,16,48,True
ecp,c2df9a1b7fd0679b9d1c434e410fe6c5,pedestrian,1.0,23.85,B,0.1944,0.2222,14,16,72,True
ecp,c2df9a1b7fd0679b9d1c434e410fe6c5,pedestrian,1.0,19.86,B,0.3095,0.0714,13,3,42,True
ecp,c2df9a1b7fd0679b9d1c434e410fe6c5,pedestrian,1.0,37.56,C,0.4722,0.1528,34,11,72,True
ecp,c2df9a1b7fd0679b9d1c434e410fe6c5,pedestrian,1.0,14.64,A,0.4444,0.3333,32,24,72,True
ecp,c2df9a1b7fd0679b9d1c434e410fe6c5,pedestrian,1.0,12.37,A,0.4375,0.4688,14,15,32,True
ecp,c2df9a1b7fd0679b9d1c434e410fe6c5,pedestrian,1.0,29.39,B,0.3281,0.2188,21,14,64,True
ecp,c2df9a1b7fd0679b9d1c434e410fe6c5,pedestrian,1.0,14.08,A,0.2083,0.125,10,6,48,True
ecp,c2df9a1b7fd0679b9d1c434e410fe6c5,pedestrian,1.0,23.7,B,0.2222,0.3148,12,17,54,True
ecp,c2df9a1b7fd0679b9d1c434e410fe6c5,pedestrian,1.0,44.96,C,0.0893,0.125,5,7,56,False
ecp,c2df9a1b7fd0679b9d1c434e410fe6c5,pedestrian,1.0,37.6,C,0.25,0.1528,18,11,72,True
ecp,c2df9a1b7fd0679b9d1c434e410fe6c5,car,0.6559139490127563,29.42,B,0.3241,0.0053,245,4,756,True
ecp,c2df9a1b7fd0679b9d1c434e410fe6c5,bicycle,0.6683937907218933,9.97,A,0.88,0.0714,308,25,350,True
ecp,c2df9a1b7fd0679b9d1c434e410fe6c5,bicycle,0.5586206912994385,21.59,B,0.9,0.0429,378,18,420,True
ecp,c2df9a1b7fd0679b9d1c434e410fe6c5,bicycle,0.5508772134780884,7.59,A,0.8776,0.102,172,20,196,True
ecp,c2df9a1b7fd0679b9d1c434e410fe6c5,bicycle,0.5395683646202087,8.94,A,0.7431,0.0694,214,20,288,True
ecp,03085f1d3f50ce3eda14caab85e41eee,pedestrian,1.0,4.81,A,0.5741,0.4074,31,22,54,True
ecp,03085f1d3f50ce3eda14caab85e41eee,pedestrian,1.0,5.06,A,0.6458,0.1667,31,8,48,True
ecp,03085f1d3f50ce3eda14caab85e41eee,pedestrian,1.0,4.1,A,0.7315,0.1667,79,18,108,True
ecp,03085f1d3f50ce3eda14caab85e41eee,pedestrian,1.0,6.23,A,0.7292,0.2708,35,13,48,True
ecp,03085f1d3f50ce3eda14caab85e41eee,pedestrian,1.0,4.88,A,0.4167,0.5278,30,38,72,True
ecp,03085f1d3f50ce3eda14caab85e41eee,pedestrian,1.0,5.59,A,0.75,0.2031,48,13,64,True
ecp,03085f1d3f50ce3eda14caab85e41eee,pedestrian,1.0,5.05,A,0.6458,0.1667,31,8,48,True
ecp,03085f1d3f50ce3eda14caab85e41eee,bicycle,0.6167664527893066,5.92,A,0.5199,0.0579,1123,125,2160,True
ecp,03085f1d3f50ce3eda14caab85e41eee,pedestrian,1.0,48.9,C,0.25,0.125,10,5,40,True
ecp,03085f1d3f50ce3eda14caab85e41eee,pedestrian,1.0,20.19,B,0.4722,0.2639,34,19,72,True
ecp,03085f1d3f50ce3eda14caab85e41eee,pedestrian,1.0,11.8,A,0.5926,0.1667,32,9,54,True
ecp,03085f1d3f50ce3eda14caab85e41eee,pedestrian,1.0,40.47,C,0.2778,0.1806,20,13,72,True
ecp,03085f1d3f50ce3eda14caab85e41eee,pedestrian,1.0,4.93,A,0.7937,0.2063,50,13,63,True
ecp,03085f1d3f50ce3eda14caab85e41eee,pedestrian,1.0,21.27,B,0.4028,0.1944,29,14,72,True
ecp,03085f1d3f50ce3eda14caab85e41eee,pedestrian,1.0,6.23,A,0.7531,0.1975,61,16,81,True
ecp,03085f1d3f50ce3eda14caab85e41eee,pedestrian,1.0,28.09,B,0.4107,0.25,23,14,56,True
ecp,03085f1d3f50ce3eda14caab85e41eee,pedestrian,1.0,16.68,B,0.4127,0.3016,26,19,63,True
ecp,03085f1d3f50ce3eda14caab85e41eee,pedestrian,1.0,18.86,B,0.2188,0.25,14,16,64,True
ecp,03085f1d3f50ce3eda14caab85e41eee,pedestrian,1.0,6.59,A,0.7188,0.1562,46,10,64,True
ecp,03085f1d3f50ce3eda14caab85e41eee,pedestrian,1.0,18.93,B,0.3492,0.3175,22,20,63,True
ecp,03085f1d3f50ce3eda14caab85e41eee,pedestrian,1.0,27.97,B,0.4907,0.1389,53,15,108,True
ecp,03085f1d3f50ce3eda14caab85e41eee,pedestrian,1.0,49.6,C,0.0625,0.1458,3,7,48,False
ecp,03085f1d3f50ce3eda14caab85e41eee,pedestrian,1.0,16.65,B,0.625,0.2273,55,20,88,True
ecp,03085f1d3f50ce3eda14caab85e41eee,car,0.7815700173377991,22.59,B,0.2425,0.0122,357,18,1472,True
ecp,03085f1d3f50ce3eda14caab85e41eee,bicycle,0.6521739363670349,15.27,B,0.8606,0.0627,247,18,287,True
ecp,03085f1d3f50ce3eda14caab85e41eee,bicycle,0.6289855241775513,11.31,A,0.7403,0.0233,191,6,258,True
ecp,03085f1d3f50ce3eda14caab85e41eee,pedestrian,1.0,3.95,A,0.6869,0.2121,68,21,99,True
ecp,03085f1d3f50ce3eda14caab85e41eee,bicycle,0.7142857313156128,4.33,A,0.3077,0.0579,908,171,2951,True
ecp,03e001ab374631dd46fb04d23958d74b,pedestrian,1.0,8.34,A,0.7315,0.1944,79,21,108,True
ecp,03e001ab374631dd46fb04d23958d74b,pedestrian,1.0,4.5,A,0.8646,0.0938,83,9,96,True
ecp,03e001ab374631dd46fb04d23958d74b,pedestrian,1.0,8.17,A,0.7,0.3,28,12,40,True
ecp,03e001ab374631dd46fb04d23958d74b,bicycle,0.7697842121124268,6.12,A,0.7184,0.0828,347,40,483,True
ecp,03e001ab374631dd46fb04d23958d74b,bicycle,0.5038759708404541,6.97,A,0.1224,0.0972,131,104,1070,True
ecp,03e001ab374631dd46fb04d23958d74b,pedestrian,1.0,42.14,C,0.325,0.125,13,5,40,True
ecp,03e001ab374631dd46fb04d23958d74b,pedestrian,1.0,36.46,C,0.2381,0.1746,15,11,63,True
ecp,03e001ab374631dd46fb04d23958d74b,pedestrian,1.0,8.32,A,0.7619,0.2063,48,13,63,True
ecp,03e001ab374631dd46fb04d23958d74b,pedestrian,1.0,9.49,A,0.2857,0.3016,18,19,63,True
ecp,03e001ab374631dd46fb04d23958d74b,pedestrian,1.0,7.26,A,0.8148,0.1111,44,6,54,True
ecp,03e001ab374631dd46fb04d23958d74b,pedestrian,1.0,11.33,A,0.4722,0.3333,34,24,72,True
ecp,03e001ab374631dd46fb04d23958d74b,pedestrian,1.0,8.45,A,0.7361,0.1806,53,13,72,True
ecp,03e001ab374631dd46fb04d23958d74b,pedestrian,1.0,14.39,A,0.3906,0.1875,25,12,64,True
ecp,03e001ab374631dd46fb04d23958d74b,pedestrian,1.0,12.76,A,0.5417,0.2708,26,13,48,True
ecp,03e001ab374631dd46fb04d23958d74b,pedestrian,1.0,42.73,C,0.2222,0.2444,10,11,45,True
ecp,03e001ab374631dd46fb04d23958d74b,pedestrian,1.0,14.28,A,0.3333,0.3571,14,15,42,True
ecp,03e001ab374631dd46fb04d23958d74b,car,0.8439024686813354,16.05,B,0.15,0.0185,348,43,2320,True
ecp,03e001ab374631dd46fb04d23958d74b,car,0.8128654956817627,24.56,B,0.0399,0.0012,69,2,1728,False
ecp,03e001ab374631dd46fb04d23958d74b,bicycle,0.7852349281311035,8.52,A,0.8889,0.0855,208,20,234,True
ecp,03e001ab374631dd46fb04d23958d74b,bicycle,0.5345454812049866,18.74,B,0.75,0.15,180,36,240,True
ecp,03e001ab374631dd46fb04d23958d74b,bicycle,0.597484290599823,9.65,A,0.8013,0.0848,359,38,448,True
ecp,03e001ab374631dd46fb04d23958d74b,pedestrian,1.0,7.43,A,0.7037,0.1358,57,11,81,True
ecp,c0de9f17c7a0e13aead147f599211274,pedestrian,1.0,5.93,A,0.5972,0.3889,43,28,72,True
ecp,c0de9f17c7a0e13aead147f599211274,pedestrian,1.0,3.65,A,0.4821,0.3036,27,17,56,True
ecp,c0de9f17c7a0e13aead147f599211274,pedestrian,1.0,7.52,A,0.5714,0.2321,32,13,56,True
ecp,c0de9f17c7a0e13aead147f599211274,pedestrian,1.0,35.41,C,0.0,0.3,0,12,40,False
ecp,c0de9f17c7a0e13aead147f599211274,pedestrian,1.0,32.06,C,0.2963,0.1481,16,8,54,True
ecp,c0de9f17c7a0e13aead147f599211274,pedestrian,1.0,47.4,C,0.4688,0.2188,15,7,32,True
ecp,c0de9f17c7a0e13aead147f599211274,pedestrian,1.0,6.03,A,0.5397,0.4286,34,27,63,True
ecp,c0de9f17c7a0e13aead147f599211274,pedestrian,1.0,9.06,A,0.7083,0.1875,68,18,96,True
ecp,c0de9f17c7a0e13aead147f599211274,pedestrian,1.0,9.53,A,0.5625,0.3281,36,21,64,True
ecp,c0de9f17c7a0e13aead147f599211274,pedestrian,1.0,47.87,C,0.05,0.05,2,2,40,False
ecp,c0de9f17c7a0e13aead147f599211274,pedestrian,1.0,34.68,C,0.275,0.2,11,8,40,True
ecp,c0de9f17c7a0e13aead147f599211274,car,0.7142857313156128,26.83,B,0.1,0.0045,112,5,1120,False
ecp,c0de9f17c7a0e13aead147f599211274,car,0.949367105960846,8.31,A,0.3947,0.0757,480,92,1216,True
ecp,c0de9f17c7a0e13aead147f599211274,car,0.8827838897705078,17.83,B,0.2856,0.0243,329,28,1152,True
ecp,c0de9f17c7a0e13aead147f599211274,car,0.9375000596046448,13.59,A,0.2299,0.0356,252,39,1096,True
ecp,c0de9f17c7a0e13aead147f599211274,bicycle,0.6404494643211365,13.67,A,0.376,0.152,47,19,125,True
ecp,c0de9f17c7a0e13aead147f599211274,bicycle,0.6995305418968201,12.61,A,0.5314,0.0343,186,12,350,True
ecp,c0de9f17c7a0e13aead147f599211274,bicycle,0.7815700173377991,19.87,B,0.7126,0.1494,124,26,174,True
ecp,c0de9f17c7a0e13aead147f599211274,bicycle,0.6332378387451172,4.46,A,0.4286,0.0626,972,142,2268,True
ecp,c0de9f17c7a0e13aead147f599211274,bicycle,0.6012461185455322,4.48,A,0.7,0.0667,420,40,600,True
ecp,c0de9f17c7a0e13aead147f599211274,bicycle,0.5897435545921326,6.18,A,0.2836,0.0437,2354,363,8300,True
ecp,93142fff67950636d7295865ee95eb80,bicycle,0.9375000596046448,5.93,A,0.5476,0.3571,138,90,252,True
ecp,93142fff67950636d7295865ee95eb80,pedestrian,1.0,27.23,B,0.425,0.175,34,14,80,True
ecp,93142fff67950636d7295865ee95eb80,pedestrian,1.0,42.37,C,0.2222,0.0635,14,4,63,True
ecp,93142fff67950636d7295865ee95eb80,pedestrian,1.0,27.0,B,0.3393,0.2679,19,15,56,True
ecp,93142fff67950636d7295865ee95eb80,pedestrian,1.0,26.71,B,0.3333,0.2917,16,14,48,True
ecp,93142fff67950636d7295865ee95eb80,pedestrian,1.0,42.37,C,0.075,0.2,3,8,40,False
ecp,93142fff67950636d7295865ee95eb80,pedestrian,1.0,27.12,B,0.3958,0.2083,19,10,48,True
ecp,93142fff67950636d7295865ee95eb80,pedestrian,1.0,27.51,B,0.2,0.3111,9,14,45,True
ecp,93142fff67950636d7295865ee95eb80,car,0.7655677795410156,40.24,C,0.0915,0.0128,93,13,1016,False
ecp,93142fff67950636d7295865ee95eb80,car,0.8827838897705078,14.93,A,0.0748,0.0132,130,23,1737,False
ecp,93142fff67950636d7295865ee95eb80,car,0.7655677795410156,18.65,B,0.0986,0.0063,142,9,1440,False
ecp,93142fff67950636d7295865ee95eb80,bicycle,0.8947368264198303,12.63,A,0.4634,0.1289,133,37,287,True
ecp,93142fff67950636d7295865ee95eb80,pedestrian,1.0,5.69,A,0.5714,0.2589,64,29,112,True
ecp,93142fff67950636d7295865ee95eb80,pedestrian,1.0,5.3,A,0.7778,0.1667,70,15,90,True
ecp,93142fff67950636d7295865ee95eb80,car,0.949367105960846,6.72,A,0.1141,0.0104,540,49,4732,True
ecp,93142fff67950636d7295865ee95eb80,car,0.949367105960846,10.44,A,0.2038,0.0172,2788,235,13680,True
ecp,451a8d1bdc7556807ec82d807f516acf,bicycle,0.9452055096626282,4.9,A,0.4472,0.3496,110,86,246,True
ecp,451a8d1bdc7556807ec82d807f516acf,pedestrian,1.0,19.42,B,0.0889,0.5111,4,23,45,False
ecp,451a8d1bdc7556807ec82d807f516acf,pedestrian,1.0,21.7,B,0.375,0.1667,18,8,48,True
ecp,451a8d1bdc7556807ec82d807f516acf,pedestrian,1.0,18.69,B,0.375,0.4375,12,14,32,True
ecp,451a8d1bdc7556807ec82d807f516acf,pedestrian,1.0,19.07,B,0.5357,0.3214,30,18,56,True
ecp,451a8d1bdc7556807ec82d807f516acf,pedestrian,1.0,36.69,C,0.3125,0.2708,15,13,48,True
ecp,451a8d1bdc7556807ec82d807f516acf,pedestrian,1.0,19.17,B,0.5179,0.3393,29,19,56,True
ecp,451a8d1bdc7556807ec82d807f516acf,pedestrian,1.0,36.96,C,0.1458,0.2708,7,13,48,True
ecp,451a8d1bdc7556807ec82d807f516acf,car,0.9259259104728699,11.28,A,0.1925,0.0213,298,33,1548,True
ecp,451a8d1bdc7556807ec82d807f516acf,car,0.8947368264198303,16.51,B,0.1426,0.0088,146,9,1024,True
ecp,451a8d1bdc7556807ec82d807f516acf,car,0.8552036285400391,32.91,C,0.0965,0.0241,104,26,1078,False
ecp,451a8d1bdc7556807ec82d807f516acf,car,0.921951174736023,6.62,A,0.3111,0.0884,433,123,1392,True
ecp,451a8d1bdc7556807ec82d807f516acf,car,0.9532163739204407,7.58,A,0.0887,0.0121,5327,728,60050,False
ecp,fd7c9c67dfc490de7bbbf55d19a4c17e,pedestrian,1.0,11.29,A,0.3393,0.5,19,28,56,True
ecp,fd7c9c67dfc490de7bbbf55d19a4c17e,pedestrian,1.0,16.7,B,0.4583,0.1875,22,9,48,True
ecp,fd7c9c67dfc490de7bbbf55d19a4c17e,pedestrian,1.0,29.03,B,0.6032,0.0952,38,6,63,True
ecp,fd7c9c67dfc490de7bbbf55d19a4c17e,pedestrian,1.0,10.57,A,0.5556,0.2778,30,15,54,True
ecp,fd7c9c67dfc490de7bbbf55d19a4c17e,pedestrian,1.0,16.86,B,0.3056,0.4722,11,17,36,True
ecp,fd7c9c67dfc490de7bbbf55d19a4c17e,pedestrian,1.0,11.61,A,0.4,0.2889,18,13,45,True
ecp,fd7c9c67dfc490de7bbbf55d19a4c17e,pedestrian,1.0,11.0,A,0.4583,0.3542,22,17,48,True
ecp,fd7c9c67dfc490de7bbbf55d19a4c17e,pedestrian,1.0,29.7,B,0.0625,0.1667,3,8,48,False
ecp,fd7c9c67dfc490de7bbbf55d19a4c17e,pedestrian,1.0,10.93,A,0.6286,0.3429,22,12,35,True
ecp,fd7c9c67dfc490de7bbbf55d19a4c17e,car,0.9064327478408813,25.16,B,0.2384,0.0432,287,52,1204,True
ecp,fd7c9c67dfc490de7bbbf55d19a4c17e,car,0.6289855241775513,35.86,C,0.0762,0.0127,72,12,945,False
ecp,fd7c9c67dfc490de7bbbf55d19a4c17e,pedestrian,1.0,12.5,A,0.1042,0.3333,5,16,48,True
ecp,fd7c9c67dfc490de7bbbf55d19a4c17e,car,0.8160918951034546,7.83,A,0.324,0.108,279,93,861,True
ecp,fd7c9c67dfc490de7bbbf55d19a4c17e,car,0.941605806350708,7.86,A,0.104,0.0092,8166,721,78540,True
ecp,67c800bf8a99f303719733be99b7799e,pedestrian,1.0,6.52,A,0.75,0.0625,72,6,96,True
ecp,67c800bf8a99f303719733be99b7799e,pedestrian,1.0,8.84,A,0.7344,0.2656,47,17,64,True
ecp,67c800bf8a99f303719733be99b7799e,pedestrian,1.0,19.79,B,0.5417,0.25,26,12,48,True
ecp,67c800bf8a99f303719733be99b7799e,pedestrian,1.0,22.04,B,0.3542,0.2917,17,14,48,True
ecp,67c800bf8a99f303719733be99b7799e,pedestrian,1.0,8.92,A,0.7222,0.25,52,18,72,True
ecp,67c800bf8a99f303719733be99b7799e,pedestrian,1.0,19.82,B,0.5625,0.2188,36,14,64,True
ecp,67c800bf8a99f303719733be99b7799e,pedestrian,1.0,22.28,B,0.2708,0.2917,13,14,48,True
ecp,67c800bf8a99f303719733be99b7799e,pedestrian,1.0,48.63,C,0.275,0.175,11,7,40,True
ecp,67c800bf8a99f303719733be99b7799e,pedestrian,1.0,48.58,C,0.1875,0.1875,9,9,48,True
ecp,67c800bf8a99f303719733be99b7799e,pedestrian,1.0,30.69,C,0.1667,0.25,8,12,48,True
ecp,67c800bf8a99f303719733be99b7799e,bicycle,0.5151515007019043,23.84,B,0.6333,0.1444,57,13,90,True
ecp,5b71e8ddee3c167f0e3634807875dcd8,pedestrian,1.0,19.41,B,0.6389,0.1944,69,21,108,True
ecp,5b71e8ddee3c167f0e3634807875dcd8,pedestrian,1.0,26.16,B,0.5111,0.1333,46,12,90,True
ecp,5b71e8ddee3c167f0e3634807875dcd8,pedestrian,1.0,38.16,C,0.0926,0.1111,5,6,54,False
ecp,5b71e8ddee3c167f0e3634807875dcd8,pedestrian,1.0,14.52,A,0.7143,0.1607,40,9,56,True
ecp,5b71e8ddee3c167f0e3634807875dcd8,pedestrian,1.0,14.42,A,0.475,0.275,19,11,40,True
ecp,5b71e8ddee3c167f0e3634807875dcd8,pedestrian,1.0,26.04,B,0.3889,0.2222,14,8,36,True
ecp,5b71e8ddee3c167f0e3634807875dcd8,pedestrian,1.0,42.4,C,0.1333,0.2444,6,11,45,True
ecp,5b71e8ddee3c167f0e3634807875dcd8,pedestrian,1.0,17.32,B,0.4219,0.3438,27,22,64,True
ecp,5b71e8ddee3c167f0e3634807875dcd8,pedestrian,1.0,17.56,B,0.4643,0.25,26,14,56,True
ecp,5b71e8ddee3c167f0e3634807875dcd8,pedestrian,1.0,39.16,C,0.1975,0.2099,16,17,81,True
ecp,5b71e8ddee3c167f0e3634807875dcd8,pedestrian,1.0,38.91,C,0.3704,0.1667,20,9,54,True
ecp,5b71e8ddee3c167f0e3634807875dcd8,bicycle,0.6332378387451172,22.26,B,0.3889,0.0222,70,4,180,True
ecp,5b71e8ddee3c167f0e3634807875dcd8,bicycle,0.5936508178710938,42.6,C,0.0,0.0,0,0,116,False
ecp,d9954041eb03adaae8c25205f3713ad6,pedestrian,1.0,29.62,B,0.25,0.3333,12,16,48,True
ecp,d9954041eb03adaae8c25205f3713ad6,pedestrian,1.0,16.05,B,0.375,0.375,15,15,40,True
ecp,d9954041eb03adaae8c25205f3713ad6,pedestrian,1.0,10.32,A,0.6562,0.25,42,16,64,True
ecp,d9954041eb03adaae8c25205f3713ad6,pedestrian,1.0,10.15,A,0.6429,0.3214,36,18,56,True
ecp,d9954041eb03adaae8c25205f3713ad6,pedestrian,1.0,30.29,C,0.3875,0.2,31,16,80,True
ecp,d9954041eb03adaae8c25205f3713ad6,pedestrian,1.0,22.14,B,0.6058,0.1442,63,15,104,True
ecp,d9954041eb03adaae8c25205f3713ad6,pedestrian,1.0,13.56,A,0.5694,0.3056,41,22,72,True
ecp,d9954041eb03adaae8c25205f3713ad6,pedestrian,1.0,13.8,A,0.5469,0.2344,35,15,64,True
ecp,d9954041eb03adaae8c25205f3713ad6,pedestrian,1.0,30.48,C,0.5833,0.2708,28,13,48,True
ecp,d9954041eb03adaae8c25205f3713ad6,pedestrian,1.0,22.27,B,0.375,0.2031,24,13,64,True
ecp,d9954041eb03adaae8c25205f3713ad6,bicycle,0.7229437232017517,31.86,C,0.4588,0.0412,78,7,170,True
ecp,e04ae9ceabce9d08af2df36c9432a811,pedestrian,1.0,7.57,A,0.7375,0.15,59,12,80,True
ecp,e04ae9ceabce9d08af2df36c9432a811,pedestrian,1.0,43.56,C,0.0,0.1042,0,5,48,False
ecp,e04ae9ceabce9d08af2df36c9432a811,pedestrian,1.0,36.24,C,0.2593,0.1389,28,15,108,True
ecp,e04ae9ceabce9d08af2df36c9432a811,pedestrian,1.0,21.7,B,0.0556,0.1389,2,5,36,False
ecp,e04ae9ceabce9d08af2df36c9432a811,pedestrian,1.0,14.02,A,0.425,0.425,17,17,40,True
ecp,e04ae9ceabce9d08af2df36c9432a811,pedestrian,1.0,7.66,A,0.7188,0.1354,69,13,96,True
ecp,e04ae9ceabce9d08af2df36c9432a811,pedestrian,1.0,33.32,C,0.375,0.2031,24,13,64,True
ecp,e04ae9ceabce9d08af2df36c9432a811,pedestrian,1.0,11.13,A,0.4375,0.4583,21,22,48,True
ecp,e04ae9ceabce9d08af2df36c9432a811,pedestrian,1.0,22.38,B,0.1562,0.5938,5,19,32,True
ecp,e04ae9ceabce9d08af2df36c9432a811,pedestrian,1.0,7.27,A,0.6389,0.25,46,18,72,True
ecp,e04ae9ceabce9d08af2df36c9432a811,pedestrian,1.0,43.22,C,0.25,0.2,10,8,40,True
ecp,e04ae9ceabce9d08af2df36c9432a811,pedestrian,1.0,23.09,B,0.2917,0.2778,21,20,72,True
ecp,e04ae9ceabce9d08af2df36c9432a811,pedestrian,1.0,38.48,C,0.25,0.1667,18,12,72,True
ecp,e04ae9ceabce9d08af2df36c9432a811,pedestrian,1.0,11.32,A,0.5179,0.3036,29,17,56,True
ecp,e04ae9ceabce9d08af2df36c9432a811,pedestrian,1.0,23.31,B,0.5,0.2708,24,13,48,True
ecp,e04ae9ceabce9d08af2df36c9432a811,pedestrian,1.0,19.82,B,0.3889,0.3889,21,21,54,True
ecp,e04ae9ceabce9d08af2df36c9432a811,bicycle,0.7538461089134216,11.6,A,0.6875,0.0833,33,4,48,True
ecp,e04ae9ceabce9d08af2df36c9432a811,bicycle,0.7770034670829773,26.26,B,0.5687,0.0563,91,9,160,True
ecp,4f5872f933570badd754f23005b51455,bicycle,0.7387754917144775,5.44,A,0.7946,0.1429,89,16,112,True
ecp,4f5872f933570badd754f23005b51455,pedestrian,1.0,36.8,C,0.4198,0.1481,34,12,81,True
ecp,4f5872f933570badd754f23005b51455,pedestrian,1.0,37.0,C,0.2407,0.1852,13,10,54,True
ecp,4f5872f933570badd754f23005b51455,pedestrian,1.0,13.06,A,0.5778,0.2778,52,25,90,True
ecp,4f5872f933570badd754f23005b51455,pedestrian,1.0,41.47,C,0.2812,0.1562,18,10,64,True
ecp,4f5872f933570badd754f23005b51455,pedestrian,1.0,15.87,B,0.4688,0.3125,30,20,64,True
ecp,4f5872f933570badd754f23005b51455,pedestrian,1.0,9.64,A,0.4583,0.5208,22,25,48,True
ecp,4f5872f933570badd754f23005b51455,pedestrian,1.0,9.75,A,0.5536,0.2857,31,16,56,True
ecp,4f5872f933570badd754f23005b51455,pedestrian,1.0,16.73,B,0.4722,0.3333,34,24,72,True
ecp,4f5872f933570badd754f23005b51455,pedestrian,1.0,18.57,B,0.3827,0.284,31,23,81,True
ecp,4f5872f933570badd754f23005b51455,pedestrian,1.0,16.98,B,0.375,0.3472,27,25,72,True
ecp,4f5872f933570badd754f23005b51455,pedestrian,1.0,41.49,C,0.3148,0.3148,17,17,54,True
ecp,4f5872f933570badd754f23005b51455,pedestrian,1.0,38.2,C,0.375,0.1562,24,10,64,True
ecp,4f5872f933570badd754f23005b51455,pedestrian,1.0,25.94,B,0.3929,0.2857,22,16,56,True
ecp,4f5872f933570badd754f23005b51455,bicycle,0.597484290599823,21.81,B,0.7125,0.0625,114,10,160,True
ecp,a7544bef0606514fb76bde8552ac2d9b,bicycle,0.5508772134780884,4.77,A,0.3125,0.2542,75,61,240,True
ecp,a7544bef0606514fb76bde8552ac2d9b,bicycle,0.6717948913574219,4.56,A,0.5655,0.1776,328,103,580,True
ecp,a7544bef0606514fb76bde8552ac2d9b,pedestrian,1.0,9.86,A,0.537,0.3148,29,17,54,True
ecp,a7544bef0606514fb76bde8552ac2d9b,pedestrian,1.0,11.28,A,0.6719,0.2656,43,17,64,True
ecp,a7544bef0606514fb76bde8552ac2d9b,pedestrian,1.0,30.63,C,0.2778,0.2778,10,10,36,True
ecp,a7544bef0606514fb76bde8552ac2d9b,pedestrian,1.0,11.04,A,0.6914,0.1728,56,14,81,True
ecp,a7544bef0606514fb76bde8552ac2d9b,pedestrian,1.0,8.69,A,0.2708,0.1042,13,5,48,True
ecp,a7544bef0606514fb76bde8552ac2d9b,pedestrian,1.0,23.24,B,0.5972,0.1667,43,12,72,True
ecp,a7544bef0606514fb76bde8552ac2d9b,pedestrian,1.0,40.09,C,0.25,0.125,4,2,16,True
ecp,a7544bef0606514fb76bde8552ac2d9b,pedestrian,1.0,30.68,C,0.4167,0.25,30,18,72,True
ecp,a7544bef0606514fb76bde8552ac2d9b,pedestrian,1.0,8.67,A,0.3175,0.1746,20,11,63,True
ecp,a7544bef0606514fb76bde8552ac2d9b,pedestrian,1.0,40.24,C,0.2917,0.1875,14,9,48,True
ecp,a7544bef0606514fb76bde8552ac2d9b,pedestrian,1.0,40.31,C,0.2361,0.1667,17,12,72,True
ecp,a7544bef0606514fb76bde8552ac2d9b,pedestrian,1.0,17.43,B,0.5079,0.381,32,24,63,True
ecp,a7544bef0606514fb76bde8552ac2d9b,pedestrian,1.0,23.44,B,0.5139,0.2361,37,17,72,True
ecp,a7544bef0606514fb76bde8552ac2d9b,pedestrian,1.0,12.32,A,0.4583,0.2361,33,17,72,True
ecp,a7544bef0606514fb76bde8552ac2d9b,pedestrian,1.0,38.39,C,0.1667,0.2292,8,11,48,True
ecp,a7544bef0606514fb76bde8552ac2d9b,pedestrian,1.0,38.35,C,0.6042,0.0,29,0,48,True
ecp,a7544bef0606514fb76bde8552ac2d9b,pedestrian,1.0,23.2,B,0.3958,0.1667,19,8,48,True
ecp,a7544bef0606514fb76bde8552ac2d9b,bus,0.5747508406639099,20.02,B,0.3159,0.0513,616,100,1950,True
ecp,295edbafd5a0690504f1827fc9fa53cd,pedestrian,1.0,17.02,B,0.4821,0.3571,27,20,56,True
ecp,295edbafd5a0690504f1827fc9fa53cd,pedestrian,1.0,17.26,B,0.375,0.4583,18,22,48,True
ecp,295edbafd5a0690504f1827fc9fa53cd,pedestrian,1.0,39.41,C,0.175,0.325,7,13,40,True
ecp,295edbafd5a0690504f1827fc9fa53cd,pedestrian,1.0,11.92,A,0.4921,0.3492,31,22,63,True
ecp,295edbafd5a0690504f1827fc9fa53cd,pedestrian,1.0,39.17,C,0.5111,0.0667,23,3,45,True
ecp,295edbafd5a0690504f1827fc9fa53cd,pedestrian,1.0,5.93,A,0.463,0.4444,25,24,54,True
ecp,295edbafd5a0690504f1827fc9fa53cd,pedestrian,1.0,8.21,A,0.3125,0.2031,20,13,64,True
ecp,295edbafd5a0690504f1827fc9fa53cd,pedestrian,1.0,7.9,A,0.3929,0.2679,22,15,56,True
ecp,295edbafd5a0690504f1827fc9fa53cd,pedestrian,1.0,18.23,B,0.4722,0.1944,17,7,36,True
ecp,295edbafd5a0690504f1827fc9fa53cd,pedestrian,1.0,39.36,C,0.2083,0.25,10,12,48,True
ecp,295edbafd5a0690504f1827fc9fa53cd,pedestrian,1.0,25.01,B,0.3125,0.2812,10,9,32,True
ecp,295edbafd5a0690504f1827fc9fa53cd,pedestrian,1.0,39.59,C,0.2222,0.1389,16,10,72,True
ecp,295edbafd5a0690504f1827fc9fa53cd,pedestrian,1.0,13.5,A,0.5714,0.3214,32,18,56,True
ecp,295edbafd5a0690504f1827fc9fa53cd,pedestrian,1.0,17.55,B,0.45,0.3,18,12,40,True
ecp,295edbafd5a0690504f1827fc9fa53cd,pedestrian,1.0,46.34,C,0.3333,0.0833,24,6,72,True
ecp,295edbafd5a0690504f1827fc9fa53cd,pedestrian,1.0,39.05,C,0.2716,0.1605,22,13,81,True
ecp,295edbafd5a0690504f1827fc9fa53cd,pedestrian,1.0,17.46,B,0.5,0.3036,28,17,56,True
ecp,295edbafd5a0690504f1827fc9fa53cd,pedestrian,1.0,17.75,B,0.55,0.2375,44,19,80,True
ecp,295edbafd5a0690504f1827fc9fa53cd,bicycle,0.8827838897705078,15.62,B,0.6869,0.1465,136,29,198,True
ecp,295edbafd5a0690504f1827fc9fa53cd,pedestrian,1.0,4.77,A,0.6984,0.3016,44,19,63,True
ecp,295edbafd5a0690504f1827fc9fa53cd,pedestrian,1.0,6.15,A,0.6263,0.2424,62,24,99,True
ecp,295edbafd5a0690504f1827fc9fa53cd,pedestrian,1.0,6.04,A,0.5556,0.3333,35,21,63,True
ecp,22f7ff72ace6fadd5aa2ad7c9f6088bc,pedestrian,1.0,8.67,A,0.675,0.2875,54,23,80,True
ecp,22f7ff72ace6fadd5aa2ad7c9f6088bc,pedestrian,1.0,40.66,C,0.2292,0.25,11,12,48,True
ecp,22f7ff72ace6fadd5aa2ad7c9f6088bc,pedestrian,1.0,42.2,C,0.4375,0.25,14,8,32,True
ecp,22f7ff72ace6fadd5aa2ad7c9f6088bc,pedestrian,1.0,8.03,A,0.3958,0.3333,19,16,48,True
ecp,22f7ff72ace6fadd5aa2ad7c9f6088bc,pedestrian,1.0,18.79,B,0.5185,0.2778,28,15,54,True
ecp,22f7ff72ace6fadd5aa2ad7c9f6088bc,pedestrian,1.0,40.57,C,0.625,0.0,20,0,32,True
ecp,22f7ff72ace6fadd5aa2ad7c9f6088bc,pedestrian,1.0,8.71,A,0.6667,0.2963,54,24,81,True
ecp,22f7ff72ace6fadd5aa2ad7c9f6088bc,pedestrian,1.0,8.25,A,0.2188,0.4688,7,15,32,True
ecp,22f7ff72ace6fadd5aa2ad7c9f6088bc,pedestrian,1.0,17.91,B,0.6444,0.2,29,9,45,True
ecp,22f7ff72ace6fadd5aa2ad7c9f6088bc,pedestrian,1.0,8.45,A,0.7083,0.2083,51,15,72,True
ecp,22f7ff72ace6fadd5aa2ad7c9f6088bc,pedestrian,1.0,12.07,A,0.5357,0.2857,30,16,56,True
ecp,22f7ff72ace6fadd5aa2ad7c9f6088bc,pedestrian,1.0,12.61,A,0.6562,0.25,42,16,64,True
ecp,22f7ff72ace6fadd5aa2ad7c9f6088bc,pedestrian,1.0,12.51,A,0.5208,0.3542,25,17,48,True
ecp,22f7ff72ace6fadd5aa2ad7c9f6088bc,pedestrian,1.0,17.74,B,0.4286,0.3651,27,23,63,True
ecp,22f7ff72ace6fadd5aa2ad7c9f6088bc,bicycle,0.9064327478408813,13.1,A,0.7571,0.1482,424,83,560,True
ecp,22f7ff72ace6fadd5aa2ad7c9f6088bc,car,0.8672199249267578,21.4,B,0.2847,0.0434,328,50,1152,True
ecp,22f7ff72ace6fadd5aa2ad7c9f6088bc,car,0.949367105960846,13.0,A,0.3557,0.0709,637,127,1791,True
ecp,9b606a045521d97affccc4a33baf2446,pedestrian,1.0,42.21,C,0.5312,0.0,17,0,32,True
ecp,9b606a045521d97affccc4a33baf2446,pedestrian,1.0,25.71,B,0.5625,0.1875,18,6,32,True
ecp,9b606a045521d97affccc4a33baf2446,pedestrian,1.0,17.95,B,0.4938,0.1605,40,13,81,True
ecp,9b606a045521d97affccc4a33baf2446,pedestrian,1.0,15.4,B,0.5,0.3125,24,15,48,True
ecp,9b606a045521d97affccc4a33baf2446,pedestrian,1.0,17.93,B,0.4583,0.3333,33,24,72,True
ecp,9b606a045521d97affccc4a33baf2446,pedestrian,1.0,12.85,A,0.3194,0.125,23,9,72,True
ecp,9b606a045521d97affccc4a33baf2446,pedestrian,1.0,8.21,A,0.3333,0.3333,18,18,54,True
ecp,9b606a045521d97affccc4a33baf2446,pedestrian,1.0,9.94,A,0.7788,0.1442,81,15,104,True
ecp,9b606a045521d97affccc4a33baf2446,pedestrian,1.0,41.59,C,0.25,0.0,6,0,24,True
ecp,9b606a045521d97affccc4a33baf2446,pedestrian,1.0,18.06,B,0.5278,0.1944,19,7,36,True
ecp,9b606a045521d97affccc4a33baf2446,pedestrian,1.0,8.06,A,0.3333,0.1746,21,11,63,True
ecp,9b606a045521d97affccc4a33baf2446,pedestrian,1.0,18.33,B,0.8611,0.0556,31,2,36,True
ecp,9b606a045521d97affccc4a33baf2446,pedestrian,1.0,18.42,B,0.6667,0.1852,36,10,54,True
ecp,9b606a045521d97affccc4a33baf2446,pedestrian,1.0,18.08,B,0.4444,0.3111,20,14,45,True
ecp,9b606a045521d97affccc4a33baf2446,pedestrian,1.0,39.42,C,0.0952,0.381,2,8,21,False
ecp,9b606a045521d97affccc4a33baf2446,pedestrian,1.0,13.0,A,0.6049,0.2593,49,21,81,True
ecp,9b606a045521d97affccc4a33baf2446,pedestrian,1.0,13.08,A,0.7083,0.125,17,3,24,True
ecp,9b606a045521d97affccc4a33baf2446,pedestrian,1.0,41.89,C,0.2083,0.25,10,12,48,True
ecp,9b606a045521d97affccc4a33baf2446,pedestrian,1.0,9.78,A,0.1481,0.0926,8,5,54,True
ecp,9b606a045521d97affccc4a33baf2446,pedestrian,1.0,8.18,A,0.4375,0.1458,42,14,96,True
ecp,9b606a045521d97affccc4a33baf2446,bicycle,0.8128654956817627,11.02,A,0.4567,0.0845,227,42,497,True
ecp,9b606a045521d97affccc4a33baf2446,pedestrian,1.0,39.26,C,0.2857,0.2143,12,9,42,True
ecp,9b606a045521d97affccc4a33baf2446,car,0.9179486632347107,11.7,A,0.3962,0.0561,706,100,1782,True
ecp,e7123641f3e281821a20c2a7bf5978f3,pedestrian,1.0,18.23,B,0.9688,0.0,62,0,64,True
ecp,e7123641f3e281821a20c2a7bf5978f3,pedestrian,1.0,5.48,A,0.8375,0.1375,67,11,80,True
ecp,e7123641f3e281821a20c2a7bf5978f3,pedestrian,1.0,21.04,B,0.7083,0.0417,17,1,24,True
ecp,e7123641f3e281821a20c2a7bf5978f3,pedestrian,1.0,36.49,C,0.1389,0.0417,10,3,72,True
ecp,e7123641f3e281821a20c2a7bf5978f3,car,0.9298245906829834,16.32,B,0.2006,0.0272,251,34,1251,True
ecp,e7123641f3e281821a20c2a7bf5978f3,car,0.9024390578269958,20.71,B,0.0606,0.007,78,9,1288,False
ecp,e7123641f3e281821a20c2a7bf5978f3,car,0.9609756469726562,10.65,A,0.229,0.0132,2709,156,11832,True
ecp,ac25e3e2c8dbadc34a922ebdd84451df,pedestrian,1.0,28.58,B,0.4896,0.1667,47,16,96,True
ecp,ac25e3e2c8dbadc34a922ebdd84451df,pedestrian,1.0,47.66,C,0.375,0.125,12,4,32,True
ecp,ac25e3e2c8dbadc34a922ebdd84451df,bicycle,0.9298245906829834,15.13,B,0.7391,0.0,68,0,92,True
ecp,ac25e3e2c8dbadc34a922ebdd84451df,car,0.96875,9.21,A,0.3225,0.0309,2226,213,6902,True
ecp,363306f556720194c5980d5bd166f265,pedestrian,1.0,49.31,C,0.1429,0.0408,7,2,49,True
ecp,363306f556720194c5980d5bd166f265,pedestrian,1.0,51.61,C,0.0,0.0,0,0,72,False
ecp,363306f556720194c5980d5bd166f265,pedestrian,1.0,15.88,B,0.75,0.2344,48,15,64,True
ecp,363306f556720194c5980d5bd166f265,pedestrian,1.0,49.65,C,0.0,0.0,0,0,56,False
ecp,363306f556720194c5980d5bd166f265,pedestrian,1.0,23.9,B,0.0,0.0185,0,1,54,False
ecp,363306f556720194c5980d5bd166f265,pedestrian,1.0,22.95,B,0.6389,0.1389,23,5,36,True
ecp,363306f556720194c5980d5bd166f265,pedestrian,1.0,24.99,B,0.2857,0.2857,8,8,28,True
ecp,363306f556720194c5980d5bd166f265,pedestrian,1.0,24.0,B,0.0,0.0,0,0,56,False
ecp,363306f556720194c5980d5bd166f265,pedestrian,1.0,18.72,B,0.6508,0.0635,41,4,63,True
ecp,363306f556720194c5980d5bd166f265,pedestrian,1.0,18.63,B,0.875,0.0833,21,2,24,True
ecp,363306f556720194c5980d5bd166f265,pedestrian,1.0,14.27,A,0.7812,0.125,75,12,96,True
ecp,363306f556720194c5980d5bd166f265,pedestrian,1.0,17.77,B,0.8095,0.0952,34,4,42,True
ecp,363306f556720194c5980d5bd166f265,pedestrian,1.0,26.34,B,0.0,0.0,0,0,63,False
ecp,363306f556720194c5980d5bd166f265,pedestrian,1.0,23.19,B,0.5,0.25,24,12,48,True
ecp,363306f556720194c5980d5bd166f265,pedestrian,1.0,19.54,B,0.6964,0.25,39,14,56,True
ecp,363306f556720194c5980d5bd166f265,pedestrian,1.0,21.07,B,0.7091,0.1636,39,9,55,True
ecp,363306f556720194c5980d5bd166f265,pedestrian,1.0,17.95,B,0.6458,0.1667,62,16,96,True
ecp,363306f556720194c5980d5bd166f265,pedestrian,1.0,5.64,A,0.8438,0.125,27,4,32,True
ecp,363306f556720194c5980d5bd166f265,pedestrian,1.0,19.2,B,0.6477,0.1818,57,16,88,True
ecp,363306f556720194c5980d5bd166f265,pedestrian,1.0,40.92,C,0.25,0.2083,6,5,24,True
ecp,363306f556720194c5980d5bd166f265,pedestrian,1.0,33.88,C,0.3214,0.2143,18,12,56,True
ecp,363306f556720194c5980d5bd166f265,pedestrian,1.0,39.43,C,0.25,0.1875,8,6,32,True
ecp,363306f556720194c5980d5bd166f265,pedestrian,1.0,29.43,B,0.4062,0.1719,26,11,64,True
ecp,363306f556720194c5980d5bd166f265,pedestrian,1.0,35.58,C,0.2593,0.1481,14,8,54,True
ecp,363306f556720194c5980d5bd166f265,pedestrian,1.0,38.53,C,0.3438,0.125,11,4,32,True
ecp,363306f556720194c5980d5bd166f265,pedestrian,1.0,13.42,A,0.6481,0.2593,35,14,54,True
ecp,363306f556720194c5980d5bd166f265,pedestrian,1.0,15.71,B,0.5208,0.3125,25,15,48,True
ecp,363306f556720194c5980d5bd166f265,pedestrian,1.0,25.6,B,0.4167,0.2708,20,13,48,True
ecp,363306f556720194c5980d5bd166f265,pedestrian,1.0,28.66,B,0.3333,0.2963,18,16,54,True
ecp,363306f556720194c5980d5bd166f265,pedestrian,1.0,16.05,B,0.5833,0.2708,28,13,48,True
ecp,363306f556720194c5980d5bd166f265,pedestrian,1.0,26.54,B,0.5,0.0417,24,2,48,True
ecp,363306f556720194c5980d5bd166f265,pedestrian,1.0,34.53,C,0.4444,0.1667,32,12,72,True
ecp,363306f556720194c5980d5bd166f265,pedestrian,1.0,27.22,B,0.25,0.1042,12,5,48,True
ecp,363306f556720194c5980d5bd166f265,pedestrian,1.0,28.36,B,0.4688,0.2031,30,13,64,True
ecp,363306f556720194c5980d5bd166f265,pedestrian,1.0,31.02,C,0.4444,0.1556,20,7,45,True
ecp,363306f556720194c5980d5bd166f265,pedestrian,1.0,28.33,B,0.3333,0.125,16,6,48,True
ecp,363306f556720194c5980d5bd166f265,pedestrian,1.0,40.96,C,0.45,0.1,18,4,40,True
ecp,363306f556720194c5980d5bd166f265,pedestrian,1.0,26.52,B,0.5,0.1719,32,11,64,True
ecp,363306f556720194c5980d5bd166f265,car,0.7037037014961243,24.67,B,0.1819,0.0375,262,54,1440,True
ecp,363306f556720194c5980d5bd166f265,car,0.96875,12.76,A,0.3875,0.067,1081,187,2790,True
ecp,363306f556720194c5980d5bd166f265,bicycle,0.8827838897705078,11.32,A,0.825,0.0969,264,31,320,True
ecp,363306f556720194c5980d5bd166f265,bicycle,0.6404494643211365,30.01,C,0.5417,0.0781,104,15,192,True
ecp,363306f556720194c5980d5bd166f265,bicycle,0.8160918951034546,12.93,A,0.7138,0.125,217,38,304,True
ecp,363306f556720194c5980d5bd166f265,pedestrian,1.0,16.03,B,0.5833,0.2708,28,13,48,True
ecp,363306f556720194c5980d5bd166f265,pedestrian,1.0,15.7,B,0.525,0.3,21,12,40,True
ecp,363306f556720194c5980d5bd166f265,pedestrian,1.0,6.91,A,0.625,0.2375,50,19,80,True
ecp,363306f556720194c5980d5bd166f265,pedestrian,1.0,13.38,A,0.6607,0.25,37,14,56,True
ecp,363306f556720194c5980d5bd166f265,pedestrian,1.0,7.4,A,0.8333,0.1319,120,19,144,True
ecp,363306f556720194c5980d5bd166f265,pedestrian,1.0,7.4,A,0.8438,0.125,81,12,96,True
ecp,363306f556720194c5980d5bd166f265,pedestrian,1.0,9.05,A,0.5446,0.1875,61,21,112,True
ecp,ba638306bd269a0ba0a87703c2681523,pedestrian,1.0,13.97,A,0.8,0.1667,48,10,60,True
ecp,ba638306bd269a0ba0a87703c2681523,pedestrian,1.0,24.35,B,0.3333,0.1389,24,10,72,True
ecp,ba638306bd269a0ba0a87703c2681523,pedestrian,1.0,17.97,B,0.6667,0.2698,42,17,63,True
ecp,ba638306bd269a0ba0a87703c2681523,pedestrian,1.0,17.83,B,0.881,0.0,37,0,42,True
ecp,ba638306bd269a0ba0a87703c2681523,pedestrian,1.0,10.34,A,0.8194,0.1667,59,12,72,True
ecp,ba638306bd269a0ba0a87703c2681523,pedestrian,1.0,24.4,B,0.0833,0.0556,3,2,36,False
ecp,ba638306bd269a0ba0a87703c2681523,pedestrian,1.0,10.28,A,0.7778,0.2037,42,11,54,True
ecp,ba638306bd269a0ba0a87703c2681523,pedestrian,1.0,10.91,A,0.8765,0.1111,71,9,81,True
ecp,ba638306bd269a0ba0a87703c2681523,pedestrian,1.0,14.03,A,0.7778,0.1905,49,12,63,True
ecp,ba638306bd269a0ba0a87703c2681523,pedestrian,1.0,13.19,A,0.5469,0.1719,35,11,64,True
ecp,ba638306bd269a0ba0a87703c2681523,bicycle,0.9375000596046448,7.21,A,0.7273,0.1288,288,51,396,True
ecp,ba638306bd269a0ba0a87703c2681523,pedestrian,1.0,21.3,B,0.4583,0.1667,11,4,24,True
ecp,ba638306bd269a0ba0a87703c2681523,pedestrian,1.0,26.71,B,0.3929,0.1964,22,11,56,True
ecp,ba638306bd269a0ba0a87703c2681523,pedestrian,1.0,20.42,B,0.6389,0.2083,46,15,72,True
ecp,ba638306bd269a0ba0a87703c2681523,pedestrian,1.0,31.05,C,0.3333,0.3333,16,16,48,True
ecp,ba638306bd269a0ba0a87703c2681523,pedestrian,1.0,31.84,C,0.3125,0.1875,10,6,32,True
ecp,ba638306bd269a0ba0a87703c2681523,pedestrian,1.0,21.73,B,0.4583,0.3125,22,15,48,True
ecp,ba638306bd269a0ba0a87703c2681523,pedestrian,1.0,12.02,A,0.6429,0.2857,36,16,56,True
ecp,ba638306bd269a0ba0a87703c2681523,pedestrian,1.0,31.84,C,0.4375,0.2812,14,9,32,True
ecp,ba638306bd269a0ba0a87703c2681523,pedestrian,1.0,28.91,B,0.4167,0.1458,20,7,48,True
ecp,ba638306bd269a0ba0a87703c2681523,pedestrian,1.0,20.51,B,0.4722,0.2361,34,17,72,True
ecp,ba638306bd269a0ba0a87703c2681523,pedestrian,1.0,33.68,C,0.3111,0.2,14,9,45,True
ecp,ba638306bd269a0ba0a87703c2681523,pedestrian,1.0,29.77,B,0.5,0.125,24,6,48,True
ecp,ba638306bd269a0ba0a87703c2681523,pedestrian,1.0,41.1,C,0.2083,0.0833,10,4,48,True
ecp,ba638306bd269a0ba0a87703c2681523,pedestrian,1.0,22.0,B,0.375,0.2,15,8,40,True
ecp,ba638306bd269a0ba0a87703c2681523,pedestrian,1.0,21.08,B,0.2917,0.1875,14,9,48,True
ecp,ba638306bd269a0ba0a87703c2681523,pedestrian,1.0,20.72,B,0.5139,0.2639,37,19,72,True
ecp,ba638306bd269a0ba0a87703c2681523,pedestrian,1.0,19.31,B,0.4107,0.3036,23,17,56,True
ecp,ba638306bd269a0ba0a87703c2681523,pedestrian,1.0,37.14,C,0.4062,0.0781,26,5,64,True
ecp,ba638306bd269a0ba0a87703c2681523,bicycle,0.8202247023582458,19.64,B,0.5635,0.1984,71,25,126,True
ecp,ba638306bd269a0ba0a87703c2681523,bicycle,0.6559139490127563,24.88,B,0.6544,0.0553,142,12,217,True
ecp,ba638306bd269a0ba0a87703c2681523,pedestrian,1.0,8.06,A,0.7344,0.2344,47,15,64,True
ecp,ba638306bd269a0ba0a87703c2681523,pedestrian,1.0,10.55,A,0.6458,0.25,31,12,48,True
ecp,ba638306bd269a0ba0a87703c2681523,pedestrian,1.0,8.39,A,0.7639,0.1806,55,13,72,True
ecp,ba638306bd269a0ba0a87703c2681523,pedestrian,1.0,8.55,A,0.7812,0.2031,50,13,64,True
ecp,ba638306bd269a0ba0a87703c2681523,car,0.9336099624633789,6.62,A,0.2207,0.0607,607,167,2750,True
ecp,eab4f6731fc8298ef78f7c3a57c67392,pedestrian,1.0,8.31,A,0.6389,0.3333,23,12,36,True
ecp,eab4f6731fc8298ef78f7c3a57c67392,pedestrian,1.0,20.99,B,0.7917,0.0972,57,7,72,True
ecp,eab4f6731fc8298ef78f7c3a57c67392,pedestrian,1.0,21.74,B,0.6852,0.1481,37,8,54,True
ecp,eab4f6731fc8298ef78f7c3a57c67392,pedestrian,1.0,10.41,A,0.75,0.1786,42,10,56,True
ecp,eab4f6731fc8298ef78f7c3a57c67392,pedestrian,1.0,32.06,C,0.3333,0.0556,24,4,72,True
ecp,eab4f6731fc8298ef78f7c3a57c67392,bicycle,0.9609756469726562,3.42,A,0.7431,0.044,321,19,432,True
ecp,eab4f6731fc8298ef78f7c3a57c67392,pedestrian,1.0,17.97,B,0.5333,0.2444,24,11,45,True
ecp,eab4f6731fc8298ef78f7c3a57c67392,pedestrian,1.0,17.76,B,0.4762,0.1587,30,10,63,True
ecp,eab4f6731fc8298ef78f7c3a57c67392,pedestrian,1.0,17.28,B,0.6042,0.1667,29,8,48,True
ecp,eab4f6731fc8298ef78f7c3a57c67392,pedestrian,1.0,45.94,C,0.125,0.0,4,0,32,True
ecp,eab4f6731fc8298ef78f7c3a57c67392,pedestrian,1.0,26.39,B,0.4643,0.1964,26,11,56,True
ecp,eab4f6731fc8298ef78f7c3a57c67392,pedestrian,1.0,15.33,B,0.5714,0.3214,32,18,56,True
ecp,eab4f6731fc8298ef78f7c3a57c67392,pedestrian,1.0,14.93,A,0.4821,0.4107,27,23,56,True
ecp,eab4f6731fc8298ef78f7c3a57c67392,pedestrian,1.0,21.24,B,0.5341,0.1591,47,14,88,True
ecp,eab4f6731fc8298ef78f7c3a57c67392,pedestrian,1.0,36.55,C,0.6042,0.0833,29,4,48,True
ecp,eab4f6731fc8298ef78f7c3a57c67392,pedestrian,1.0,21.21,B,0.5625,0.1875,27,9,48,True
ecp,eab4f6731fc8298ef78f7c3a57c67392,pedestrian,1.0,14.7,A,0.5156,0.375,33,24,64,True
ecp,eab4f6731fc8298ef78f7c3a57c67392,pedestrian,1.0,16.93,B,0.3036,0.3393,17,19,56,True
ecp,eab4f6731fc8298ef78f7c3a57c67392,pedestrian,1.0,21.89,B,0.6556,0.1333,59,12,90,True
ecp,eab4f6731fc8298ef78f7c3a57c67392,pedestrian,1.0,18.08,B,0.2,0.1,8,4,40,True
ecp,eab4f6731fc8298ef78f7c3a57c67392,pedestrian,1.0,26.5,B,0.3827,0.2222,31,18,81,True
ecp,eab4f6731fc8298ef78f7c3a57c67392,pedestrian,1.0,17.18,B,0.6444,0.2,29,9,45,True
ecp,eab4f6731fc8298ef78f7c3a57c67392,pedestrian,1.0,17.58,B,0.5833,0.2361,42,17,72,True
ecp,eab4f6731fc8298ef78f7c3a57c67392,pedestrian,1.0,14.77,A,0.6944,0.25,50,18,72,True
ecp,eab4f6731fc8298ef78f7c3a57c67392,bicycle,0.8709677457809448,14.29,A,0.7617,0.1758,195,45,256,True
ecp,eab4f6731fc8298ef78f7c3a57c67392,bicycle,0.5508772134780884,27.99,B,0.45,0.05,81,9,180,True
ecp,eab4f6731fc8298ef78f7c3a57c67392,bicycle,0.6683937907218933,17.41,B,0.6719,0.125,172,32,256,True
ecp,eab4f6731fc8298ef78f7c3a57c67392,bicycle,0.6683937907218933,19.66,B,0.7,0.0583,252,21,360,True
ecp,eab4f6731fc8298ef78f7c3a57c67392,bicycle,0.5151515007019043,15.58,B,0.6389,0.1667,69,18,108,True
ecp,eab4f6731fc8298ef78f7c3a57c67392,pedestrian,1.0,8.65,A,0.4444,0.2444,20,11,45,True
ecp,eab4f6731fc8298ef78f7c3a57c67392,pedestrian,1.0,8.87,A,0.3214,0.3214,9,9,28,True
ecp,eab4f6731fc8298ef78f7c3a57c67392,pedestrian,1.0,8.4,A,0.4792,0.4375,23,21,48,True
ecp,eab4f6731fc8298ef78f7c3a57c67392,pedestrian,1.0,15.68,B,0.5278,0.1944,19,7,36,True
ecp,eab4f6731fc8298ef78f7c3a57c67392,pedestrian,1.0,8.45,A,0.0781,0.0078,10,1,128,False
ecp,eab4f6731fc8298ef78f7c3a57c67392,car,0.9609756469726562,10.31,A,0.1381,0.0079,31898,1829,231014,True
ecp,eab4f6731fc8298ef78f7c3a57c67392,car,0.7142857313156128,14.23,A,0.5769,0.0568,893,88,1548,True
ecp,065e5ca3a6e58d7e3822e5d7f5a51e04,pedestrian,1.0,9.4,A,0.8182,0.1414,81,14,99,True
ecp,065e5ca3a6e58d7e3822e5d7f5a51e04,pedestrian,1.0,15.83,B,0.619,0.2698,39,17,63,True
ecp,065e5ca3a6e58d7e3822e5d7f5a51e04,pedestrian,1.0,6.34,A,0.4583,0.3958,22,19,48,True
ecp,065e5ca3a6e58d7e3822e5d7f5a51e04,pedestrian,1.0,16.74,B,0.7818,0.1091,43,6,55,True
ecp,065e5ca3a6e58d7e3822e5d7f5a51e04,pedestrian,1.0,22.14,B,0.3095,0.1905,13,8,42,True
ecp,065e5ca3a6e58d7e3822e5d7f5a51e04,pedestrian,1.0,20.7,B,0.25,0.0833,6,2,24,True
ecp,065e5ca3a6e58d7e3822e5d7f5a51e04,pedestrian,1.0,6.12,A,0.6562,0.2969,42,19,64,True
ecp,065e5ca3a6e58d7e3822e5d7f5a51e04,pedestrian,1.0,17.79,B,0.4062,0.25,13,8,32,True
ecp,065e5ca3a6e58d7e3822e5d7f5a51e04,pedestrian,1.0,20.33,B,0.3594,0.1094,23,7,64,True
ecp,065e5ca3a6e58d7e3822e5d7f5a51e04,pedestrian,1.0,23.81,B,0.5694,0.0,41,0,72,True
ecp,065e5ca3a6e58d7e3822e5d7f5a51e04,pedestrian,1.0,18.22,B,0.0556,0.0,3,0,54,False
ecp,065e5ca3a6e58d7e3822e5d7f5a51e04,pedestrian,1.0,30.78,C,0.475,0.2,19,8,40,True
ecp,065e5ca3a6e58d7e3822e5d7f5a51e04,pedestrian,1.0,20.68,B,0.1429,0.0612,7,3,49,True
ecp,065e5ca3a6e58d7e3822e5d7f5a51e04,pedestrian,1.0,6.9,A,0.675,0.2125,54,17,80,True
ecp,065e5ca3a6e58d7e3822e5d7f5a51e04,pedestrian,1.0,9.6,A,0.75,0.2292,36,11,48,True
ecp,065e5ca3a6e58d7e3822e5d7f5a51e04,pedestrian,1.0,25.35,B,0.6111,0.1667,22,6,36,True
ecp,065e5ca3a6e58d7e3822e5d7f5a51e04,pedestrian,1.0,25.42,B,0.2593,0.0556,14,3,54,True
ecp,065e5ca3a6e58d7e3822e5d7f5a51e04,pedestrian,1.0,33.4,C,0.0,0.0,0,0,35,False
ecp,065e5ca3a6e58d7e3822e5d7f5a51e04,pedestrian,1.0,11.68,A,0.4821,0.25,27,14,56,True
ecp,065e5ca3a6e58d7e3822e5d7f5a51e04,pedestrian,1.0,21.47,B,0.3333,0.1528,24,11,72,True
ecp,065e5ca3a6e58d7e3822e5d7f5a51e04,pedestrian,1.0,15.88,B,0.4815,0.1728,39,14,81,True
ecp,065e5ca3a6e58d7e3822e5d7f5a51e04,pedestrian,1.0,21.7,B,0.0625,0.0625,1,1,16,False
ecp,065e5ca3a6e58d7e3822e5d7f5a51e04,pedestrian,1.0,30.9,C,0.075,0.05,3,2,40,False
ecp,065e5ca3a6e58d7e3822e5d7f5a51e04,pedestrian,1.0,8.98,A,0.5208,0.4167,25,20,48,True
ecp,065e5ca3a6e58d7e3822e5d7f5a51e04,pedestrian,1.0,15.57,B,0.4107,0.2321,23,13,56,True
ecp,065e5ca3a6e58d7e3822e5d7f5a51e04,pedestrian,1.0,9.52,A,0.7727,0.1818,68,16,88,True
ecp,065e5ca3a6e58d7e3822e5d7f5a51e04,pedestrian,1.0,24.11,B,0.4062,0.0156,26,1,64,True
ecp,065e5ca3a6e58d7e3822e5d7f5a51e04,pedestrian,1.0,14.14,A,0.3571,0.2857,20,16,56,True
ecp,065e5ca3a6e58d7e3822e5d7f5a51e04,pedestrian,1.0,34.35,C,0.1562,0.1875,5,6,32,True
ecp,065e5ca3a6e58d7e3822e5d7f5a51e04,pedestrian,1.0,13.6,A,0.475,0.3,19,12,40,True
ecp,065e5ca3a6e58d7e3822e5d7f5a51e04,pedestrian,1.0,14.41,A,0.2,0.175,8,7,40,True
ecp,065e5ca3a6e58d7e3822e5d7f5a51e04,pedestrian,1.0,13.59,A,0.5873,0.1905,37,12,63,True
ecp,065e5ca3a6e58d7e3822e5d7f5a51e04,pedestrian,1.0,14.44,A,0.3036,0.375,17,21,56,True
ecp,065e5ca3a6e58d7e3822e5d7f5a51e04,pedestrian,1.0,15.48,B,0.3951,0.2593,32,21,81,True
ecp,065e5ca3a6e58d7e3822e5d7f5a51e04,pedestrian,1.0,20.59,B,0.2778,0.1667,15,9,54,True
ecp,065e5ca3a6e58d7e3822e5d7f5a51e04,bicycle,0.5747508406639099,20.31,B,0.5591,0.0609,156,17,279,True
ecp,065e5ca3a6e58d7e3822e5d7f5a51e04,bicycle,0.6012461185455322,17.63,B,0.6258,0.1097,97,17,155,True
ecp,065e5ca3a6e58d7e3822e5d7f5a51e04,bicycle,0.5540069937705994,21.2,B,0.4264,0.048,142,16,333,True
ecp,065e5ca3a6e58d7e3822e5d7f5a51e04,bicycle,0.8358974456787109,10.48,A,0.7083,0.0972,306,42,432,True
ecp,065e5ca3a6e58d7e3822e5d7f5a51e04,pedestrian,1.0,6.15,A,0.6032,0.3016,38,19,63,True
ecp,065e5ca3a6e58d7e3822e5d7f5a51e04,pedestrian,1.0,15.98,B,0.1806,0.0556,13,4,72,True
ecp,065e5ca3a6e58d7e3822e5d7f5a51e04,pedestrian,1.0,8.56,A,0.3148,0.2037,17,11,54,True
ecp,065e5ca3a6e58d7e3822e5d7f5a51e04,pedestrian,1.0,10.86,A,0.0417,0.0417,2,2,48,False
ecp,065e5ca3a6e58d7e3822e5d7f5a51e04,pedestrian,1.0,10.29,A,0.7556,0.1556,34,7,45,True
ecp,065e5ca3a6e58d7e3822e5d7f5a51e04,pedestrian,1.0,10.95,A,0.4857,0.2714,34,19,70,True
ecp,065e5ca3a6e58d7e3822e5d7f5a51e04,pedestrian,1.0,6.33,A,0.55,0.4,22,16,40,True
ecp,065e5ca3a6e58d7e3822e5d7f5a51e04,car,0.941605806350708,12.49,A,0.5189,0.0868,1219,204,2349,True
ecp,065e5ca3a6e58d7e3822e5d7f5a51e04,bicycle,0.7697842121124268,13.34,A,0.6989,0.1278,246,45,352,True
ecp,658e904597ff0b7be546243e6dcaf824,pedestrian,1.0,28.73,B,0.0625,0.0938,2,3,32,False
ecp,658e904597ff0b7be546243e6dcaf824,pedestrian,1.0,10.34,A,0.7188,0.2344,46,15,64,True
ecp,658e904597ff0b7be546243e6dcaf824,pedestrian,1.0,25.57,B,0.6667,0.0952,14,2,21,True
ecp,658e904597ff0b7be546243e6dcaf824,pedestrian,1.0,24.5,B,0.875,0.0625,42,3,48,True
ecp,658e904597ff0b7be546243e6dcaf824,bicycle,0.8358974456787109,3.12,A,0.5435,0.1033,100,19,184,True
ecp,658e904597ff0b7be546243e6dcaf824,bicycle,0.8632478713989258,5.07,A,0.645,0.0683,387,41,600,True
ecp,658e904597ff0b7be546243e6dcaf824,pedestrian,1.0,10.44,A,0.2698,0.0635,17,4,63,True
ecp,658e904597ff0b7be546243e6dcaf824,pedestrian,1.0,27.47,B,0.0833,0.0417,4,2,48,False
ecp,658e904597ff0b7be546243e6dcaf824,pedestrian,1.0,14.47,A,0.5079,0.1587,32,10,63,True
ecp,658e904597ff0b7be546243e6dcaf824,pedestrian,1.0,9.75,A,0.625,0.3542,30,17,48,True
ecp,658e904597ff0b7be546243e6dcaf824,pedestrian,1.0,14.88,A,0.4444,0.2222,20,10,45,True
ecp,658e904597ff0b7be546243e6dcaf824,pedestrian,1.0,25.72,B,0.3651,0.127,23,8,63,True
ecp,658e904597ff0b7be546243e6dcaf824,pedestrian,1.0,15.7,B,0.3429,0.4,12,14,35,True
ecp,658e904597ff0b7be546243e6dcaf824,pedestrian,1.0,12.98,A,0.463,0.3704,25,20,54,True
ecp,658e904597ff0b7be546243e6dcaf824,pedestrian,1.0,7.91,A,0.5312,0.3438,34,22,64,True
ecp,658e904597ff0b7be546243e6dcaf824,pedestrian,1.0,9.83,A,0.6111,0.2222,33,12,54,True
ecp,658e904597ff0b7be546243e6dcaf824,pedestrian,1.0,13.01,A,0.4167,0.4375,20,21,48,True
ecp,658e904597ff0b7be546243e6dcaf824,pedestrian,1.0,10.36,A,0.6667,0.284,54,23,81,True
ecp,658e904597ff0b7be546243e6dcaf824,pedestrian,1.0,16.24,B,0.6607,0.2857,37,16,56,True
ecp,658e904597ff0b7be546243e6dcaf824,pedestrian,1.0,15.73,B,0.625,0.25,35,14,56,True
ecp,658e904597ff0b7be546243e6dcaf824,pedestrian,1.0,8.27,A,0.775,0.1375,62,11,80,True
ecp,658e904597ff0b7be546243e6dcaf824,pedestrian,1.0,13.3,A,0.5802,0.2716,47,22,81,True
ecp,658e904597ff0b7be546243e6dcaf824,pedestrian,1.0,15.26,B,0.3519,0.3704,19,20,54,True
ecp,658e904597ff0b7be546243e6dcaf824,pedestrian,1.0,12.9,A,0.4444,0.3968,28,25,63,True
ecp,658e904597ff0b7be546243e6dcaf824,pedestrian,1.0,15.14,B,0.2444,0.4,11,18,45,True
ecp,658e904597ff0b7be546243e6dcaf824,pedestrian,1.0,9.82,A,0.5833,0.2917,14,7,24,True
ecp,658e904597ff0b7be546243e6dcaf824,pedestrian,1.0,11.05,A,0.763,0.163,103,22,135,True
ecp,658e904597ff0b7be546243e6dcaf824,bicycle,0.8128654956817627,13.28,A,0.7941,0.1261,189,30,238,True
ecp,658e904597ff0b7be546243e6dcaf824,pedestrian,1.0,4.19,A,0.775,0.1875,62,15,80,True
ecp,658e904597ff0b7be546243e6dcaf824,pedestrian,1.0,13.19,A,0.7875,0.1625,63,13,80,True
ecp,658e904597ff0b7be546243e6dcaf824,pedestrian,1.0,6.54,A,0.8308,0.1077,54,7,65,True
ecp,658e904597ff0b7be546243e6dcaf824,pedestrian,1.0,7.1,A,0.625,0.1944,45,14,72,True
ecp,658e904597ff0b7be546243e6dcaf824,pedestrian,1.0,10.67,A,0.775,0.125,31,5,40,True
ecp,658e904597ff0b7be546243e6dcaf824,pedestrian,1.0,12.69,A,0.5208,0.2292,25,11,48,True
ecp,658e904597ff0b7be546243e6dcaf824,car,0.8552036285400391,18.0,B,0.137,0.0204,289,43,2110,True
ecp,658e904597ff0b7be546243e6dcaf824,car,0.9064327478408813,10.15,A,0.4567,0.0814,1044,186,2286,True
ecp,658e904597ff0b7be546243e6dcaf824,bicycle,0.5704697966575623,12.85,A,0.9091,0.0682,80,6,88,True
ecp,0553dd6bf29a4e335e51a98dceec44e7,pedestrian,1.0,4.41,A,0.5111,0.4222,23,19,45,True
ecp,0553dd6bf29a4e335e51a98dceec44e7,pedestrian,1.0,4.79,A,0.625,0.2812,40,18,64,True
ecp,0553dd6bf29a4e335e51a98dceec44e7,bicycle,0.941605806350708,7.06,A,0.6727,0.1351,259,52,385,True
ecp,0553dd6bf29a4e335e51a98dceec44e7,pedestrian,1.0,12.37,A,0.3929,0.25,22,14,56,True
ecp,0553dd6bf29a4e335e51a98dceec44e7,pedestrian,1.0,11.8,A,0.3125,0.1458,15,7,48,True
ecp,0553dd6bf29a4e335e51a98dceec44e7,pedestrian,1.0,26.55,B,0.4625,0.1625,37,13,80,True
ecp,0553dd6bf29a4e335e51a98dceec44e7,pedestrian,1.0,8.62,A,0.2778,0.0926,30,10,108,True
ecp,0553dd6bf29a4e335e51a98dceec44e7,pedestrian,1.0,19.47,B,0.2653,0.2041,13,10,49,True
ecp,0553dd6bf29a4e335e51a98dceec44e7,pedestrian,1.0,8.52,A,0.25,0.0556,18,4,72,True
ecp,0553dd6bf29a4e335e51a98dceec44e7,pedestrian,1.0,17.36,B,0.4792,0.1042,23,5,48,True
ecp,0553dd6bf29a4e335e51a98dceec44e7,pedestrian,1.0,23.44,B,0.3542,0.25,17,12,48,True
ecp,0553dd6bf29a4e335e51a98dceec44e7,pedestrian,1.0,20.42,B,0.3036,0.2321,17,13,56,True
ecp,0553dd6bf29a4e335e51a98dceec44e7,pedestrian,1.0,20.06,B,0.6071,0.1964,34,11,56,True
ecp,0553dd6bf29a4e335e51a98dceec44e7,pedestrian,1.0,20.23,B,0.4286,0.1429,24,8,56,True
ecp,0553dd6bf29a4e335e51a98dceec44e7,pedestrian,1.0,11.1,A,0.1556,0.0667,7,3,45,True
ecp,0553dd6bf29a4e335e51a98dceec44e7,pedestrian,1.0,11.68,A,0.25,0.1667,12,8,48,True
ecp,0553dd6bf29a4e335e51a98dceec44e7,pedestrian,1.0,6.6,A,0.3906,0.375,25,24,64,True
ecp,0553dd6bf29a4e335e51a98dceec44e7,pedestrian,1.0,10.67,A,0.0938,0.0,3,0,32,False
ecp,0553dd6bf29a4e335e51a98dceec44e7,pedestrian,1.0,7.49,A,0.4911,0.1518,55,17,112,True
ecp,0553dd6bf29a4e335e51a98dceec44e7,bicycle,0.8787879347801208,12.68,A,0.6615,0.0598,387,35,585,True
ecp,0553dd6bf29a4e335e51a98dceec44e7,bicycle,0.604938268661499,29.09,B,0.19,0.0233,57,7,300,True
ecp,0553dd6bf29a4e335e51a98dceec44e7,pedestrian,1.0,5.95,A,0.2593,0.2593,14,14,54,True
ecp,0553dd6bf29a4e335e51a98dceec44e7,pedestrian,1.0,8.48,A,0.2812,0.0781,18,5,64,True
ecp,0553dd6bf29a4e335e51a98dceec44e7,pedestrian,1.0,6.38,A,0.4167,0.0694,30,5,72,True
ecp,0553dd6bf29a4e335e51a98dceec44e7,pedestrian,1.0,9.39,A,0.5625,0.375,27,18,48,True
ecp,0553dd6bf29a4e335e51a98dceec44e7,pedestrian,1.0,7.6,A,0.2708,0.1042,13,5,48,True
ecp,0553dd6bf29a4e335e51a98dceec44e7,pedestrian,1.0,9.83,A,0.5833,0.4028,42,29,72,True
ecp,0553dd6bf29a4e335e51a98dceec44e7,pedestrian,1.0,9.79,A,0.6528,0.2222,47,16,72,True
ecp,0553dd6bf29a4e335e51a98dceec44e7,pedestrian,1.0,3.64,A,0.5286,0.0571,37,4,70,True
ecp,0553dd6bf29a4e335e51a98dceec44e7,car,0.9179486632347107,9.69,A,0.511,0.0671,1096,144,2145,True
ecp,0553dd6bf29a4e335e51a98dceec44e7,bicycle,0.921951174736023,4.71,A,0.2941,0.0297,803,81,2730,True
ecp,0553dd6bf29a4e335e51a98dceec44e7,bicycle,0.6559139490127563,5.19,A,0.631,0.2262,159,57,252,True
ecp,cd8353a657649a13b1eff2c17ce70a0a,pedestrian,1.0,21.76,B,0.6458,0.1875,31,9,48,True
ecp,cd8353a657649a13b1eff2c17ce70a0a,motorcycle,0.5816993117332458,28.5,B,0.6116,0.0223,137,5,224,True
ecp,cd8353a657649a13b1eff2c17ce70a0a,motorcycle,0.5311355590820312,23.86,B,0.4248,0.031,192,14,452,True
ecp,cd8353a657649a13b1eff2c17ce70a0a,motorcycle,0.5586206912994385,26.81,B,0.68,0.0125,272,5,400,True
ecp,cd8353a657649a13b1eff2c17ce70a0a,motorcycle,0.6717948913574219,25.83,B,0.3595,0.031,151,13,420,True
ecp,cd8353a657649a13b1eff2c17ce70a0a,pedestrian,1.0,26.66,B,0.1875,0.2083,9,10,48,True
ecp,cd8353a657649a13b1eff2c17ce70a0a,pedestrian,1.0,7.9,A,0.4219,0.2812,27,18,64,True
ecp,cd8353a657649a13b1eff2c17ce70a0a,pedestrian,1.0,31.46,C,0.2222,0.0667,10,3,45,True
ecp,cd8353a657649a13b1eff2c17ce70a0a,pedestrian,1.0,28.56,B,0.1429,0.1429,5,5,35,True
ecp,cd8353a657649a13b1eff2c17ce70a0a,pedestrian,1.0,38.28,C,0.3889,0.1444,35,13,90,True
ecp,cd8353a657649a13b1eff2c17ce70a0a,pedestrian,1.0,10.24,A,0.2222,0.0741,12,4,54,True
ecp,cd8353a657649a13b1eff2c17ce70a0a,pedestrian,1.0,12.76,A,0.4643,0.3571,26,20,56,True
ecp,cd8353a657649a13b1eff2c17ce70a0a,pedestrian,1.0,15.32,B,0.2222,0.0556,8,2,36,True
ecp,cd8353a657649a13b1eff2c17ce70a0a,pedestrian,1.0,9.09,A,0.3333,0.1667,12,6,36,True
ecp,cd8353a657649a13b1eff2c17ce70a0a,pedestrian,1.0,15.84,B,0.25,0.2083,6,5,24,True
ecp,cd8353a657649a13b1eff2c17ce70a0a,pedestrian,1.0,21.52,B,0.1714,0.1143,6,4,35,True
ecp,cd8353a657649a13b1eff2c17ce70a0a,pedestrian,1.0,18.36,B,0.225,0.45,9,18,40,True
ecp,cd8353a657649a13b1eff2c17ce70a0a,pedestrian,1.0,13.34,A,0.7917,0.125,38,6,48,True
ecp,cd8353a657649a13b1eff2c17ce70a0a,pedestrian,1.0,12.58,A,0.25,0.6562,8,21,32,True
ecp,cd8353a657649a13b1eff2c17ce70a0a,pedestrian,1.0,10.85,A,0.3393,0.1071,19,6,56,True
ecp,cd8353a657649a13b1eff2c17ce70a0a,pedestrian,1.0,12.0,A,0.5625,0.2375,45,19,80,True
ecp,cd8353a657649a13b1eff2c17ce70a0a,bicycle,0.8750000596046448,5.91,A,0.8565,0.0694,185,15,216,True
ecp,cd8353a657649a13b1eff2c17ce70a0a,bicycle,0.9298245906829834,9.34,A,0.8646,0.0799,249,23,288,True
ecp,cd8353a657649a13b1eff2c17ce70a0a,bicycle,0.7852349281311035,8.44,A,0.4429,0.0862,190,37,429,True
ecp,cd8353a657649a13b1eff2c17ce70a0a,pedestrian,1.0,5.7,A,0.6508,0.3333,41,21,63,True
ecp,cd8353a657649a13b1eff2c17ce70a0a,pedestrian,1.0,8.45,A,0.7955,0.1136,70,10,88,True
ecp,cd8353a657649a13b1eff2c17ce70a0a,pedestrian,1.0,4.58,A,0.725,0.2375,58,19,80,True
ecp,cd8353a657649a13b1eff2c17ce70a0a,pedestrian,1.0,5.8,A,0.4375,0.2188,14,7,32,True
ecp,cd8353a657649a13b1eff2c17ce70a0a,pedestrian,1.0,7.56,A,0.4722,0.0556,34,4,72,True
ecp,cd8353a657649a13b1eff2c17ce70a0a,pedestrian,1.0,5.98,A,0.8272,0.1728,67,14,81,True
ecp,cd8353a657649a13b1eff2c17ce70a0a,pedestrian,1.0,4.39,A,0.8308,0.1692,54,11,65,True
ecp,cd8353a657649a13b1eff2c17ce70a0a,pedestrian,1.0,7.16,A,0.55,0.35,22,14,40,True
ecp,cd8353a657649a13b1eff2c17ce70a0a,pedestrian,1.0,7.99,A,0.5306,0.2041,26,10,49,True
ecp,cd8353a657649a13b1eff2c17ce70a0a,pedestrian,1.0,7.42,A,0.7531,0.2346,61,19,81,True
ecp,cd8353a657649a13b1eff2c17ce70a0a,pedestrian,1.0,7.85,A,0.7778,0.2083,56,15,72,True
ecp,cd8353a657649a13b1eff2c17ce70a0a,pedestrian,1.0,7.33,A,0.6964,0.25,39,14,56,True
ecp,cd8353a657649a13b1eff2c17ce70a0a,pedestrian,1.0,12.2,A,0.35,0.1,14,4,40,True
ecp,cd8353a657649a13b1eff2c17ce70a0a,car,0.7037037014961243,9.18,A,0.5449,0.0623,1523,174,2795,True
ecp,d83e711e978231810569d531e27ee679,pedestrian,1.0,32.7,C,0.4062,0.1875,13,6,32,True
ecp,d83e711e978231810569d531e27ee679,pedestrian,1.0,3.33,A,0.5682,0.1023,50,9,88,True
ecp,d83e711e978231810569d531e27ee679,pedestrian,1.0,19.2,B,0.4062,0.375,13,12,32,True
ecp,d83e711e978231810569d531e27ee679,pedestrian,1.0,15.02,B,0.65,0.2,26,8,40,True
ecp,d83e711e978231810569d531e27ee679,pedestrian,1.0,22.37,B,0.7917,0.1667,19,4,24,True
ecp,d83e711e978231810569d531e27ee679,pedestrian,1.0,29.86,B,0.4167,0.1042,20,5,48,True
ecp,d83e711e978231810569d531e27ee679,bicycle,0.9179486632347107,4.72,A,0.3357,0.0319,568,54,1692,True
ecp,d83e711e978231810569d531e27ee679,motorcycle,0.5276752710342407,25.92,B,0.8119,0.0405,341,17,420,True
ecp,d83e711e978231810569d531e27ee679,pedestrian,1.0,13.19,A,0.8611,0.0833,31,3,36,True
ecp,d83e711e978231810569d531e27ee679,pedestrian,1.0,13.47,A,0.55,0.1125,44,9,80,True
ecp,d83e711e978231810569d531e27ee679,pedestrian,1.0,36.92,C,0.0833,0.0,2,0,24,False
ecp,d83e711e978231810569d531e27ee679,pedestrian,1.0,32.64,C,0.5625,0.1875,18,6,32,True
ecp,d83e711e978231810569d531e27ee679,pedestrian,1.0,29.88,B,0.4896,0.1042,47,10,96,True
ecp,d83e711e978231810569d531e27ee679,pedestrian,1.0,19.14,B,0.5208,0.3542,25,17,48,True
ecp,d83e711e978231810569d531e27ee679,pedestrian,1.0,19.98,B,0.6875,0.1375,55,11,80,True
ecp,d83e711e978231810569d531e27ee679,pedestrian,1.0,15.25,B,0.575,0.225,23,9,40,True
ecp,d83e711e978231810569d531e27ee679,pedestrian,1.0,19.28,B,0.5625,0.2188,36,14,64,True
ecp,d83e711e978231810569d531e27ee679,pedestrian,1.0,31.89,C,0.3556,0.1333,16,6,45,True
ecp,d83e711e978231810569d531e27ee679,pedestrian,1.0,19.69,B,0.4219,0.2812,27,18,64,True
ecp,d83e711e978231810569d531e27ee679,pedestrian,1.0,31.49,C,0.2083,0.0625,10,3,48,True
ecp,d83e711e978231810569d531e27ee679,pedestrian,1.0,32.42,C,0.2812,0.0938,9,3,32,True
ecp,d83e711e978231810569d531e27ee679,pedestrian,1.0,13.17,A,0.6719,0.25,43,16,64,True
ecp,d83e711e978231810569d531e27ee679,bicycle,0.6640419960021973,26.54,B,0.6687,0.0125,107,2,160,True
ecp,d83e711e978231810569d531e27ee679,bicycle,0.8241757750511169,8.32,A,0.5,0.095,505,96,1010,True
ecp,d83e711e978231810569d531e27ee679,bicycle,0.7697842121124268,13.7,A,0.3449,0.0314,99,9,287,True
ecp,d83e711e978231810569d531e27ee679,motorcycle,0.7928802371025085,26.35,B,0.7069,0.0493,287,20,406,True
ecp,d83e711e978231810569d531e27ee679,motorcycle,0.6717948913574219,25.13,B,0.8366,0.0523,256,16,306,True
ecp,d83e711e978231810569d531e27ee679,pedestrian,1.0,6.4,A,0.5556,0.3889,20,14,36,True
ecp,d83e711e978231810569d531e27ee679,pedestrian,1.0,6.79,A,0.3542,0.125,17,6,48,True
ecp,d83e711e978231810569d531e27ee679,pedestrian,1.0,5.94,A,0.9,0.1,72,8,80,True
ecp,d83e711e978231810569d531e27ee679,pedestrian,1.0,7.57,A,0.5833,0.25,14,6,24,True
ecp,d83e711e978231810569d531e27ee679,pedestrian,1.0,13.18,A,0.5,0.375,20,15,40,True
ecp,d83e711e978231810569d531e27ee679,pedestrian,1.0,5.98,A,0.7778,0.1905,49,12,63,True
ecp,d83e711e978231810569d531e27ee679,pedestrian,1.0,9.98,A,0.7656,0.1719,49,11,64,True
ecp,d83e711e978231810569d531e27ee679,pedestrian,1.0,6.44,A,0.7812,0.1875,50,12,64,True
ecp,d83e711e978231810569d531e27ee679,pedestrian,1.0,7.04,A,0.4583,0.4583,11,11,24,True
ecp,d83e711e978231810569d531e27ee679,pedestrian,1.0,6.69,A,0.1667,0.2083,8,10,48,True
ecp,d83e711e978231810569d531e27ee679,pedestrian,1.0,3.19,A,0.5938,0.0938,57,9,96,True
ecp,d83e711e978231810569d531e27ee679,pedestrian,1.0,6.59,A,0.8272,0.0864,67,7,81,True
ecp,d83e711e978231810569d531e27ee679,bicycle,0.8241757750511169,4.82,A,0.3641,0.0357,1467,144,4029,True
ecp,5b45223aae0b9a5765425d5b8b6057fd,pedestrian,1.0,18.34,B,0.1224,0.0816,6,4,49,True
ecp,5b45223aae0b9a5765425d5b8b6057fd,motorcycle,0.6908212304115295,23.57,B,0.7589,0.0411,425,23,560,True
ecp,5b45223aae0b9a5765425d5b8b6057fd,motorcycle,0.6444444060325623,26.7,B,0.2193,0.0044,50,1,228,True
ecp,5b45223aae0b9a5765425d5b8b6057fd,pedestrian,1.0,22.34,B,0.0,0.25,0,6,24,False
ecp,5b45223aae0b9a5765425d5b8b6057fd,pedestrian,1.0,15.09,B,0.3438,0.1875,22,12,64,True
ecp,5b45223aae0b9a5765425d5b8b6057fd,pedestrian,1.0,37.08,C,0.1905,0.1429,12,9,63,True
ecp,5b45223aae0b9a5765425d5b8b6057fd,pedestrian,1.0,15.51,B,0.5278,0.2083,38,15,72,True
ecp,5b45223aae0b9a5765425d5b8b6057fd,pedestrian,1.0,16.03,B,0.3542,0.25,17,12,48,True
ecp,5b45223aae0b9a5765425d5b8b6057fd,pedestrian,1.0,14.77,A,0.1333,0.0,8,0,60,True
ecp,5b45223aae0b9a5765425d5b8b6057fd,pedestrian,1.0,31.45,C,0.1667,0.1111,6,4,36,True
ecp,5b45223aae0b9a5765425d5b8b6057fd,pedestrian,1.0,30.32,C,0.1562,0.1875,5,6,32,True
ecp,5b45223aae0b9a5765425d5b8b6057fd,pedestrian,1.0,16.15,B,0.5,0.2344,32,15,64,True
ecp,5b45223aae0b9a5765425d5b8b6057fd,bicycle,0.6213017702102661,24.0,B,0.2083,0.0,10,0,48,True
ecp,5b45223aae0b9a5765425d5b8b6057fd,bicycle,0.5114504098892212,30.6,C,0.5612,0.0102,165,3,294,True
ecp,5b45223aae0b9a5765425d5b8b6057fd,motorcycle,0.7815700173377991,23.49,B,0.7857,0.059,253,19,322,True
ecp,5b45223aae0b9a5765425d5b8b6057fd,motorcycle,0.8324607610702515,22.49,B,0.7588,0.0789,173,18,228,True
ecp,5b45223aae0b9a5765425d5b8b6057fd,pedestrian,1.0,15.49,B,0.5312,0.1719,34,11,64,True
ecp,5b45223aae0b9a5765425d5b8b6057fd,pedestrian,1.0,24.02,B,0.05,0.0,2,0,40,False
ecp,5b45223aae0b9a5765425d5b8b6057fd,pedestrian,1.0,18.28,B,0.0208,0.1042,1,5,48,False
ecp,5b45223aae0b9a5765425d5b8b6057fd,pedestrian,1.0,16.05,B,0.4583,0.2708,22,13,48,True
ecp,5b45223aae0b9a5765425d5b8b6057fd,pedestrian,1.0,5.32,A,0.6719,0.1641,86,21,128,True
ecp,5b45223aae0b9a5765425d5b8b6057fd,pedestrian,1.0,6.18,A,0.3214,0.0179,18,1,56,True
ecp,5b45223aae0b9a5765425d5b8b6057fd,pedestrian,1.0,4.9,A,0.5536,0.3036,31,17,56,True
ecp,5b45223aae0b9a5765425d5b8b6057fd,pedestrian,1.0,10.32,A,0.4643,0.1905,39,16,84,True
ecp,5b45223aae0b9a5765425d5b8b6057fd,pedestrian,1.0,5.92,A,0.5397,0.254,34,16,63,True
ecp,5b45223aae0b9a5765425d5b8b6057fd,pedestrian,1.0,10.64,A,0.3056,0.25,22,18,72,True
ecp,5b45223aae0b9a5765425d5b8b6057fd,pedestrian,1.0,4.45,A,0.5536,0.25,31,14,56,True
ecp,5b45223aae0b9a5765425d5b8b6057fd,pedestrian,1.0,6.52,A,0.5312,0.2031,34,13,64,True
ecp,5b45223aae0b9a5765425d5b8b6057fd,pedestrian,1.0,6.55,A,0.2857,0.0714,16,4,56,True
ecp,5b45223aae0b9a5765425d5b8b6057fd,bicycle,0.8632478713989258,8.22,A,0.6045,0.0909,266,40,440,True
ecp,5b45223aae0b9a5765425d5b8b6057fd,bicycle,0.6404494643211365,12.51,A,0.4684,0.0549,333,39,711,True
ecp,5b45223aae0b9a5765425d5b8b6057fd,bicycle,0.6640419960021973,9.68,A,0.4607,0.075,129,21,280,True
ecp,57fd5261eb4cacd5b8744ed2dbe4d862,car,0.8865247964859009,21.54,B,0.5672,0.0271,439,21,774,True
ecp,57fd5261eb4cacd5b8744ed2dbe4d862,pedestrian,1.0,24.5,B,0.5238,0.0952,22,4,42,True
ecp,57fd5261eb4cacd5b8744ed2dbe4d862,pedestrian,1.0,16.54,B,0.7656,0.1562,49,10,64,True
ecp,57fd5261eb4cacd5b8744ed2dbe4d862,pedestrian,1.0,33.08,C,0.625,0.1667,30,8,48,True
ecp,57fd5261eb4cacd5b8744ed2dbe4d862,pedestrian,1.0,6.54,A,0.4643,0.2321,26,13,56,True
ecp,57fd5261eb4cacd5b8744ed2dbe4d862,pedestrian,1.0,34.33,C,0.0938,0.0938,3,3,32,False
ecp,57fd5261eb4cacd5b8744ed2dbe4d862,pedestrian,1.0,9.35,A,0.8393,0.0893,47,5,56,True
ecp,57fd5261eb4cacd5b8744ed2dbe4d862,pedestrian,1.0,30.48,C,0.1875,0.25,6,8,32,True
ecp,57fd5261eb4cacd5b8744ed2dbe4d862,pedestrian,1.0,26.68,B,0.4062,0.3438,13,11,32,True
ecp,57fd5261eb4cacd5b8744ed2dbe4d862,bicycle,0.7770034670829773,24.16,B,0.8667,0.0125,208,3,240,True
ecp,57fd5261eb4cacd5b8744ed2dbe4d862,motorcycle,0.6640419960021973,20.92,B,0.7222,0.0444,130,8,180,True
ecp,57fd5261eb4cacd5b8744ed2dbe4d862,motorcycle,0.6683937907218933,17.43,B,0.6854,0.0633,379,35,553,True
ecp,57fd5261eb4cacd5b8744ed2dbe4d862,motorcycle,0.5428571701049805,19.53,B,0.6104,0.0714,188,22,308,True
ecp,57fd5261eb4cacd5b8744ed2dbe4d862,motorcycle,0.6908212304115295,22.66,B,0.8762,0.0286,276,9,315,True
ecp,57fd5261eb4cacd5b8744ed2dbe4d862,motorcycle,0.827957034111023,16.88,B,0.8553,0.1096,195,25,228,True
ecp,57fd5261eb4cacd5b8744ed2dbe4d862,pedestrian,1.0,6.45,A,0.7576,0.1919,75,19,99,True
ecp,57fd5261eb4cacd5b8744ed2dbe4d862,pedestrian,1.0,14.72,A,0.7857,0.2143,33,9,42,True
ecp,57fd5261eb4cacd5b8744ed2dbe4d862,pedestrian,1.0,9.44,A,0.7143,0.2321,40,13,56,True
ecp,57fd5261eb4cacd5b8744ed2dbe4d862,pedestrian,1.0,29.18,B,0.7812,0.0,25,0,32,True
ecp,57fd5261eb4cacd5b8744ed2dbe4d862,pedestrian,1.0,9.43,A,0.7778,0.1667,56,12,72,True
ecp,57fd5261eb4cacd5b8744ed2dbe4d862,pedestrian,1.0,6.46,A,0.6875,0.3125,33,15,48,True
ecp,57fd5261eb4cacd5b8744ed2dbe4d862,pedestrian,1.0,14.84,A,0.6667,0.2639,48,19,72,True
ecp,57fd5261eb4cacd5b8744ed2dbe4d862,pedestrian,1.0,8.44,A,0.875,0.125,42,6,48,True
ecp,57fd5261eb4cacd5b8744ed2dbe4d862,pedestrian,1.0,15.49,B,0.4167,0.375,20,18,48,True
ecp,57fd5261eb4cacd5b8744ed2dbe4d862,pedestrian,1.0,10.62,A,0.7361,0.1528,53,11,72,True
ecp,57fd5261eb4cacd5b8744ed2dbe4d862,pedestrian,1.0,15.2,B,0.4074,0.1667,22,9,54,True
ecp,57fd5261eb4cacd5b8744ed2dbe4d862,pedestrian,1.0,8.92,A,0.7222,0.2083,52,15,72,True
ecp,57fd5261eb4cacd5b8744ed2dbe4d862,pedestrian,1.0,8.86,A,1.0,0.0,16,0,16,True
ecp,57fd5261eb4cacd5b8744ed2dbe4d862,pedestrian,1.0,18.73,B,0.0,0.0,0,0,35,False
ecp,57fd5261eb4cacd5b8744ed2dbe4d862,pedestrian,1.0,17.96,B,0.0,0.0476,0,2,42,False
ecp,57fd5261eb4cacd5b8744ed2dbe4d862,bicycle,0.7852349281311035,14.7,A,0.401,0.0295,231,17,576,True
ecp,57fd5261eb4cacd5b8744ed2dbe4d862,bicycle,0.7887788414955139,11.04,A,0.58,0.12,174,36,300,True
